motor,pwm,t_ms,count_acumulado,delta_count,vel_rad_s
D,0,0,0,0,"0.000000,"
D,0,20,0,0,"0.000000,"
D,0,40,0,0,"0.000000,"
D,0,60,0,0,"0.000000,"
D,0,80,0,0,"0.000000,"
D,0,100,0,0,"0.000000,"
D,0,120,0,0,"0.000000,"
D,0,140,0,0,"0.000000,"
D,0,160,0,0,"0.000000,"
D,0,180,0,0,"0.000000,"
D,0,200,0,0,"0.000000,"
D,0,220,0,0,"0.000000,"
D,0,240,0,0,"0.000000,"
D,0,260,0,0,"0.000000,"
D,0,280,0,0,"0.000000,"
D,0,300,0,0,"0.000000,"
D,0,320,0,0,"0.000000,"
D,0,340,0,0,"0.000000,"
D,0,360,0,0,"0.000000,"
D,0,381,0,0,"0.000000,"
D,0,405,0,0,"0.000000,"
D,0,429,0,0,"0.000000,"
D,0,453,0,0,"0.000000,"
D,0,476,0,0,"0.000000,"
D,0,501,0,0,"0.000000,"
D,0,524,0,0,"0.000000,"
D,0,548,0,0,"0.000000,"
D,0,573,0,0,"0.000000,"
D,0,596,0,0,"0.000000,"
D,5,0,0,0,"0.000000,"
D,5,20,0,0,"0.000000,"
D,5,40,0,0,"0.000000,"
D,5,60,0,0,"0.000000,"
D,5,80,0,0,"0.000000,"
D,5,100,0,0,"0.000000,"
D,5,120,0,0,"0.000000,"
D,5,140,0,0,"0.000000,"
D,5,160,0,0,"0.000000,"
D,5,180,0,0,"0.000000,"
D,5,200,0,0,"0.000000,"
D,5,220,0,0,"0.000000,"
D,5,240,0,0,"0.000000,"
D,5,260,0,0,"0.000000,"
D,5,280,0,0,"0.000000,"
D,5,300,0,0,"0.000000,"
D,5,320,0,0,"0.000000,"
D,5,340,0,0,"0.000000,"
D,5,360,0,0,"0.000000,"
D,5,381,0,0,"0.000000,"
D,5,405,0,0,"0.000000,"
D,5,429,0,0,"0.000000,"
D,5,453,0,0,"0.000000,"
D,5,477,0,0,"0.000000,"
D,5,501,0,0,"0.000000,"
D,5,525,0,0,"0.000000,"
D,5,548,0,0,"0.000000,"
D,5,573,0,0,"0.000000,"
D,5,596,0,0,"0.000000,"
D,10,0,0,0,"0.000000,"
D,10,20,0,0,"0.000000,"
D,10,40,0,0,"0.000000,"
D,10,60,0,0,"0.000000,"
D,10,80,0,0,"0.000000,"
D,10,100,0,0,"0.000000,"
D,10,120,0,0,"0.000000,"
D,10,140,0,0,"0.000000,"
D,10,160,0,0,"0.000000,"
D,10,180,0,0,"0.000000,"
D,10,200,0,0,"0.000000,"
D,10,220,0,0,"0.000000,"
D,10,240,0,0,"0.000000,"
D,10,260,0,0,"0.000000,"
D,10,280,0,0,"0.000000,"
D,10,301,0,0,"0.000000,"
D,10,325,0,0,"0.000000,"
D,10,351,0,0,"0.000000,"
D,10,376,0,0,"0.000000,"
D,10,400,0,0,"0.000000,"
D,10,426,0,0,"0.000000,"
D,10,450,0,0,"0.000000,"
D,10,475,0,0,"0.000000,"
D,10,500,0,0,"0.000000,"
D,10,525,0,0,"0.000000,"
D,10,551,0,0,"0.000000,"
D,10,575,0,0,"0.000000,"
D,15,0,0,0,"0.000000,"
D,15,20,0,0,"0.000000,"
D,15,41,0,0,"0.000000,"
D,15,60,0,0,"0.000000,"
D,15,80,0,0,"0.000000,"
D,15,100,0,0,"0.000000,"
D,15,120,0,0,"0.000000,"
D,15,140,0,0,"0.000000,"
D,15,160,0,0,"0.000000,"
D,15,180,0,0,"0.000000,"
D,15,200,0,0,"0.000000,"
D,15,220,0,0,"0.000000,"
D,15,240,0,0,"0.000000,"
D,15,260,0,0,"0.000000,"
D,15,280,0,0,"0.000000,"
D,15,300,0,0,"0.000000,"
D,15,325,0,0,"0.000000,"
D,15,350,0,0,"0.000000,"
D,15,375,0,0,"0.000000,"
D,15,400,0,0,"0.000000,"
D,15,425,0,0,"0.000000,"
D,15,450,0,0,"0.000000,"
D,15,475,0,0,"0.000000,"
D,15,499,0,0,"0.000000,"
D,15,525,0,0,"0.000000,"
D,15,549,0,0,"0.000000,"
D,15,575,0,0,"0.000000,"
D,20,0,0,0,"0.000000,"
D,20,20,0,0,"0.000000,"
D,20,40,0,0,"0.000000,"
D,20,60,0,0,"0.000000,"
D,20,80,0,0,"0.000000,"
D,20,100,0,0,"0.000000,"
D,20,120,0,0,"0.000000,"
D,20,140,0,0,"0.000000,"
D,20,160,0,0,"0.000000,"
D,20,180,0,0,"0.000000,"
D,20,200,0,0,"0.000000,"
D,20,220,0,0,"0.000000,"
D,20,240,0,0,"0.000000,"
D,20,260,0,0,"0.000000,"
D,20,280,0,0,"0.000000,"
D,20,300,0,0,"0.000000,"
D,20,325,0,0,"0.000000,"
D,20,351,0,0,"0.000000,"
D,20,375,0,0,"0.000000,"
D,20,401,0,0,"0.000000,"
D,20,425,0,0,"0.000000,"
D,20,450,0,0,"0.000000,"
D,20,476,0,0,"0.000000,"
D,20,500,0,0,"0.000000,"
D,20,525,0,0,"0.000000,"
D,20,550,0,0,"0.000000,"
D,20,575,0,0,"0.000000,"
D,25,0,0,0,"0.000000,"
D,25,20,0,0,"0.000000,"
D,25,40,0,0,"0.000000,"
D,25,60,0,0,"0.000000,"
D,25,80,0,0,"0.000000,"
D,25,100,0,0,"0.000000,"
D,25,120,0,0,"0.000000,"
D,25,140,0,0,"0.000000,"
D,25,160,0,0,"0.000000,"
D,25,180,0,0,"0.000000,"
D,25,200,0,0,"0.000000,"
D,25,220,0,0,"0.000000,"
D,25,240,0,0,"0.000000,"
D,25,260,0,0,"0.000000,"
D,25,280,0,0,"0.000000,"
D,25,301,0,0,"0.000000,"
D,25,326,0,0,"0.000000,"
D,25,351,0,0,"0.000000,"
D,25,376,0,0,"0.000000,"
D,25,401,0,0,"0.000000,"
D,25,426,0,0,"0.000000,"
D,25,451,0,0,"0.000000,"
D,25,475,0,0,"0.000000,"
D,25,501,0,0,"0.000000,"
D,25,526,0,0,"0.000000,"
D,25,551,0,0,"0.000000,"
D,25,576,0,0,"0.000000,"
D,30,0,0,0,"0.000000,"
D,30,21,0,0,"0.000000,"
D,30,40,0,0,"0.000000,"
D,30,60,0,0,"0.000000,"
D,30,80,0,0,"0.000000,"
D,30,100,0,0,"0.000000,"
D,30,120,0,0,"0.000000,"
D,30,140,0,0,"0.000000,"
D,30,160,0,0,"0.000000,"
D,30,180,0,0,"0.000000,"
D,30,200,0,0,"0.000000,"
D,30,220,0,0,"0.000000,"
D,30,240,0,0,"0.000000,"
D,30,260,0,0,"0.000000,"
D,30,280,0,0,"0.000000,"
D,30,300,0,0,"0.000000,"
D,30,326,0,0,"0.000000,"
D,30,350,0,0,"0.000000,"
D,30,376,0,0,"0.000000,"
D,30,400,0,0,"0.000000,"
D,30,425,0,0,"0.000000,"
D,30,451,0,0,"0.000000,"
D,30,475,0,0,"0.000000,"
D,30,500,0,0,"0.000000,"
D,30,525,0,0,"0.000000,"
D,30,550,0,0,"0.000000,"
D,30,576,0,0,"0.000000,"
D,35,0,0,0,"0.000000,"
D,35,20,0,0,"0.000000,"
D,35,40,0,0,"0.000000,"
D,35,60,0,0,"0.000000,"
D,35,80,0,0,"0.000000,"
D,35,100,0,0,"0.000000,"
D,35,120,0,0,"0.000000,"
D,35,140,0,0,"0.000000,"
D,35,160,0,0,"0.000000,"
D,35,180,0,0,"0.000000,"
D,35,200,0,0,"0.000000,"
D,35,220,0,0,"0.000000,"
D,35,240,0,0,"0.000000,"
D,35,260,0,0,"0.000000,"
D,35,280,0,0,"0.000000,"
D,35,300,0,0,"0.000000,"
D,35,325,0,0,"0.000000,"
D,35,350,0,0,"0.000000,"
D,35,375,0,0,"0.000000,"
D,35,400,0,0,"0.000000,"
D,35,425,0,0,"0.000000,"
D,35,449,0,0,"0.000000,"
D,35,475,0,0,"0.000000,"
D,35,500,0,0,"0.000000,"
D,35,525,0,0,"0.000000,"
D,35,550,0,0,"0.000000,"
D,35,574,0,0,"0.000000,"
D,40,0,0,0,"0.000000,"
D,40,20,0,0,"0.000000,"
D,40,40,0,0,"0.000000,"
D,40,60,0,0,"0.000000,"
D,40,80,0,0,"0.000000,"
D,40,100,0,0,"0.000000,"
D,40,120,0,0,"0.000000,"
D,40,140,0,0,"0.000000,"
D,40,160,0,0,"0.000000,"
D,40,180,0,0,"0.000000,"
D,40,200,0,0,"0.000000,"
D,40,220,0,0,"0.000000,"
D,40,240,0,0,"0.000000,"
D,40,260,0,0,"0.000000,"
D,40,280,0,0,"0.000000,"
D,40,301,0,0,"0.000000,"
D,40,325,0,0,"0.000000,"
D,40,351,0,0,"0.000000,"
D,40,375,0,0,"0.000000,"
D,40,400,0,0,"0.000000,"
D,40,426,0,0,"0.000000,"
D,40,450,0,0,"0.000000,"
D,40,475,0,0,"0.000000,"
D,40,500,0,0,"0.000000,"
D,40,525,0,0,"0.000000,"
D,40,551,0,0,"0.000000,"
D,40,575,0,0,"0.000000,"
D,45,0,0,0,"0.000000,"
D,45,20,0,0,"0.000000,"
D,45,40,0,0,"0.000000,"
D,45,60,0,0,"0.000000,"
D,45,80,0,0,"0.000000,"
D,45,100,0,0,"0.000000,"
D,45,120,0,0,"0.000000,"
D,45,140,0,0,"0.000000,"
D,45,160,0,0,"0.000000,"
D,45,180,0,0,"0.000000,"
D,45,200,0,0,"0.000000,"
D,45,220,0,0,"0.000000,"
D,45,240,0,0,"0.000000,"
D,45,260,0,0,"0.000000,"
D,45,280,0,0,"0.000000,"
D,45,302,0,0,"0.000000,"
D,45,326,0,0,"0.000000,"
D,45,351,0,0,"0.000000,"
D,45,376,0,0,"0.000000,"
D,45,401,0,0,"0.000000,"
D,45,425,0,0,"0.000000,"
D,45,451,0,0,"0.000000,"
D,45,476,0,0,"0.000000,"
D,45,501,0,0,"0.000000,"
D,45,526,0,0,"0.000000,"
D,45,550,0,0,"0.000000,"
D,45,576,0,0,"0.000000,"
D,50,0,0,0,"0.000000,"
D,50,20,0,0,"0.000000,"
D,50,40,0,0,"0.000000,"
D,50,60,0,0,"0.000000,"
D,50,80,0,0,"0.000000,"
D,50,100,0,0,"0.000000,"
D,50,120,0,0,"0.000000,"
D,50,140,0,0,"0.000000,"
D,50,160,0,0,"0.000000,"
D,50,180,0,0,"0.000000,"
D,50,200,0,0,"0.000000,"
D,50,220,0,0,"0.000000,"
D,50,240,0,0,"0.000000,"
D,50,260,0,0,"0.000000,"
D,50,280,0,0,"0.000000,"
D,50,300,0,0,"0.000000,"
D,50,326,0,0,"0.000000,"
D,50,351,0,0,"0.000000,"
D,50,375,0,0,"0.000000,"
D,50,401,0,0,"0.000000,"
D,50,425,0,0,"0.000000,"
D,50,450,0,0,"0.000000,"
D,50,475,0,0,"0.000000,"
D,50,500,0,0,"0.000000,"
D,50,526,0,0,"0.000000,"
D,50,550,0,0,"0.000000,"
D,50,575,0,0,"0.000000,"
D,55,0,0,0,"0.000000,"
D,55,20,0,0,"0.000000,"
D,55,40,0,0,"0.000000,"
D,55,60,0,0,"0.000000,"
D,55,80,0,0,"0.000000,"
D,55,100,0,0,"0.000000,"
D,55,120,0,0,"0.000000,"
D,55,140,0,0,"0.000000,"
D,55,160,0,0,"0.000000,"
D,55,180,0,0,"0.000000,"
D,55,200,0,0,"0.000000,"
D,55,220,0,0,"0.000000,"
D,55,240,0,0,"0.000000,"
D,55,260,0,0,"0.000000,"
D,55,280,0,0,"0.000000,"
D,55,301,0,0,"0.000000,"
D,55,326,0,0,"0.000000,"
D,55,351,0,0,"0.000000,"
D,55,376,0,0,"0.000000,"
D,55,401,0,0,"0.000000,"
D,55,426,0,0,"0.000000,"
D,55,451,0,0,"0.000000,"
D,55,476,0,0,"0.000000,"
D,55,501,0,0,"0.000000,"
D,55,525,0,0,"0.000000,"
D,55,551,0,0,"0.000000,"
D,55,576,0,0,"0.000000,"
D,60,0,0,0,"0.000000,"
D,60,20,0,0,"0.000000,"
D,60,40,0,0,"0.000000,"
D,60,60,0,0,"0.000000,"
D,60,80,0,0,"0.000000,"
D,60,100,0,0,"0.000000,"
D,60,120,0,0,"0.000000,"
D,60,140,0,0,"0.000000,"
D,60,160,0,0,"0.000000,"
D,60,180,0,0,"0.000000,"
D,60,200,0,0,"0.000000,"
D,60,220,0,0,"0.000000,"
D,60,240,0,0,"0.000000,"
D,60,260,0,0,"0.000000,"
D,60,280,0,0,"0.000000,"
D,60,301,0,0,"0.000000,"
D,60,326,0,0,"0.000000,"
D,60,350,0,0,"0.000000,"
D,60,376,0,0,"0.000000,"
D,60,400,0,0,"0.000000,"
D,60,425,0,0,"0.000000,"
D,60,451,0,0,"0.000000,"
D,60,475,0,0,"0.000000,"
D,60,501,0,0,"0.000000,"
D,60,525,0,0,"0.000000,"
D,60,550,0,0,"0.000000,"
D,60,575,0,0,"0.000000,"
D,65,0,0,0,"0.000000,"
D,65,20,0,0,"0.000000,"
D,65,40,0,0,"0.000000,"
D,65,60,0,0,"0.000000,"
D,65,80,0,0,"0.000000,"
D,65,100,0,0,"0.000000,"
D,65,120,0,0,"0.000000,"
D,65,140,0,0,"0.000000,"
D,65,160,0,0,"0.000000,"
D,65,180,0,0,"0.000000,"
D,65,201,0,0,"0.000000,"
D,65,220,0,0,"0.000000,"
D,65,240,0,0,"0.000000,"
D,65,260,0,0,"0.000000,"
D,65,280,0,0,"0.000000,"
D,65,300,0,0,"0.000000,"
D,65,325,0,0,"0.000000,"
D,65,350,0,0,"0.000000,"
D,65,375,0,0,"0.000000,"
D,65,400,0,0,"0.000000,"
D,65,425,0,0,"0.000000,"
D,65,450,0,0,"0.000000,"
D,65,475,0,0,"0.000000,"
D,65,500,0,0,"0.000000,"
D,65,525,0,0,"0.000000,"
D,65,550,0,0,"0.000000,"
D,65,574,0,0,"0.000000,"
D,70,0,0,0,"0.000000,"
D,70,20,0,0,"0.000000,"
D,70,40,0,0,"0.000000,"
D,70,60,0,0,"0.000000,"
D,70,81,0,0,"0.000000,"
D,70,100,0,0,"0.000000,"
D,70,120,0,0,"0.000000,"
D,70,140,0,0,"0.000000,"
D,70,160,0,0,"0.000000,"
D,70,180,0,0,"0.000000,"
D,70,200,0,0,"0.000000,"
D,70,220,0,0,"0.000000,"
D,70,240,0,0,"0.000000,"
D,70,260,0,0,"0.000000,"
D,70,280,0,0,"0.000000,"
D,70,301,0,0,"0.000000,"
D,70,325,0,0,"0.000000,"
D,70,351,0,0,"0.000000,"
D,70,375,0,0,"0.000000,"
D,70,400,0,0,"0.000000,"
D,70,426,0,0,"0.000000,"
D,70,450,0,0,"0.000000,"
D,70,476,0,0,"0.000000,"
D,70,500,0,0,"0.000000,"
D,70,525,0,0,"0.000000,"
D,70,551,0,0,"0.000000,"
D,70,575,0,0,"0.000000,"
D,75,0,0,0,"0.000000,"
D,75,20,0,0,"0.000000,"
D,75,40,0,0,"0.000000,"
D,75,60,0,0,"0.000000,"
D,75,80,0,0,"0.000000,"
D,75,100,0,0,"0.000000,"
D,75,120,0,0,"0.000000,"
D,75,140,0,0,"0.000000,"
D,75,160,0,0,"0.000000,"
D,75,180,0,0,"0.000000,"
D,75,200,0,0,"0.000000,"
D,75,220,0,0,"0.000000,"
D,75,240,0,0,"0.000000,"
D,75,260,0,0,"0.000000,"
D,75,280,0,0,"0.000000,"
D,75,301,0,0,"0.000000,"
D,75,326,0,0,"0.000000,"
D,75,351,0,0,"0.000000,"
D,75,376,0,0,"0.000000,"
D,75,401,0,0,"0.000000,"
D,75,426,0,0,"0.000000,"
D,75,451,0,0,"0.000000,"
D,75,476,0,0,"0.000000,"
D,75,501,0,0,"0.000000,"
D,75,526,0,0,"0.000000,"
D,75,550,0,0,"0.000000,"
D,75,576,0,0,"0.000000,"
D,80,0,0,0,"0.000000,"
D,80,20,0,0,"0.000000,"
D,80,40,0,0,"0.000000,"
D,80,60,0,0,"0.000000,"
D,80,80,0,0,"0.000000,"
D,80,100,0,0,"0.000000,"
D,80,120,0,0,"0.000000,"
D,80,140,0,0,"0.000000,"
D,80,160,0,0,"0.000000,"
D,80,180,0,0,"0.000000,"
D,80,200,0,0,"0.000000,"
D,80,220,0,0,"0.000000,"
D,80,240,0,0,"0.000000,"
D,80,260,0,0,"0.000000,"
D,80,280,0,0,"0.000000,"
D,80,300,0,0,"0.000000,"
D,80,326,0,0,"0.000000,"
D,80,350,0,0,"0.000000,"
D,80,376,0,0,"0.000000,"
D,80,401,0,0,"0.000000,"
D,80,425,0,0,"0.000000,"
D,80,451,0,0,"0.000000,"
D,80,475,0,0,"0.000000,"
D,80,500,0,0,"0.000000,"
D,80,526,0,0,"0.000000,"
D,80,550,0,0,"0.000000,"
D,80,576,0,0,"0.000000,"
D,85,0,0,0,"0.000000,"
D,85,20,0,0,"0.000000,"
D,85,40,0,0,"0.000000,"
D,85,60,0,0,"0.000000,"
D,85,80,0,0,"0.000000,"
D,85,100,0,0,"0.000000,"
D,85,120,0,0,"0.000000,"
D,85,140,0,0,"0.000000,"
D,85,160,0,0,"0.000000,"
D,85,180,0,0,"0.000000,"
D,85,200,0,0,"0.000000,"
D,85,220,0,0,"0.000000,"
D,85,240,0,0,"0.000000,"
D,85,260,0,0,"0.000000,"
D,85,280,0,0,"0.000000,"
D,85,301,0,0,"0.000000,"
D,85,326,0,0,"0.000000,"
D,85,351,0,0,"0.000000,"
D,85,376,0,0,"0.000000,"
D,85,401,0,0,"0.000000,"
D,85,426,0,0,"0.000000,"
D,85,451,0,0,"0.000000,"
D,85,476,0,0,"0.000000,"
D,85,501,0,0,"0.000000,"
D,85,525,0,0,"0.000000,"
D,85,551,0,0,"0.000000,"
D,85,576,0,0,"0.000000,"
D,90,0,0,0,"0.000000,"
D,90,20,0,0,"0.000000,"
D,90,40,0,0,"0.000000,"
D,90,60,0,0,"0.000000,"
D,90,80,0,0,"0.000000,"
D,90,100,0,0,"0.000000,"
D,90,120,0,0,"0.000000,"
D,90,140,0,0,"0.000000,"
D,90,160,0,0,"0.000000,"
D,90,180,0,0,"0.000000,"
D,90,200,0,0,"0.000000,"
D,90,220,0,0,"0.000000,"
D,90,240,0,0,"0.000000,"
D,90,260,0,0,"0.000000,"
D,90,280,0,0,"0.000000,"
D,90,301,0,0,"0.000000,"
D,90,326,0,0,"0.000000,"
D,90,350,0,0,"0.000000,"
D,90,376,0,0,"0.000000,"
D,90,400,0,0,"0.000000,"
D,90,426,0,0,"0.000000,"
D,90,450,0,0,"0.000000,"
D,90,475,0,0,"0.000000,"
D,90,501,0,0,"0.000000,"
D,90,525,0,0,"0.000000,"
D,90,550,0,0,"0.000000,"
D,90,575,0,0,"0.000000,"
D,95,0,0,0,"0.000000,"
D,95,20,0,0,"0.000000,"
D,95,40,0,0,"0.000000,"
D,95,60,0,0,"0.000000,"
D,95,80,0,0,"0.000000,"
D,95,100,0,0,"0.000000,"
D,95,120,0,0,"0.000000,"
D,95,140,0,0,"0.000000,"
D,95,161,0,0,"0.000000,"
D,95,180,0,0,"0.000000,"
D,95,200,0,0,"0.000000,"
D,95,220,0,0,"0.000000,"
D,95,240,0,0,"0.000000,"
D,95,260,0,0,"0.000000,"
D,95,280,0,0,"0.000000,"
D,95,300,0,0,"0.000000,"
D,95,325,0,0,"0.000000,"
D,95,350,0,0,"0.000000,"
D,95,376,0,0,"0.000000,"
D,95,400,0,0,"0.000000,"
D,95,425,0,0,"0.000000,"
D,95,450,0,0,"0.000000,"
D,95,475,0,0,"0.000000,"
D,95,499,0,0,"0.000000,"
D,95,525,0,0,"0.000000,"
D,95,550,0,0,"0.000000,"
D,95,575,0,0,"0.000000,"
D,100,0,0,0,"0.000000,"
D,100,20,0,0,"0.000000,"
D,100,40,0,0,"0.000000,"
D,100,60,0,0,"0.000000,"
D,100,80,0,0,"0.000000,"
D,100,100,0,0,"0.000000,"
D,100,120,0,0,"0.000000,"
D,100,140,0,0,"0.000000,"
D,100,160,0,0,"0.000000,"
D,100,180,0,0,"0.000000,"
D,100,200,0,0,"0.000000,"
D,100,220,0,0,"0.000000,"
D,100,240,0,0,"0.000000,"
D,100,264,0,0,"0.000000,"
D,100,289,0,0,"0.000000,"
D,100,315,0,0,"0.000000,"
D,100,342,0,0,"0.000000,"
D,100,367,0,0,"0.000000,"
D,100,394,0,0,"0.000000,"
D,100,419,0,0,"0.000000,"
D,100,445,0,0,"0.000000,"
D,100,472,0,0,"0.000000,"
D,100,497,0,0,"0.000000,"
D,100,523,0,0,"0.000000,"
D,100,549,0,0,"0.000000,"
D,100,575,0,0,"0.000000,"
D,105,0,0,0,"0.000000,"
D,105,20,0,0,"0.000000,"
D,105,40,0,0,"0.000000,"
D,105,60,0,0,"0.000000,"
D,105,80,0,0,"0.000000,"
D,105,100,0,0,"0.000000,"
D,105,120,0,0,"0.000000,"
D,105,140,0,0,"0.000000,"
D,105,160,0,0,"0.000000,"
D,105,180,0,0,"0.000000,"
D,105,200,0,0,"0.000000,"
D,105,220,0,0,"0.000000,"
D,105,240,0,0,"0.000000,"
D,105,265,0,0,"0.000000,"
D,105,291,0,0,"0.000000,"
D,105,317,0,0,"0.000000,"
D,105,342,0,0,"0.000000,"
D,105,369,0,0,"0.000000,"
D,105,395,0,0,"0.000000,"
D,105,421,0,0,"0.000000,"
D,105,447,0,0,"0.000000,"
D,105,472,0,0,"0.000000,"
D,105,499,0,0,"0.000000,"
D,105,525,0,0,"0.000000,"
D,105,551,0,0,"0.000000,"
D,105,577,0,0,"0.000000,"
D,110,0,0,0,"0.000000,"
D,110,20,0,0,"0.000000,"
D,110,40,0,0,"0.000000,"
D,110,60,0,0,"0.000000,"
D,110,80,0,0,"0.000000,"
D,110,100,0,0,"0.000000,"
D,110,120,0,0,"0.000000,"
D,110,140,0,0,"0.000000,"
D,110,160,0,0,"0.000000,"
D,110,180,0,0,"0.000000,"
D,110,200,0,0,"0.000000,"
D,110,220,0,0,"0.000000,"
D,110,240,0,0,"0.000000,"
D,110,265,0,0,"0.000000,"
D,110,290,0,0,"0.000000,"
D,110,317,0,0,"0.000000,"
D,110,342,0,0,"0.000000,"
D,110,369,0,0,"0.000000,"
D,110,395,0,0,"0.000000,"
D,110,420,0,0,"0.000000,"
D,110,447,0,0,"0.000000,"
D,110,472,0,0,"0.000000,"
D,110,499,0,0,"0.000000,"
D,110,525,0,0,"0.000000,"
D,110,550,0,0,"0.000000,"
D,110,577,0,0,"0.000000,"
D,115,0,0,0,"0.000000,"
D,115,20,0,0,"0.000000,"
D,115,40,0,0,"0.000000,"
D,115,60,0,0,"0.000000,"
D,115,80,0,0,"0.000000,"
D,115,100,0,0,"0.000000,"
D,115,120,0,0,"0.000000,"
D,115,140,0,0,"0.000000,"
D,115,160,0,0,"0.000000,"
D,115,180,0,0,"0.000000,"
D,115,200,0,0,"0.000000,"
D,115,220,0,0,"0.000000,"
D,115,240,0,0,"0.000000,"
D,115,264,0,0,"0.000000,"
D,115,290,0,0,"0.000000,"
D,115,316,0,0,"0.000000,"
D,115,342,0,0,"0.000000,"
D,115,368,0,0,"0.000000,"
D,115,394,0,0,"0.000000,"
D,115,420,0,0,"0.000000,"
D,115,446,0,0,"0.000000,"
D,115,472,0,0,"0.000000,"
D,115,498,0,0,"0.000000,"
D,115,524,0,0,"0.000000,"
D,115,550,0,0,"0.000000,"
D,115,576,0,0,"0.000000,"
D,120,0,0,0,"0.000000,"
D,120,20,0,0,"0.000000,"
D,120,40,0,0,"0.000000,"
D,120,60,0,0,"0.000000,"
D,120,80,0,0,"0.000000,"
D,120,100,0,0,"0.000000,"
D,120,120,0,0,"0.000000,"
D,120,140,0,0,"0.000000,"
D,120,160,0,0,"0.000000,"
D,120,180,0,0,"0.000000,"
D,120,200,0,0,"0.000000,"
D,120,220,0,0,"0.000000,"
D,120,240,0,0,"0.000000,"
D,120,264,0,0,"0.000000,"
D,120,291,0,0,"0.000000,"
D,120,316,0,0,"0.000000,"
D,120,343,0,0,"0.000000,"
D,120,369,0,0,"0.000000,"
D,120,394,0,0,"0.000000,"
D,120,421,0,0,"0.000000,"
D,120,447,0,0,"0.000000,"
D,120,473,0,0,"0.000000,"
D,120,499,0,0,"0.000000,"
D,120,524,0,0,"0.000000,"
D,120,551,0,0,"0.000000,"
D,120,577,0,0,"0.000000,"
D,125,0,0,0,"0.000000,"
D,125,20,0,0,"0.000000,"
D,125,40,0,0,"0.000000,"
D,125,60,0,0,"0.000000,"
D,125,80,0,0,"0.000000,"
D,125,100,0,0,"0.000000,"
D,125,120,0,0,"0.000000,"
D,125,140,0,0,"0.000000,"
D,125,160,0,0,"0.000000,"
D,125,180,0,0,"0.000000,"
D,125,200,0,0,"0.000000,"
D,125,220,0,0,"0.000000,"
D,125,240,0,0,"0.000000,"
D,125,264,0,0,"0.000000,"
D,125,291,0,0,"0.000000,"
D,125,316,0,0,"0.000000,"
D,125,342,0,0,"0.000000,"
D,125,369,0,0,"0.000000,"
D,125,394,0,0,"0.000000,"
D,125,421,0,0,"0.000000,"
D,125,446,0,0,"0.000000,"
D,125,472,0,0,"0.000000,"
D,125,499,0,0,"0.000000,"
D,125,524,0,0,"0.000000,"
D,125,550,0,0,"0.000000,"
D,125,576,0,0,"0.000000,"
D,130,0,0,0,"0.000000,"
D,130,20,0,0,"0.000000,"
D,130,40,0,0,"0.000000,"
D,130,60,0,0,"0.000000,"
D,130,80,0,0,"0.000000,"
D,130,100,0,0,"0.000000,"
D,130,120,0,0,"0.000000,"
D,130,140,0,0,"0.000000,"
D,130,160,0,0,"0.000000,"
D,130,180,0,0,"0.000000,"
D,130,201,0,0,"0.000000,"
D,130,220,0,0,"0.000000,"
D,130,240,0,0,"0.000000,"
D,130,264,0,0,"0.000000,"
D,130,290,0,0,"0.000000,"
D,130,316,0,0,"0.000000,"
D,130,342,0,0,"0.000000,"
D,130,367,0,0,"0.000000,"
D,130,394,0,0,"0.000000,"
D,130,420,0,0,"0.000000,"
D,130,446,0,0,"0.000000,"
D,130,472,0,0,"0.000000,"
D,130,497,0,0,"0.000000,"
D,130,524,0,0,"0.000000,"
D,130,550,0,0,"0.000000,"
D,130,576,0,0,"0.000000,"
D,135,0,0,0,"0.000000,"
D,135,20,0,0,"0.000000,"
D,135,40,0,0,"0.000000,"
D,135,60,0,0,"0.000000,"
D,135,80,0,0,"0.000000,"
D,135,100,0,0,"0.000000,"
D,135,121,0,0,"0.000000,"
D,135,140,0,0,"0.000000,"
D,135,160,0,0,"0.000000,"
D,135,180,0,0,"0.000000,"
D,135,200,0,0,"0.000000,"
D,135,220,0,0,"0.000000,"
D,135,240,0,0,"0.000000,"
D,135,264,0,0,"0.000000,"
D,135,289,0,0,"0.000000,"
D,135,315,0,0,"0.000000,"
D,135,342,0,0,"0.000000,"
D,135,367,0,0,"0.000000,"
D,135,394,0,0,"0.000000,"
D,135,420,0,0,"0.000000,"
D,135,445,0,0,"0.000000,"
D,135,472,0,0,"0.000000,"
D,135,497,0,0,"0.000000,"
D,135,523,0,0,"0.000000,"
D,135,550,0,0,"0.000000,"
D,135,575,0,0,"0.000000,"
D,140,0,0,0,"0.000000,"
D,140,20,0,0,"0.000000,"
D,140,41,0,0,"0.000000,"
D,140,60,0,0,"0.000000,"
D,140,80,0,0,"0.000000,"
D,140,100,0,0,"0.000000,"
D,140,120,0,0,"0.000000,"
D,140,140,0,0,"0.000000,"
D,140,160,0,0,"0.000000,"
D,140,180,0,0,"0.000000,"
D,140,200,0,0,"0.000000,"
D,140,220,0,0,"0.000000,"
D,140,240,0,0,"0.000000,"
D,140,264,0,0,"0.000000,"
D,140,290,0,0,"0.000000,"
D,140,316,0,0,"0.000000,"
D,140,342,0,0,"0.000000,"
D,140,368,0,0,"0.000000,"
D,140,394,0,0,"0.000000,"
D,140,420,0,0,"0.000000,"
D,140,446,0,0,"0.000000,"
D,140,472,0,0,"0.000000,"
D,140,498,0,0,"0.000000,"
D,140,524,0,0,"0.000000,"
D,140,550,0,0,"0.000000,"
D,140,576,0,0,"0.000000,"
D,145,0,0,0,"0.000000,"
D,145,20,0,0,"0.000000,"
D,145,40,0,0,"0.000000,"
D,145,60,0,0,"0.000000,"
D,145,80,0,0,"0.000000,"
D,145,100,0,0,"0.000000,"
D,145,120,0,0,"0.000000,"
D,145,140,0,0,"0.000000,"
D,145,160,0,0,"0.000000,"
D,145,180,0,0,"0.000000,"
D,145,200,0,0,"0.000000,"
D,145,220,0,0,"0.000000,"
D,145,240,0,0,"0.000000,"
D,145,265,0,0,"0.000000,"
D,145,290,0,0,"0.000000,"
D,145,317,0,0,"0.000000,"
D,145,342,0,0,"0.000000,"
D,145,369,0,0,"0.000000,"
D,145,395,0,0,"0.000000,"
D,145,420,0,0,"0.000000,"
D,145,447,0,0,"0.000000,"
D,145,472,0,0,"0.000000,"
D,145,499,0,0,"0.000000,"
D,145,525,0,0,"0.000000,"
D,145,550,0,0,"0.000000,"
D,145,577,0,0,"0.000000,"
D,150,0,0,0,"0.000000,"
D,150,20,0,0,"0.000000,"
D,150,40,0,0,"0.000000,"
D,150,60,0,0,"0.000000,"
D,150,80,0,0,"0.000000,"
D,150,100,0,0,"0.000000,"
D,150,120,0,0,"0.000000,"
D,150,140,0,0,"0.000000,"
D,150,160,0,0,"0.000000,"
D,150,180,0,0,"0.000000,"
D,150,200,0,0,"0.000000,"
D,150,220,0,0,"0.000000,"
D,150,240,0,0,"0.000000,"
D,150,264,0,0,"0.000000,"
D,150,290,0,0,"0.000000,"
D,150,317,0,0,"0.000000,"
D,150,342,0,0,"0.000000,"
D,150,368,0,0,"0.000000,"
D,150,395,0,0,"0.000000,"
D,150,420,0,0,"0.000000,"
D,150,446,0,0,"0.000000,"
D,150,472,0,0,"0.000000,"
D,150,498,0,0,"0.000000,"
D,150,525,0,0,"0.000000,"
D,150,550,0,0,"0.000000,"
D,150,576,0,0,"0.000000,"
D,155,0,0,0,"0.000000,"
D,155,20,0,0,"0.000000,"
D,155,40,0,0,"0.000000,"
D,155,60,0,0,"0.000000,"
D,155,80,0,0,"0.000000,"
D,155,101,0,0,"0.000000,"
D,155,120,0,0,"0.000000,"
D,155,140,0,0,"0.000000,"
D,155,160,0,0,"0.000000,"
D,155,180,0,0,"0.000000,"
D,155,200,0,0,"0.000000,"
D,155,220,0,0,"0.000000,"
D,155,240,0,0,"0.000000,"
D,155,264,0,0,"0.000000,"
D,155,291,0,0,"0.000000,"
D,155,317,0,0,"0.000000,"
D,155,343,0,0,"0.000000,"
D,155,369,0,0,"0.000000,"
D,155,394,0,0,"0.000000,"
D,155,421,0,0,"0.000000,"
D,155,447,0,0,"0.000000,"
D,155,473,0,0,"0.000000,"
D,155,499,0,0,"0.000000,"
D,155,524,0,0,"0.000000,"
D,155,551,0,0,"0.000000,"
D,155,577,0,0,"0.000000,"
D,160,0,0,0,"0.000000,"
D,160,21,0,0,"0.000000,"
D,160,40,0,0,"0.000000,"
D,160,60,0,0,"0.000000,"
D,160,80,0,0,"0.000000,"
D,160,100,0,0,"0.000000,"
D,160,120,0,0,"0.000000,"
D,160,140,0,0,"0.000000,"
D,160,160,0,0,"0.000000,"
D,160,180,0,0,"0.000000,"
D,160,200,0,0,"0.000000,"
D,160,220,0,0,"0.000000,"
D,160,240,0,0,"0.000000,"
D,160,264,0,0,"0.000000,"
D,160,291,0,0,"0.000000,"
D,160,316,0,0,"0.000000,"
D,160,342,0,0,"0.000000,"
D,160,369,0,0,"0.000000,"
D,160,394,0,0,"0.000000,"
D,160,421,0,0,"0.000000,"
D,160,447,0,0,"0.000000,"
D,160,472,0,0,"0.000000,"
D,160,499,0,0,"0.000000,"
D,160,524,0,0,"0.000000,"
D,160,551,0,0,"0.000000,"
D,160,577,0,0,"0.000000,"
D,165,0,0,0,"0.000000,"
D,165,20,0,0,"0.000000,"
D,165,40,0,0,"0.000000,"
D,165,60,0,0,"0.000000,"
D,165,80,0,0,"0.000000,"
D,165,100,0,0,"0.000000,"
D,165,120,0,0,"0.000000,"
D,165,140,0,0,"0.000000,"
D,165,160,0,0,"0.000000,"
D,165,180,0,0,"0.000000,"
D,165,200,0,0,"0.000000,"
D,165,220,0,0,"0.000000,"
D,165,240,0,0,"0.000000,"
D,165,264,0,0,"0.000000,"
D,165,290,0,0,"0.000000,"
D,165,316,0,0,"0.000000,"
D,165,342,0,0,"0.000000,"
D,165,368,0,0,"0.000000,"
D,165,394,0,0,"0.000000,"
D,165,420,0,0,"0.000000,"
D,165,446,0,0,"0.000000,"
D,165,472,0,0,"0.000000,"
D,165,498,0,0,"0.000000,"
D,165,524,0,0,"0.000000,"
D,165,550,0,0,"0.000000,"
D,165,576,0,0,"0.000000,"
D,170,0,0,0,"0.000000,"
D,170,20,0,0,"0.000000,"
D,170,40,0,0,"0.000000,"
D,170,60,0,0,"0.000000,"
D,170,80,0,0,"0.000000,"
D,170,100,0,0,"0.000000,"
D,170,120,0,0,"0.000000,"
D,170,140,0,0,"0.000000,"
D,170,160,0,0,"0.000000,"
D,170,180,0,0,"0.000000,"
D,170,201,0,0,"0.000000,"
D,170,220,0,0,"0.000000,"
D,170,240,0,0,"0.000000,"
D,170,264,0,0,"0.000000,"
D,170,290,0,0,"0.000000,"
D,170,315,0,0,"0.000000,"
D,170,342,0,0,"0.000000,"
D,170,367,0,0,"0.000000,"
D,170,394,0,0,"0.000000,"
D,170,420,0,0,"0.000000,"
D,170,445,0,0,"0.000000,"
D,170,472,0,0,"0.000000,"
D,170,497,0,0,"0.000000,"
D,170,524,0,0,"0.000000,"
D,170,550,0,0,"0.000000,"
D,170,575,0,0,"0.000000,"
D,175,0,0,0,"0.000000,"
D,175,20,0,0,"0.000000,"
D,175,40,0,0,"0.000000,"
D,175,60,0,0,"0.000000,"
D,175,80,0,0,"0.000000,"
D,175,100,0,0,"0.000000,"
D,175,120,0,0,"0.000000,"
D,175,140,0,0,"0.000000,"
D,175,160,0,0,"0.000000,"
D,175,180,0,0,"0.000000,"
D,175,200,0,0,"0.000000,"
D,175,220,0,0,"0.000000,"
D,175,240,0,0,"0.000000,"
D,175,264,0,0,"0.000000,"
D,175,290,0,0,"0.000000,"
D,175,316,0,0,"0.000000,"
D,175,343,0,0,"0.000000,"
D,175,368,0,0,"0.000000,"
D,175,394,0,0,"0.000000,"
D,175,421,0,0,"0.000000,"
D,175,446,0,0,"0.000000,"
D,175,472,0,0,"0.000000,"
D,175,498,0,0,"0.000000,"
D,175,524,0,0,"0.000000,"
D,175,551,0,0,"0.000000,"
D,175,576,0,0,"0.000000,"
D,180,0,0,0,"0.000000,"
D,180,20,4,4,"0.290888,"
D,180,40,28,24,"1.745329,"
D,180,60,61,33,"2.399828,"
D,180,80,102,41,"2.981604,"
D,180,100,146,44,"3.199770,"
D,180,120,196,50,"3.636103,"
D,180,140,245,49,"3.563381,"
D,180,160,298,53,"3.854269,"
D,180,180,352,54,"3.926991,"
D,180,208,430,78,"5.672320,"
D,180,238,505,75,"5.454154,"
D,180,267,576,71,"5.163266,"
D,180,296,644,68,"4.945100,"
D,180,325,712,68,"4.945100,"
D,180,354,781,69,"5.017822,"
D,180,384,849,68,"4.945100,"
D,180,412,918,69,"5.017822,"
D,180,442,988,70,"5.090544,"
D,180,471,1056,68,"4.945100,"
D,180,501,1127,71,"5.163266,"
D,180,531,1198,71,"5.163266,"
D,180,562,1269,71,"5.163266,"
D,180,591,1340,71,"5.163266,"
D,185,0,0,0,"0.000000,"
D,185,20,2,2,"0.145444,"
D,185,40,5,3,"0.218166,"
D,185,60,10,5,"0.363610,"
D,185,80,22,12,"0.872665,"
D,185,100,48,26,"1.890773,"
D,185,120,79,31,"2.254384,"
D,185,140,116,37,"2.690716,"
D,185,160,154,38,"2.763438,"
D,185,180,198,44,"3.199770,"
D,185,203,248,50,"3.636103,"
D,185,232,315,67,"4.872378,"
D,185,261,381,66,"4.799656,"
D,185,291,449,68,"4.945100,"
D,185,319,518,69,"5.017822,"
D,185,348,587,69,"5.017822,"
D,185,378,655,68,"4.945100,"
D,185,406,724,69,"5.017822,"
D,185,436,793,69,"5.017822,"
D,185,465,861,68,"4.945100,"
D,185,494,930,69,"5.017822,"
D,185,523,998,68,"4.945100,"
D,185,552,1066,68,"4.945100,"
D,185,583,1138,72,"5.235988,"
D,190,0,0,0,"0.000000,"
D,190,20,0,0,"0.000000,"
D,190,40,0,0,"0.000000,"
D,190,60,0,0,"0.000000,"
D,190,80,0,0,"0.000000,"
D,190,100,0,0,"0.000000,"
D,190,120,0,0,"0.000000,"
D,190,140,0,0,"0.000000,"
D,190,160,0,0,"0.000000,"
D,190,180,0,0,"0.000000,"
D,190,200,0,0,"0.000000,"
D,190,220,0,0,"0.000000,"
D,190,240,0,0,"0.000000,"
D,190,264,0,0,"0.000000,"
D,190,290,0,0,"0.000000,"
D,190,316,0,0,"0.000000,"
D,190,342,0,0,"0.000000,"
D,190,369,0,0,"0.000000,"
D,190,394,0,0,"0.000000,"
D,190,420,0,0,"0.000000,"
D,190,446,0,0,"0.000000,"
D,190,472,0,0,"0.000000,"
D,190,499,0,0,"0.000000,"
D,190,524,0,0,"0.000000,"
D,190,550,0,0,"0.000000,"
D,190,577,1,1,"0.072722,"
D,195,0,0,0,"0.000000,"
D,195,20,0,0,"0.000000,"
D,195,40,0,0,"0.000000,"
D,195,60,0,0,"0.000000,"
D,195,80,0,0,"0.000000,"
D,195,100,0,0,"0.000000,"
D,195,120,2,2,"0.145444,"
D,195,140,11,9,"0.654499,"
D,195,160,34,23,"1.672607,"
D,195,180,67,33,"2.399828,"
D,195,200,106,39,"2.836160,"
D,195,220,152,46,"3.345215,"
D,195,249,219,67,"4.872378,"
D,195,278,287,68,"4.945100,"
D,195,307,355,68,"4.945100,"
D,195,337,424,69,"5.017822,"
D,195,365,492,68,"4.945100,"
D,195,395,561,69,"5.017822,"
D,195,424,629,68,"4.945100,"
D,195,454,697,68,"4.945100,"
D,195,482,766,69,"5.017822,"
D,195,511,835,69,"5.017822,"
D,195,541,905,70,"5.090544,"
D,195,569,974,69,"5.017822,"
D,195,599,1044,70,"5.090544,"
D,200,0,0,0,"0.000000,"
D,200,20,15,15,"1.090831,"
D,200,40,42,27,"1.963496,"
D,200,60,76,34,"2.472550,"
D,200,80,117,41,"2.981604,"
D,200,100,160,43,"3.127048,"
D,200,120,208,48,"3.490659,"
D,200,140,256,48,"3.490659,"
D,200,160,308,52,"3.781547,"
D,200,183,365,57,"4.145157,"
D,200,211,439,74,"5.381433,"
D,200,240,514,75,"5.454154,"
D,200,270,590,76,"5.526876,"
D,200,298,666,76,"5.526876,"
D,200,328,741,75,"5.454154,"
D,200,357,818,77,"5.599598,"
D,200,386,894,76,"5.526876,"
D,200,415,970,76,"5.526876,"
D,200,445,1046,76,"5.526876,"
D,200,474,1123,77,"5.599598,"
D,200,504,1201,78,"5.672320,"
D,200,535,1280,79,"5.745043,"
D,200,565,1361,81,"5.890487,"
D,200,595,1442,81,"5.890487,"
D,205,0,0,0,"0.000000,"
D,205,20,0,0,"0.000000,"
D,205,40,1,1,"0.072722,"
D,205,60,7,6,"0.436332,"
D,205,80,28,21,"1.527163,"
D,205,100,60,32,"2.327106,"
D,205,120,98,38,"2.763438,"
D,205,140,142,44,"3.199770,"
D,205,160,187,45,"3.272492,"
D,205,180,235,48,"3.490659,"
D,205,202,289,54,"3.926991,"
D,205,230,361,72,"5.235988,"
D,205,260,435,74,"5.381433,"
D,205,289,508,73,"5.308710,"
D,205,318,581,73,"5.308710,"
D,205,347,654,73,"5.308710,"
D,205,377,727,73,"5.308710,"
D,205,405,801,74,"5.381433,"
D,205,434,875,74,"5.381433,"
D,205,464,949,74,"5.381433,"
D,205,492,1023,74,"5.381433,"
D,205,523,1099,76,"5.526876,"
D,205,553,1175,76,"5.526876,"
D,205,583,1252,77,"5.599598,"
D,210,0,0,0,"0.000000,"
D,210,20,6,6,"0.436332,"
D,210,40,30,24,"1.745329,"
D,210,60,66,36,"2.617994,"
D,210,80,106,40,"2.908882,"
D,210,100,154,48,"3.490659,"
D,210,120,202,48,"3.490659,"
D,210,140,255,53,"3.854269,"
D,210,160,306,51,"3.708825,"
D,210,180,360,54,"3.926991,"
D,210,209,437,77,"5.599598,"
D,210,237,514,77,"5.599598,"
D,210,267,592,78,"5.672320,"
D,210,296,668,76,"5.526876,"
D,210,326,746,78,"5.672320,"
D,210,354,823,77,"5.599598,"
D,210,384,900,77,"5.599598,"
D,210,413,980,80,"5.817764,"
D,210,441,1058,78,"5.672320,"
D,210,472,1138,80,"5.817764,"
D,210,502,1218,80,"5.817764,"
D,210,532,1297,79,"5.745043,"
D,210,562,1377,80,"5.817764,"
D,210,593,1456,79,"5.745043,"
D,215,0,0,0,"0.000000,"
D,215,20,12,12,"0.872665,"
D,215,40,38,26,"1.890773,"
D,215,60,72,34,"2.472550,"
D,215,80,116,44,"3.199770,"
D,215,100,163,47,"3.417937,"
D,215,120,214,51,"3.708825,"
D,215,140,264,50,"3.636103,"
D,215,160,320,56,"4.072435,"
D,215,183,382,62,"4.508768,"
D,215,211,462,80,"5.817764,"
D,215,240,541,79,"5.745043,"
D,215,270,619,78,"5.672320,"
D,215,298,696,77,"5.599598,"
D,215,328,774,78,"5.672320,"
D,215,357,850,76,"5.526876,"
D,215,386,926,76,"5.526876,"
D,215,415,1002,76,"5.526876,"
D,215,446,1082,80,"5.817764,"
D,215,475,1160,78,"5.672320,"
D,215,505,1240,80,"5.817764,"
D,215,536,1318,78,"5.672320,"
D,215,566,1397,79,"5.745043,"
D,215,596,1476,79,"5.745043,"
D,220,0,0,0,"0.000000,"
D,220,20,8,8,"0.581776,"
D,220,40,40,32,"2.327106,"
D,220,60,83,43,"3.127048,"
D,220,80,130,47,"3.417937,"
D,220,100,183,53,"3.854269,"
D,220,120,234,51,"3.708825,"
D,220,140,288,54,"3.926991,"
D,220,160,344,56,"4.072435,"
D,220,180,397,53,"3.854269,"
D,220,209,477,80,"5.817764,"
D,220,238,556,79,"5.745043,"
D,220,267,635,79,"5.745043,"
D,220,296,714,79,"5.745043,"
D,220,325,792,78,"5.672320,"
D,220,354,872,80,"5.817764,"
D,220,384,952,80,"5.817764,"
D,220,412,1031,79,"5.745043,"
D,220,443,1113,82,"5.963209,"
D,220,473,1197,84,"6.108653,"
D,220,504,1281,84,"6.108653,"
D,220,533,1366,85,"6.181375,"
D,220,563,1450,84,"6.108653,"
D,220,594,1536,86,"6.254097,"
D,225,0,0,0,"0.000000,"
D,225,20,8,8,"0.581776,"
D,225,40,43,35,"2.545272,"
D,225,61,91,48,"3.490659,"
D,225,80,142,51,"3.708825,"
D,225,100,198,56,"4.072435,"
D,225,120,252,54,"3.926991,"
D,225,140,311,59,"4.290601,"
D,225,160,367,56,"4.072435,"
D,225,180,426,59,"4.290601,"
D,225,209,510,84,"6.108653,"
D,225,239,593,83,"6.035931,"
D,225,267,675,82,"5.963209,"
D,225,296,758,83,"6.035931,"
D,225,326,841,83,"6.035931,"
D,225,354,924,83,"6.035931,"
D,225,384,1008,84,"6.108653,"
D,225,414,1094,86,"6.254097,"
D,225,445,1179,85,"6.181375,"
D,225,474,1265,86,"6.254097,"
D,225,505,1351,86,"6.254097,"
D,225,535,1437,86,"6.254097,"
D,225,564,1523,86,"6.254097,"
D,225,595,1608,85,"6.181375,"
D,230,0,0,0,"0.000000,"
D,230,20,12,12,"0.872665,"
D,230,40,49,37,"2.690716,"
D,230,60,94,45,"3.272492,"
D,230,80,148,54,"3.926991,"
D,230,100,201,53,"3.854269,"
D,230,120,260,59,"4.290601,"
D,230,140,316,56,"4.072435,"
D,230,160,375,59,"4.290601,"
D,230,182,438,63,"4.581490,"
D,230,210,522,84,"6.108653,"
D,230,240,606,84,"6.108653,"
D,230,269,689,83,"6.035931,"
D,230,299,772,83,"6.035931,"
D,230,327,854,82,"5.963209,"
D,230,356,937,83,"6.035931,"
D,230,386,1020,83,"6.035931,"
D,230,415,1106,86,"6.254097,"
D,230,446,1192,86,"6.254097,"
D,230,476,1278,86,"6.254097,"
D,230,506,1364,86,"6.254097,"
D,230,536,1450,86,"6.254097,"
D,230,567,1536,86,"6.254097,"
D,230,597,1622,86,"6.254097,"
D,235,0,0,0,"0.000000,"
D,235,20,6,6,"0.436332,"
D,235,40,19,13,"0.945387,"
D,235,60,54,35,"2.545272,"
D,235,80,95,41,"2.981604,"
D,235,100,146,51,"3.708825,"
D,235,120,198,52,"3.781547,"
D,235,140,255,57,"4.145157,"
D,235,160,311,56,"4.072435,"
D,235,180,371,60,"4.363324,"
D,235,208,454,83,"6.035931,"
D,235,238,539,85,"6.181375,"
D,235,266,623,84,"6.108653,"
D,235,296,707,84,"6.108653,"
D,235,325,791,84,"6.108653,"
D,235,353,877,86,"6.254097,"
D,235,383,961,84,"6.108653,"
D,235,412,1046,85,"6.181375,"
D,235,442,1134,88,"6.399541,"
D,235,472,1221,87,"6.326818,"
D,235,503,1309,88,"6.399541,"
D,235,532,1398,89,"6.472263,"
D,235,563,1487,89,"6.472263,"
D,235,593,1575,88,"6.399541,"
D,240,0,0,0,"0.000000,"
D,240,20,7,7,"0.509054,"
D,240,40,21,14,"1.018109,"
D,240,60,52,31,"2.254384,"
D,240,80,94,42,"3.054327,"
D,240,100,141,47,"3.417937,"
D,240,120,193,52,"3.781547,"
D,240,140,247,54,"3.926991,"
D,240,160,303,56,"4.072435,"
D,240,180,360,57,"4.145157,"
D,240,208,444,84,"6.108653,"
D,240,238,527,83,"6.035931,"
D,240,267,612,85,"6.181375,"
D,240,296,696,84,"6.108653,"
D,240,325,779,83,"6.035931,"
D,240,355,863,84,"6.108653,"
D,240,383,947,84,"6.108653,"
D,240,412,1031,84,"6.108653,"
D,240,443,1117,86,"6.254097,"
D,240,472,1204,87,"6.326818,"
D,240,503,1291,87,"6.326818,"
D,240,533,1377,86,"6.254097,"
D,240,564,1463,86,"6.254097,"
D,240,593,1551,88,"6.399541,"
D,245,0,0,0,"0.000000,"
D,245,20,11,11,"0.799943,"
D,245,40,38,27,"1.963496,"
D,245,60,86,48,"3.490659,"
D,245,80,139,53,"3.854269,"
D,245,100,197,58,"4.217879,"
D,245,121,256,59,"4.290601,"
D,245,140,313,57,"4.145157,"
D,245,160,374,61,"4.436046,"
D,245,182,439,65,"4.726934,"
D,245,211,525,86,"6.254097,"
D,245,240,612,87,"6.326818,"
D,245,269,699,87,"6.326818,"
D,245,299,785,86,"6.254097,"
D,245,327,872,87,"6.326818,"
D,245,357,958,86,"6.254097,"
D,245,386,1043,85,"6.181375,"
D,245,416,1133,90,"6.544985,"
D,245,446,1221,88,"6.399541,"
D,245,476,1310,89,"6.472263,"
D,245,507,1399,89,"6.472263,"
D,245,536,1488,89,"6.472263,"
D,245,567,1578,90,"6.544985,"
D,245,597,1669,91,"6.617707,"
D,250,0,0,0,"0.000000,"
D,250,20,3,3,"0.218166,"
D,250,40,9,6,"0.436332,"
D,250,60,33,24,"1.745329,"
D,250,80,73,40,"2.908882,"
D,250,100,122,49,"3.563381,"
D,250,120,174,52,"3.781547,"
D,250,140,233,59,"4.290601,"
D,250,160,290,57,"4.145157,"
D,250,180,352,62,"4.508768,"
D,250,206,433,81,"5.890487,"
D,250,236,524,91,"6.617707,"
D,250,264,615,91,"6.617707,"
D,250,294,705,90,"6.544985,"
D,250,323,796,91,"6.617707,"
D,250,352,887,91,"6.617707,"
D,250,381,977,90,"6.544985,"
D,250,411,1069,92,"6.690429,"
D,250,440,1164,95,"6.908596,"
D,250,470,1257,93,"6.763152,"
D,250,501,1349,92,"6.690429,"
D,250,531,1439,90,"6.544985,"
D,250,561,1529,90,"6.544985,"
D,250,591,1617,88,"6.399541,"
D,255,0,0,0,"0.000000,"
D,255,20,14,14,"1.018109,"
D,255,40,42,28,"2.036218,"
D,255,60,81,39,"2.836160,"
D,255,80,130,49,"3.563381,"
D,255,100,181,51,"3.708825,"
D,255,120,238,57,"4.145157,"
D,255,140,294,56,"4.072435,"
D,255,160,354,60,"4.363324,"
D,255,183,422,68,"4.945100,"
D,255,212,509,87,"6.326818,"
D,255,241,596,87,"6.326818,"
D,255,270,682,86,"6.254097,"
D,255,299,767,85,"6.181375,"
D,255,328,852,85,"6.181375,"
D,255,358,938,86,"6.254097,"
D,255,387,1025,87,"6.326818,"
D,255,417,1114,89,"6.472263,"
D,255,447,1204,90,"6.544985,"
D,255,478,1294,90,"6.544985,"
D,255,507,1384,90,"6.544985,"
D,255,537,1473,89,"6.472263,"
D,255,568,1562,89,"6.472263,"
D,255,597,1651,89,6.472263
E,0,0,0,0,"0.000000,"
E,0,20,0,0,"0.000000,"
E,0,40,0,0,"0.000000,"
E,0,60,0,0,"0.000000,"
E,0,80,0,0,"0.000000,"
E,0,100,0,0,"0.000000,"
E,0,120,0,0,"0.000000,"
E,0,140,0,0,"0.000000,"
E,0,160,0,0,"0.000000,"
E,0,180,0,0,"0.000000,"
E,0,200,0,0,"0.000000,"
E,0,220,0,0,"0.000000,"
E,0,240,0,0,"0.000000,"
E,0,260,0,0,"0.000000,"
E,0,281,0,0,"0.000000,"
E,0,300,0,0,"0.000000,"
E,0,320,0,0,"0.000000,"
E,0,340,0,0,"0.000000,"
E,0,360,0,0,"0.000000,"
E,0,381,0,0,"0.000000,"
E,0,404,0,0,"0.000000,"
E,0,428,0,0,"0.000000,"
E,0,453,0,0,"0.000000,"
E,0,476,0,0,"0.000000,"
E,0,500,0,0,"0.000000,"
E,0,524,0,0,"0.000000,"
E,0,548,0,0,"0.000000,"
E,0,571,0,0,"0.000000,"
E,0,596,0,0,"0.000000,"
E,5,0,0,0,"0.000000,"
E,5,20,0,0,"0.000000,"
E,5,40,0,0,"0.000000,"
E,5,60,0,0,"0.000000,"
E,5,80,0,0,"0.000000,"
E,5,100,0,0,"0.000000,"
E,5,120,0,0,"0.000000,"
E,5,141,0,0,"0.000000,"
E,5,160,0,0,"0.000000,"
E,5,180,0,0,"0.000000,"
E,5,200,0,0,"0.000000,"
E,5,220,0,0,"0.000000,"
E,5,240,0,0,"0.000000,"
E,5,260,0,0,"0.000000,"
E,5,280,0,0,"0.000000,"
E,5,300,0,0,"0.000000,"
E,5,320,0,0,"0.000000,"
E,5,340,0,0,"0.000000,"
E,5,360,0,0,"0.000000,"
E,5,381,0,0,"0.000000,"
E,5,405,0,0,"0.000000,"
E,5,428,0,0,"0.000000,"
E,5,453,0,0,"0.000000,"
E,5,476,0,0,"0.000000,"
E,5,500,0,0,"0.000000,"
E,5,525,0,0,"0.000000,"
E,5,548,0,0,"0.000000,"
E,5,572,0,0,"0.000000,"
E,5,596,0,0,"0.000000,"
E,10,0,0,0,"0.000000,"
E,10,20,0,0,"0.000000,"
E,10,40,0,0,"0.000000,"
E,10,60,0,0,"0.000000,"
E,10,80,0,0,"0.000000,"
E,10,100,0,0,"0.000000,"
E,10,120,0,0,"0.000000,"
E,10,140,0,0,"0.000000,"
E,10,160,0,0,"0.000000,"
E,10,180,0,0,"0.000000,"
E,10,200,0,0,"0.000000,"
E,10,220,0,0,"0.000000,"
E,10,240,0,0,"0.000000,"
E,10,260,0,0,"0.000000,"
E,10,280,0,0,"0.000000,"
E,10,300,0,0,"0.000000,"
E,10,325,0,0,"0.000000,"
E,10,350,0,0,"0.000000,"
E,10,374,0,0,"0.000000,"
E,10,400,0,0,"0.000000,"
E,10,424,0,0,"0.000000,"
E,10,450,0,0,"0.000000,"
E,10,475,0,0,"0.000000,"
E,10,499,0,0,"0.000000,"
E,10,525,0,0,"0.000000,"
E,10,549,0,0,"0.000000,"
E,10,574,0,0,"0.000000,"
E,15,0,0,0,"0.000000,"
E,15,20,0,0,"0.000000,"
E,15,40,0,0,"0.000000,"
E,15,60,0,0,"0.000000,"
E,15,80,0,0,"0.000000,"
E,15,100,0,0,"0.000000,"
E,15,120,0,0,"0.000000,"
E,15,140,0,0,"0.000000,"
E,15,160,0,0,"0.000000,"
E,15,180,0,0,"0.000000,"
E,15,200,0,0,"0.000000,"
E,15,220,0,0,"0.000000,"
E,15,240,0,0,"0.000000,"
E,15,260,0,0,"0.000000,"
E,15,280,0,0,"0.000000,"
E,15,301,0,0,"0.000000,"
E,15,326,0,0,"0.000000,"
E,15,352,0,0,"0.000000,"
E,15,376,0,0,"0.000000,"
E,15,401,0,0,"0.000000,"
E,15,426,0,0,"0.000000,"
E,15,451,0,0,"0.000000,"
E,15,476,0,0,"0.000000,"
E,15,501,0,0,"0.000000,"
E,15,526,0,0,"0.000000,"
E,15,551,0,0,"0.000000,"
E,15,576,0,0,"0.000000,"
E,20,0,0,0,"0.000000,"
E,20,20,0,0,"0.000000,"
E,20,40,0,0,"0.000000,"
E,20,60,0,0,"0.000000,"
E,20,80,0,0,"0.000000,"
E,20,101,0,0,"0.000000,"
E,20,120,0,0,"0.000000,"
E,20,140,0,0,"0.000000,"
E,20,160,0,0,"0.000000,"
E,20,180,0,0,"0.000000,"
E,20,200,0,0,"0.000000,"
E,20,220,0,0,"0.000000,"
E,20,240,0,0,"0.000000,"
E,20,260,0,0,"0.000000,"
E,20,280,0,0,"0.000000,"
E,20,301,0,0,"0.000000,"
E,20,326,0,0,"0.000000,"
E,20,350,0,0,"0.000000,"
E,20,376,0,0,"0.000000,"
E,20,401,0,0,"0.000000,"
E,20,426,0,0,"0.000000,"
E,20,451,0,0,"0.000000,"
E,20,475,0,0,"0.000000,"
E,20,501,0,0,"0.000000,"
E,20,525,0,0,"0.000000,"
E,20,550,0,0,"0.000000,"
E,20,576,0,0,"0.000000,"
E,25,0,0,0,"0.000000,"
E,25,20,0,0,"0.000000,"
E,25,40,0,0,"0.000000,"
E,25,60,0,0,"0.000000,"
E,25,80,0,0,"0.000000,"
E,25,100,0,0,"0.000000,"
E,25,120,0,0,"0.000000,"
E,25,140,0,0,"0.000000,"
E,25,160,0,0,"0.000000,"
E,25,180,0,0,"0.000000,"
E,25,200,0,0,"0.000000,"
E,25,220,0,0,"0.000000,"
E,25,240,0,0,"0.000000,"
E,25,260,0,0,"0.000000,"
E,25,280,0,0,"0.000000,"
E,25,300,0,0,"0.000000,"
E,25,326,0,0,"0.000000,"
E,25,350,0,0,"0.000000,"
E,25,375,0,0,"0.000000,"
E,25,400,0,0,"0.000000,"
E,25,425,0,0,"0.000000,"
E,25,451,0,0,"0.000000,"
E,25,475,0,0,"0.000000,"
E,25,500,0,0,"0.000000,"
E,25,525,0,0,"0.000000,"
E,25,550,0,0,"0.000000,"
E,25,574,0,0,"0.000000,"
E,30,0,0,0,"0.000000,"
E,30,20,0,0,"0.000000,"
E,30,40,0,0,"0.000000,"
E,30,60,0,0,"0.000000,"
E,30,80,0,0,"0.000000,"
E,30,100,0,0,"0.000000,"
E,30,120,0,0,"0.000000,"
E,30,140,0,0,"0.000000,"
E,30,160,0,0,"0.000000,"
E,30,180,0,0,"0.000000,"
E,30,200,0,0,"0.000000,"
E,30,220,0,0,"0.000000,"
E,30,240,0,0,"0.000000,"
E,30,260,0,0,"0.000000,"
E,30,280,0,0,"0.000000,"
E,30,301,0,0,"0.000000,"
E,30,325,0,0,"0.000000,"
E,30,351,0,0,"0.000000,"
E,30,376,0,0,"0.000000,"
E,30,401,0,0,"0.000000,"
E,30,426,0,0,"0.000000,"
E,30,450,0,0,"0.000000,"
E,30,476,0,0,"0.000000,"
E,30,501,0,0,"0.000000,"
E,30,525,0,0,"0.000000,"
E,30,551,0,0,"0.000000,"
E,30,575,0,0,"0.000000,"
E,35,0,0,0,"0.000000,"
E,35,20,0,0,"0.000000,"
E,35,40,0,0,"0.000000,"
E,35,60,0,0,"0.000000,"
E,35,81,0,0,"0.000000,"
E,35,100,0,0,"0.000000,"
E,35,120,0,0,"0.000000,"
E,35,140,0,0,"0.000000,"
E,35,160,0,0,"0.000000,"
E,35,180,0,0,"0.000000,"
E,35,200,0,0,"0.000000,"
E,35,220,0,0,"0.000000,"
E,35,240,0,0,"0.000000,"
E,35,260,0,0,"0.000000,"
E,35,280,0,0,"0.000000,"
E,35,301,0,0,"0.000000,"
E,35,325,0,0,"0.000000,"
E,35,350,0,0,"0.000000,"
E,35,375,0,0,"0.000000,"
E,35,400,0,0,"0.000000,"
E,35,426,0,0,"0.000000,"
E,35,450,0,0,"0.000000,"
E,35,475,0,0,"0.000000,"
E,35,500,0,0,"0.000000,"
E,35,525,0,0,"0.000000,"
E,35,550,0,0,"0.000000,"
E,35,575,0,0,"0.000000,"
E,40,0,0,0,"0.000000,"
E,40,20,0,0,"0.000000,"
E,40,40,0,0,"0.000000,"
E,40,60,0,0,"0.000000,"
E,40,80,0,0,"0.000000,"
E,40,100,0,0,"0.000000,"
E,40,120,0,0,"0.000000,"
E,40,140,0,0,"0.000000,"
E,40,160,0,0,"0.000000,"
E,40,180,0,0,"0.000000,"
E,40,200,0,0,"0.000000,"
E,40,220,0,0,"0.000000,"
E,40,240,0,0,"0.000000,"
E,40,260,0,0,"0.000000,"
E,40,280,0,0,"0.000000,"
E,40,300,0,0,"0.000000,"
E,40,326,0,0,"0.000000,"
E,40,351,0,0,"0.000000,"
E,40,376,0,0,"0.000000,"
E,40,401,0,0,"0.000000,"
E,40,425,0,0,"0.000000,"
E,40,451,0,0,"0.000000,"
E,40,476,0,0,"0.000000,"
E,40,500,0,0,"0.000000,"
E,40,526,0,0,"0.000000,"
E,40,550,0,0,"0.000000,"
E,40,576,0,0,"0.000000,"
E,45,0,0,0,"0.000000,"
E,45,20,0,0,"0.000000,"
E,45,40,0,0,"0.000000,"
E,45,60,0,0,"0.000000,"
E,45,80,0,0,"0.000000,"
E,45,100,0,0,"0.000000,"
E,45,120,0,0,"0.000000,"
E,45,140,0,0,"0.000000,"
E,45,160,0,0,"0.000000,"
E,45,180,0,0,"0.000000,"
E,45,200,0,0,"0.000000,"
E,45,220,0,0,"0.000000,"
E,45,240,0,0,"0.000000,"
E,45,260,0,0,"0.000000,"
E,45,280,0,0,"0.000000,"
E,45,301,0,0,"0.000000,"
E,45,326,0,0,"0.000000,"
E,45,351,0,0,"0.000000,"
E,45,376,0,0,"0.000000,"
E,45,402,0,0,"0.000000,"
E,45,426,0,0,"0.000000,"
E,45,451,0,0,"0.000000,"
E,45,476,0,0,"0.000000,"
E,45,501,0,0,"0.000000,"
E,45,526,0,0,"0.000000,"
E,45,551,0,0,"0.000000,"
E,45,576,0,0,"0.000000,"
E,50,0,0,0,"0.000000,"
E,50,20,0,0,"0.000000,"
E,50,40,0,0,"0.000000,"
E,50,61,0,0,"0.000000,"
E,50,80,0,0,"0.000000,"
E,50,100,0,0,"0.000000,"
E,50,120,0,0,"0.000000,"
E,50,140,0,0,"0.000000,"
E,50,160,0,0,"0.000000,"
E,50,180,0,0,"0.000000,"
E,50,200,0,0,"0.000000,"
E,50,220,0,0,"0.000000,"
E,50,240,0,0,"0.000000,"
E,50,260,0,0,"0.000000,"
E,50,280,0,0,"0.000000,"
E,50,301,0,0,"0.000000,"
E,50,326,0,0,"0.000000,"
E,50,351,0,0,"0.000000,"
E,50,376,0,0,"0.000000,"
E,50,400,0,0,"0.000000,"
E,50,426,0,0,"0.000000,"
E,50,451,0,0,"0.000000,"
E,50,475,0,0,"0.000000,"
E,50,501,0,0,"0.000000,"
E,50,525,0,0,"0.000000,"
E,50,551,0,0,"0.000000,"
E,50,576,0,0,"0.000000,"
E,55,0,0,0,"0.000000,"
E,55,20,0,0,"0.000000,"
E,55,40,0,0,"0.000000,"
E,55,60,0,0,"0.000000,"
E,55,80,0,0,"0.000000,"
E,55,100,0,0,"0.000000,"
E,55,120,0,0,"0.000000,"
E,55,140,0,0,"0.000000,"
E,55,160,0,0,"0.000000,"
E,55,180,0,0,"0.000000,"
E,55,200,0,0,"0.000000,"
E,55,220,0,0,"0.000000,"
E,55,240,0,0,"0.000000,"
E,55,260,0,0,"0.000000,"
E,55,281,0,0,"0.000000,"
E,55,300,0,0,"0.000000,"
E,55,326,0,0,"0.000000,"
E,55,350,0,0,"0.000000,"
E,55,376,0,0,"0.000000,"
E,55,400,0,0,"0.000000,"
E,55,425,0,0,"0.000000,"
E,55,450,0,0,"0.000000,"
E,55,475,0,0,"0.000000,"
E,55,500,0,0,"0.000000,"
E,55,525,0,0,"0.000000,"
E,55,550,0,0,"0.000000,"
E,55,575,0,0,"0.000000,"
E,60,0,0,0,"0.000000,"
E,60,20,0,0,"0.000000,"
E,60,40,0,0,"0.000000,"
E,60,60,0,0,"0.000000,"
E,60,80,0,0,"0.000000,"
E,60,100,0,0,"0.000000,"
E,60,120,0,0,"0.000000,"
E,60,140,0,0,"0.000000,"
E,60,160,0,0,"0.000000,"
E,60,180,0,0,"0.000000,"
E,60,200,0,0,"0.000000,"
E,60,220,0,0,"0.000000,"
E,60,240,0,0,"0.000000,"
E,60,260,0,0,"0.000000,"
E,60,280,0,0,"0.000000,"
E,60,300,0,0,"0.000000,"
E,60,325,0,0,"0.000000,"
E,60,350,0,0,"0.000000,"
E,60,375,0,0,"0.000000,"
E,60,400,0,0,"0.000000,"
E,60,425,0,0,"0.000000,"
E,60,449,0,0,"0.000000,"
E,60,475,0,0,"0.000000,"
E,60,499,0,0,"0.000000,"
E,60,525,0,0,"0.000000,"
E,60,550,0,0,"0.000000,"
E,60,574,0,0,"0.000000,"
E,65,0,0,0,"0.000000,"
E,65,20,0,0,"0.000000,"
E,65,40,0,0,"0.000000,"
E,65,60,0,0,"0.000000,"
E,65,80,0,0,"0.000000,"
E,65,100,1,1,"0.072722,"
E,65,120,1,0,"0.000000,"
E,65,140,1,0,"0.000000,"
E,65,160,1,0,"0.000000,"
E,65,180,1,0,"0.000000,"
E,65,200,1,0,"0.000000,"
E,65,220,1,0,"0.000000,"
E,65,240,1,0,"0.000000,"
E,65,260,1,0,"0.000000,"
E,65,280,1,0,"0.000000,"
E,65,301,1,0,"0.000000,"
E,65,325,1,0,"0.000000,"
E,65,351,1,0,"0.000000,"
E,65,375,1,0,"0.000000,"
E,65,400,1,0,"0.000000,"
E,65,426,1,0,"0.000000,"
E,65,450,1,0,"0.000000,"
E,65,475,1,0,"0.000000,"
E,65,500,1,0,"0.000000,"
E,65,525,1,0,"0.000000,"
E,65,550,1,0,"0.000000,"
E,65,575,1,0,"0.000000,"
E,70,0,0,0,"0.000000,"
E,70,20,0,0,"0.000000,"
E,70,40,0,0,"0.000000,"
E,70,60,0,0,"0.000000,"
E,70,80,0,0,"0.000000,"
E,70,100,0,0,"0.000000,"
E,70,120,0,0,"0.000000,"
E,70,140,0,0,"0.000000,"
E,70,160,0,0,"0.000000,"
E,70,180,0,0,"0.000000,"
E,70,200,0,0,"0.000000,"
E,70,220,0,0,"0.000000,"
E,70,240,0,0,"0.000000,"
E,70,260,0,0,"0.000000,"
E,70,280,0,0,"0.000000,"
E,70,300,0,0,"0.000000,"
E,70,326,0,0,"0.000000,"
E,70,351,0,0,"0.000000,"
E,70,376,0,0,"0.000000,"
E,70,401,0,0,"0.000000,"
E,70,425,0,0,"0.000000,"
E,70,451,0,0,"0.000000,"
E,70,476,0,0,"0.000000,"
E,70,500,0,0,"0.000000,"
E,70,526,0,0,"0.000000,"
E,70,550,0,0,"0.000000,"
E,70,576,0,0,"0.000000,"
E,75,0,0,0,"0.000000,"
E,75,20,0,0,"0.000000,"
E,75,40,1,1,"0.072722,"
E,75,60,1,0,"0.000000,"
E,75,80,7,6,"0.436332,"
E,75,100,17,10,"0.727221,"
E,75,120,33,16,"1.163553,"
E,75,141,52,19,"1.381719,"
E,75,160,73,21,"1.527163,"
E,75,180,100,27,"1.963496,"
E,75,200,127,27,"1.963496,"
E,75,220,159,32,"2.327106,"
E,75,243,199,40,"2.908882,"
E,75,272,249,50,"3.636103,"
E,75,299,304,55,"3.999713,"
E,75,328,361,57,"4.145157,"
E,75,356,421,60,"4.363324,"
E,75,383,483,62,"4.508768,"
E,75,412,547,64,"4.654211,"
E,75,440,613,66,"4.799656,"
E,75,468,678,65,"4.726934,"
E,75,496,740,62,"4.508768,"
E,75,525,799,59,"4.290601,"
E,75,552,857,58,"4.217879,"
E,75,580,912,55,"3.999713,"
E,80,0,0,0,"0.000000,"
E,80,20,5,5,"0.363610,"
E,80,40,16,11,"0.799943,"
E,80,60,32,16,"1.163553,"
E,80,80,53,21,"1.527163,"
E,80,100,77,24,"1.745329,"
E,80,120,105,28,"2.036218,"
E,80,141,136,31,"2.254384,"
E,80,160,167,31,"2.254384,"
E,80,180,201,34,"2.472550,"
E,80,200,237,36,"2.617994,"
E,80,226,287,50,"3.636103,"
E,80,253,343,56,"4.072435,"
E,80,282,400,57,"4.145157,"
E,80,309,459,59,"4.290601,"
E,80,338,521,62,"4.508768,"
E,80,366,587,66,"4.799656,"
E,80,393,653,66,"4.799656,"
E,80,422,721,68,"4.945100,"
E,80,450,791,70,"5.090544,"
E,80,478,857,66,"4.799656,"
E,80,506,921,64,"4.654211,"
E,80,535,988,67,"4.872378,"
E,80,562,1057,69,"5.017822,"
E,80,591,1131,74,"5.381433,"
E,85,0,0,0,"0.000000,"
E,85,20,1,1,"0.072722,"
E,85,40,7,6,"0.436332,"
E,85,60,20,13,"0.945387,"
E,85,80,41,21,"1.527163,"
E,85,100,65,24,"1.745329,"
E,85,120,97,32,"2.327106,"
E,85,140,129,32,"2.327106,"
E,85,160,166,37,"2.690716,"
E,85,180,203,37,"2.690716,"
E,85,200,243,40,"2.908882,"
E,85,222,287,44,"3.199770,"
E,85,249,348,61,"4.436046,"
E,85,278,415,67,"4.872378,"
E,85,306,487,72,"5.235988,"
E,85,333,563,76,"5.526876,"
E,85,362,642,79,"5.745043,"
E,85,390,724,82,"5.963209,"
E,85,418,809,85,"6.181375,"
E,85,446,895,86,"6.254097,"
E,85,475,983,88,"6.399541,"
E,85,502,1073,90,"6.544985,"
E,85,531,1167,94,"6.835874,"
E,85,561,1263,96,"6.981318,"
E,85,589,1361,98,"7.126761,"
E,90,0,0,0,"0.000000,"
E,90,20,6,6,"0.436332,"
E,90,40,20,14,"1.018109,"
E,90,60,41,21,"1.527163,"
E,90,80,68,27,"1.963496,"
E,90,100,101,33,"2.399828,"
E,90,120,138,37,"2.690716,"
E,90,140,180,42,"3.054327,"
E,90,160,225,45,"3.272492,"
E,90,180,276,51,"3.708825,"
E,90,200,329,53,"3.854269,"
E,90,226,401,72,"5.235988,"
E,90,254,483,82,"5.963209,"
E,90,282,568,85,"6.181375,"
E,90,310,657,89,"6.472263,"
E,90,339,748,91,"6.617707,"
E,90,366,842,94,"6.835874,"
E,90,394,938,96,"6.981318,"
E,90,423,1035,97,"7.054039,"
E,90,451,1137,102,"7.417650,"
E,90,482,1244,107,"7.781260,"
E,90,512,1353,109,"7.926704,"
E,90,543,1462,109,"7.926704,"
E,90,572,1573,111,"8.072149,"
E,95,0,0,0,"0.000000,"
E,95,20,3,3,"0.218166,"
E,95,40,14,11,"0.799943,"
E,95,60,35,21,"1.527163,"
E,95,80,62,27,"1.963496,"
E,95,100,97,35,"2.545272,"
E,95,120,137,40,"2.908882,"
E,95,140,181,44,"3.199770,"
E,95,160,232,51,"3.708825,"
E,95,180,283,51,"3.708825,"
E,95,200,341,58,"4.217879,"
E,95,225,414,73,"5.308710,"
E,95,253,502,88,"6.399541,"
E,95,280,593,91,"6.617707,"
E,95,309,689,96,"6.981318,"
E,95,337,785,96,"6.981318,"
E,95,365,884,99,"7.199483,"
E,95,393,981,97,"7.054039,"
E,95,422,1071,90,"6.544985,"
E,95,450,1157,86,"6.254097,"
E,95,479,1245,88,"6.399541,"
E,95,509,1337,92,"6.690429,"
E,95,537,1435,98,"7.126761,"
E,95,567,1535,100,"7.272206,"
E,95,597,1641,106,"7.708538,"
E,100,0,0,0,"0.000000,"
E,100,20,3,3,"0.218166,"
E,100,40,17,14,"1.018109,"
E,100,60,39,22,"1.599885,"
E,100,80,70,31,"2.254384,"
E,100,100,109,39,"2.836160,"
E,100,120,151,42,"3.054327,"
E,100,140,201,50,"3.636103,"
E,100,160,253,52,"3.781547,"
E,100,180,311,58,"4.217879,"
E,100,208,399,88,"6.399541,"
E,100,238,494,95,"6.908596,"
E,100,266,594,100,"7.272206,"
E,100,297,701,107,"7.781260,"
E,100,327,811,110,"7.999426,"
E,100,357,922,111,"8.072149,"
E,100,387,1037,115,"8.363037,"
E,100,419,1157,120,"8.726648,"
E,100,450,1279,122,"8.872092,"
E,100,481,1395,116,"8.435759,"
E,100,512,1502,107,"7.781260,"
E,100,543,1606,104,"7.563094,"
E,100,575,1713,107,"7.781260,"
E,105,0,0,0,"0.000000,"
E,105,20,6,6,"0.436332,"
E,105,40,24,18,"1.308997,"
E,105,60,52,28,"2.036218,"
E,105,80,86,34,"2.472550,"
E,105,100,129,43,"3.127048,"
E,105,120,176,47,"3.417937,"
E,105,140,232,56,"4.072435,"
E,105,160,288,56,"4.072435,"
E,105,180,352,64,"4.654211,"
E,105,208,444,92,"6.690429,"
E,105,238,546,102,"7.417650,"
E,105,267,656,110,"7.999426,"
E,105,298,770,114,"8.290315,"
E,105,328,884,114,"8.290315,"
E,105,357,992,108,"7.853982,"
E,105,388,1094,102,"7.417650,"
E,105,419,1194,100,"7.272206,"
E,105,451,1290,96,"6.981318,"
E,105,480,1379,89,"6.472263,"
E,105,511,1466,87,"6.326818,"
E,105,541,1552,86,"6.254097,"
E,105,571,1638,86,"6.254097,"
E,110,0,0,0,"0.000000,"
E,110,20,8,8,"0.581776,"
E,110,40,26,18,"1.308997,"
E,110,60,54,28,"2.036218,"
E,110,80,89,35,"2.545272,"
E,110,100,132,43,"3.127048,"
E,110,120,179,47,"3.417937,"
E,110,140,234,55,"3.999713,"
E,110,160,292,58,"4.217879,"
E,110,180,356,64,"4.654211,"
E,110,208,451,95,"6.908596,"
E,110,236,556,105,"7.635817,"
E,110,267,668,112,"8.144871,"
E,110,297,772,104,"7.563094,"
E,110,328,870,98,"7.126761,"
E,110,356,962,92,"6.690429,"
E,110,386,1052,90,"6.544985,"
E,110,416,1156,104,"7.563094,"
E,110,446,1270,114,"8.290315,"
E,110,478,1391,121,"8.799369,"
E,110,509,1510,119,"8.653925,"
E,110,541,1626,116,"8.435759,"
E,110,571,1740,114,"8.290315,"
E,115,0,0,0,"0.000000,"
E,115,20,8,8,"0.581776,"
E,115,40,28,20,"1.454441,"
E,115,60,60,32,"2.327106,"
E,115,80,98,38,"2.763438,"
E,115,100,148,50,"3.636103,"
E,115,120,201,53,"3.854269,"
E,115,140,264,63,"4.581490,"
E,115,160,328,64,"4.654211,"
E,115,180,401,73,"5.308710,"
E,115,209,511,110,"7.999426,"
E,115,238,633,122,"8.872092,"
E,115,269,762,129,"9.381146,"
E,115,299,894,132,"9.599312,"
E,115,329,1031,137,"9.962923,"
E,115,360,1175,144,"10.471977,"
E,115,392,1326,151,"10.981031,"
E,115,425,1480,154,"11.199197,"
E,115,457,1634,154,"11.199197,"
E,115,489,1790,156,"11.344641,"
E,115,521,1948,158,"11.490086,"
E,115,554,2104,156,"11.344641,"
E,115,586,2262,158,"11.490086,"
E,120,0,0,0,"0.000000,"
E,120,20,8,8,"0.581776,"
E,120,40,32,24,"1.745329,"
E,120,60,66,34,"2.472550,"
E,120,80,108,42,"3.054327,"
E,120,100,162,54,"3.926991,"
E,120,120,220,58,"4.217879,"
E,120,140,288,68,"4.945100,"
E,120,160,358,70,"5.090544,"
E,120,180,438,80,"5.817764,"
E,120,210,556,118,"8.581203,"
E,120,240,685,129,"9.381146,"
E,120,269,820,135,"9.817478,"
E,120,300,961,141,"10.253810,"
E,120,331,1110,149,"10.835587,"
E,120,364,1268,158,"11.490086,"
E,120,395,1428,160,"11.635529,"
E,120,428,1591,163,"11.853695,"
E,120,460,1755,164,"11.926418,"
E,120,493,1920,165,"11.999140,"
E,120,524,2085,165,"11.999140,"
E,120,557,2251,166,"12.071862,"
E,120,589,2415,164,"11.926418,"
E,125,0,0,0,"0.000000,"
E,125,20,8,8,"0.581776,"
E,125,40,31,23,"1.672607,"
E,125,60,66,35,"2.545272,"
E,125,80,113,47,"3.417937,"
E,125,100,168,55,"3.999713,"
E,125,120,232,64,"4.654211,"
E,125,140,300,68,"4.945100,"
E,125,160,378,78,"5.672320,"
E,125,181,464,86,"6.254097,"
E,125,210,588,124,"9.017536,"
E,125,240,725,137,"9.962923,"
E,125,270,868,143,"10.399254,"
E,125,301,1022,154,"11.199197,"
E,125,333,1186,164,"11.926418,"
E,125,366,1354,168,"12.217307,"
E,125,398,1525,171,"12.435472,"
E,125,430,1698,173,"12.580917,"
E,125,462,1874,176,"12.799082,"
E,125,495,2050,176,"12.799082,"
E,125,527,2228,178,"12.944526,"
E,125,559,2408,180,"13.089970,"
E,125,591,2584,176,"12.799082,"
E,130,0,0,0,"0.000000,"
E,130,20,9,9,"0.654499,"
E,130,40,32,23,"1.672607,"
E,130,60,68,36,"2.617994,"
E,130,80,110,42,"3.054327,"
E,130,100,160,50,"3.636103,"
E,130,120,216,56,"4.072435,"
E,130,140,282,66,"4.799656,"
E,130,160,355,73,"5.308710,"
E,130,180,432,77,"5.599598,"
E,130,210,554,122,"8.872092,"
E,130,239,690,136,"9.890200,"
E,130,270,832,142,"10.326532,"
E,130,301,986,154,"11.199197,"
E,130,331,1146,160,"11.635529,"
E,130,364,1315,169,"12.290028,"
E,130,396,1486,171,"12.435472,"
E,130,429,1660,174,"12.653637,"
E,130,461,1836,176,"12.799082,"
E,130,493,2014,178,"12.944526,"
E,130,525,2194,180,"13.089970,"
E,130,558,2374,180,"13.089970,"
E,130,590,2556,182,"13.235415,"
E,135,0,0,0,"0.000000,"
E,135,20,8,8,"0.581776,"
E,135,40,35,27,"1.963496,"
E,135,60,76,41,"2.981604,"
E,135,80,126,50,"3.636103,"
E,135,100,188,62,"4.508768,"
E,135,120,256,68,"4.945100,"
E,135,140,335,79,"5.745043,"
E,135,160,415,80,"5.817764,"
E,135,180,506,91,"6.617707,"
E,135,210,639,133,"9.672034,"
E,135,240,784,145,"10.544698,"
E,135,271,940,156,"11.344641,"
E,135,302,1102,162,"11.780974,"
E,135,335,1274,172,"12.508194,"
E,135,367,1448,174,"12.653637,"
E,135,398,1626,178,"12.944526,"
E,135,431,1806,180,"13.089970,"
E,135,463,1988,182,"13.235415,"
E,135,496,2172,184,"13.380859,"
E,135,527,2358,186,"13.526304,"
E,135,560,2544,186,"13.526304,"
E,135,592,2732,188,"13.671748,"
E,140,0,0,0,"0.000000,"
E,140,20,5,5,"0.363610,"
E,140,40,29,24,"1.745329,"
E,140,60,65,36,"2.617994,"
E,140,80,117,52,"3.781547,"
E,140,100,177,60,"4.363324,"
E,140,120,249,72,"5.235988,"
E,140,140,325,76,"5.526876,"
E,140,160,413,88,"6.399541,"
E,140,181,509,96,"6.981318,"
E,140,210,651,142,"10.326532,"
E,140,241,810,159,"11.562808,"
E,140,273,977,167,"12.144584,"
E,140,304,1150,173,"12.580917,"
E,140,336,1333,183,"13.308136,"
E,140,368,1520,187,"13.599025,"
E,140,401,1710,190,"13.817192,"
E,140,433,1902,192,"13.962636,"
E,140,465,2095,193,"14.035357,"
E,140,497,2289,194,"14.108079,"
E,140,530,2485,196,"14.253523,"
E,140,562,2681,196,"14.253523,"
E,140,593,2879,198,"14.398967,"
E,145,0,0,0,"0.000000,"
E,145,20,9,9,"0.654499,"
E,145,40,36,27,"1.963496,"
E,145,60,81,45,"3.272492,"
E,145,80,135,54,"3.926991,"
E,145,100,205,70,"5.090544,"
E,145,120,279,74,"5.381433,"
E,145,140,365,86,"6.254097,"
E,145,160,453,88,"6.399541,"
E,145,180,553,100,"7.272206,"
E,145,210,705,152,"11.053752,"
E,145,241,872,167,"12.144584,"
E,145,272,1045,173,"12.580917,"
E,145,304,1227,182,"13.235415,"
E,145,337,1415,188,"13.671748,"
E,145,369,1605,190,"13.817192,"
E,145,401,1798,193,"14.035357,"
E,145,433,1993,195,"14.180801,"
E,145,466,2189,196,"14.253523,"
E,145,498,2387,198,"14.398967,"
E,145,530,2585,198,"14.398967,"
E,145,562,2785,200,"14.544412,"
E,145,595,2985,200,"14.544412,"
E,150,0,0,0,"0.000000,"
E,150,20,11,11,"0.799943,"
E,150,40,41,30,"2.181662,"
E,150,60,80,39,"2.836160,"
E,150,80,133,53,"3.854269,"
E,150,100,195,62,"4.508768,"
E,150,120,271,76,"5.526876,"
E,150,140,351,80,"5.817764,"
E,150,160,444,93,"6.763152,"
E,150,182,553,109,"7.926704,"
E,150,212,701,148,"10.762866,"
E,150,243,861,160,"11.635529,"
E,150,275,1032,171,"12.435472,"
E,150,307,1217,185,"13.453581,"
E,150,339,1408,191,"13.889914,"
E,150,371,1603,195,"14.180801,"
E,150,404,1802,199,"14.471690,"
E,150,436,2003,201,"14.617134,"
E,150,468,2206,203,"14.762578,"
E,150,500,2407,201,"14.617134,"
E,150,533,2611,204,"14.835300,"
E,150,565,2816,205,"14.908022,"
E,150,597,3023,207,"15.053466,"
E,155,0,0,0,"0.000000,"
E,155,20,13,13,"0.945387,"
E,155,40,45,32,"2.327106,"
E,155,60,95,50,"3.636103,"
E,155,80,157,62,"4.508768,"
E,155,100,233,76,"5.526876,"
E,155,120,314,81,"5.890487,"
E,155,140,408,94,"6.835874,"
E,155,160,503,95,"6.908596,"
E,155,182,622,119,"8.653925,"
E,155,212,788,166,"12.071862,"
E,155,244,969,181,"13.162693,"
E,155,274,1156,187,"13.599025,"
E,155,306,1355,199,"14.471690,"
E,155,339,1559,204,"14.835300,"
E,155,371,1766,207,"15.053466,"
E,155,403,1975,209,"15.198911,"
E,155,435,2186,211,"15.344354,"
E,155,468,2399,213,"15.489798,"
E,155,500,2612,213,"15.489798,"
E,155,532,2826,214,"15.562520,"
E,155,564,3029,203,"14.762578,"
E,155,597,3216,187,"13.599025,"
E,160,0,0,0,"0.000000,"
E,160,20,12,12,"0.872665,"
E,160,40,44,32,"2.327106,"
E,160,60,90,46,"3.345215,"
E,160,80,150,60,"4.363324,"
E,160,100,218,68,"4.945100,"
E,160,120,300,82,"5.963209,"
E,160,140,388,88,"6.399541,"
E,160,160,487,99,"7.199483,"
E,160,183,605,118,"8.581203,"
E,160,212,773,168,"12.217307,"
E,160,244,956,183,"13.308136,"
E,160,275,1148,192,"13.962636,"
E,160,308,1351,203,"14.762578,"
E,160,339,1559,208,"15.126189,"
E,160,372,1770,211,"15.344354,"
E,160,404,1984,214,"15.562520,"
E,160,437,2200,216,"15.707964,"
E,160,468,2416,216,"15.707964,"
E,160,501,2635,219,"15.926131,"
E,160,533,2854,219,"15.926131,"
E,160,565,3072,218,"15.853408,"
E,160,597,3292,220,"15.998853,"
E,165,0,0,0,"0.000000,"
E,165,20,10,10,"0.727221,"
E,165,40,42,32,"2.327106,"
E,165,60,88,46,"3.345215,"
E,165,80,142,54,"3.926991,"
E,165,100,209,67,"4.872378,"
E,165,120,282,73,"5.308710,"
E,165,140,371,89,"6.472263,"
E,165,160,464,93,"6.763152,"
E,165,182,582,118,"8.581203,"
E,165,212,750,168,"12.217307,"
E,165,244,934,184,"13.380859,"
E,165,274,1127,193,"14.035357,"
E,165,307,1334,207,"15.053466,"
E,165,339,1546,212,"15.417076,"
E,165,372,1761,215,"15.635242,"
E,165,403,1980,219,"15.926131,"
E,165,436,2198,218,"15.853408,"
E,165,468,2419,221,"16.071575,"
E,165,501,2642,223,"16.217018,"
E,165,532,2867,225,"16.362462,"
E,165,565,3094,227,"16.507907,"
E,165,597,3320,226,"16.435186,"
E,170,0,0,0,"0.000000,"
E,170,20,11,11,"0.799943,"
E,170,40,48,37,"2.690716,"
E,170,60,102,54,"3.926991,"
E,170,80,174,72,"5.235988,"
E,170,100,255,81,"5.890487,"
E,170,120,350,95,"6.908596,"
E,170,140,450,100,"7.272206,"
E,170,160,561,111,"8.072149,"
E,170,186,712,151,"10.981031,"
E,170,217,903,191,"13.889914,"
E,170,248,1102,199,"14.471690,"
E,170,280,1315,213,"15.489798,"
E,170,313,1533,218,"15.853408,"
E,170,344,1756,223,"16.217018,"
E,170,377,1980,224,"16.289741,"
E,170,409,2207,227,"16.507907,"
E,170,442,2436,229,"16.653350,"
E,170,473,2665,229,"16.653350,"
E,170,506,2896,231,"16.798793,"
E,170,538,3127,231,"16.798793,"
E,170,571,3359,232,"16.871517,"
E,175,0,0,0,"0.000000,"
E,175,20,12,12,"0.872665,"
E,175,40,52,40,"2.908882,"
E,175,60,106,54,"3.926991,"
E,175,80,176,70,"5.090544,"
E,175,100,252,76,"5.526876,"
E,175,120,344,92,"6.690429,"
E,175,141,447,103,"7.490372,"
E,175,160,552,105,"7.635817,"
E,175,186,700,148,"10.762866,"
E,175,216,892,192,"13.962636,"
E,175,248,1092,200,"14.544412,"
E,175,280,1306,214,"15.562520,"
E,175,313,1526,220,"15.998853,"
E,175,344,1751,225,"16.362462,"
E,175,377,1977,226,"16.435186,"
E,175,409,2206,229,"16.653350,"
E,175,442,2437,231,"16.798793,"
E,175,473,2669,232,"16.871517,"
E,175,506,2903,234,"17.016960,"
E,175,538,3136,233,"16.944238,"
E,175,571,3371,235,"17.089683,"
E,180,0,0,0,"0.000000,"
E,180,20,13,13,"0.945387,"
E,180,40,54,41,"2.981604,"
E,180,61,115,61,"4.436046,"
E,180,80,189,74,"5.381433,"
E,180,100,279,90,"6.544985,"
E,180,120,375,96,"6.981318,"
E,180,140,484,109,"7.926704,"
E,180,160,595,111,"8.072149,"
E,180,185,749,154,"11.199197,"
E,180,216,949,200,"14.544412,"
E,180,247,1157,208,"15.126189,"
E,180,280,1377,220,"15.998853,"
E,180,311,1603,226,"16.435186,"
E,180,344,1833,230,"16.726072,"
E,180,376,2065,232,"16.871517,"
E,180,409,2299,234,"17.016960,"
E,180,440,2535,236,"17.162405,"
E,180,473,2772,237,"17.235128,"
E,180,505,3009,237,"17.235128,"
E,180,538,3246,237,"17.235128,"
E,180,569,3483,237,"17.235128,"
E,185,0,0,0,"0.000000,"
E,185,20,15,15,"1.090831,"
E,185,40,54,39,"2.836160,"
E,185,60,118,64,"4.654211,"
E,185,80,193,75,"5.454154,"
E,185,100,286,93,"6.763152,"
E,185,120,386,100,"7.272206,"
E,185,140,499,113,"8.217594,"
E,185,160,614,115,"8.363037,"
E,185,186,784,170,"12.362750,"
E,185,218,989,205,"14.908022,"
E,185,249,1200,211,"15.344354,"
E,185,282,1422,222,"16.144296,"
E,185,313,1642,220,"15.998853,"
E,185,346,1864,222,"16.144296,"
E,185,378,2092,228,"16.580629,"
E,185,411,2325,233,"16.944238,"
E,185,442,2548,223,"16.217018,"
E,185,475,2754,206,"14.980745,"
E,185,507,2950,196,"14.253523,"
E,185,540,3146,196,"14.253523,"
E,185,571,3354,208,"15.126189,"
E,190,0,0,0,"0.000000,"
E,190,20,15,15,"1.090831,"
E,190,40,52,37,"2.690716,"
E,190,60,114,62,"4.508768,"
E,190,80,189,75,"5.454154,"
E,190,100,282,93,"6.763152,"
E,190,120,382,100,"7.272206,"
E,190,140,498,116,"8.435759,"
E,190,160,614,116,"8.435759,"
E,190,186,786,172,"12.508194,"
E,190,217,992,206,"14.980745,"
E,190,249,1205,213,"15.489798,"
E,190,280,1432,227,"16.507907,"
E,190,313,1662,230,"16.726072,"
E,190,345,1894,232,"16.871517,"
E,190,378,2128,234,"17.016960,"
E,190,409,2355,227,"16.507907,"
E,190,442,2585,230,"16.726072,"
E,190,474,2819,234,"17.016960,"
E,190,507,3057,238,"17.307849,"
E,190,538,3295,238,"17.307849,"
E,190,571,3534,239,"17.380571,"
E,195,0,0,0,"0.000000,"
E,195,20,14,14,"1.018109,"
E,195,40,56,42,"3.054327,"
E,195,60,121,65,"4.726934,"
E,195,80,201,80,"5.817764,"
E,195,100,300,99,"7.199483,"
E,195,120,404,104,"7.563094,"
E,195,140,522,118,"8.581203,"
E,195,160,640,118,"8.581203,"
E,195,186,808,168,"12.217307,"
E,195,217,1016,208,"15.126189,"
E,195,250,1242,226,"16.435186,"
E,195,281,1475,233,"16.944238,"
E,195,314,1712,237,"17.235128,"
E,195,346,1954,242,"17.598737,"
E,195,379,2197,243,"17.671461,"
E,195,410,2444,247,"17.962347,"
E,195,443,2693,249,"18.107791,"
E,195,475,2946,253,"18.398679,"
E,195,508,3200,254,"18.471403,"
E,195,539,3451,251,"18.253236,"
E,195,572,3703,252,"18.325958,"
E,200,0,0,0,"0.000000,"
E,200,20,17,17,"1.236275,"
E,200,40,61,44,"3.199770,"
E,200,60,130,69,"5.017822,"
E,200,80,213,83,"6.035931,"
E,200,100,314,101,"7.344928,"
E,200,120,422,108,"7.853982,"
E,200,140,543,121,"8.799369,"
E,200,160,673,130,"9.453868,"
E,200,187,850,177,"12.871804,"
E,200,218,1068,218,"15.853408,"
E,200,250,1300,232,"16.871517,"
E,200,282,1538,238,"17.307849,"
E,200,314,1779,241,"17.526016,"
E,200,347,2025,246,"17.889627,"
E,200,379,2272,247,"17.962347,"
E,200,411,2524,252,"18.325958,"
E,200,443,2778,254,"18.471403,"
E,200,476,3034,256,"18.616846,"
E,200,508,3284,250,"18.180513,"
E,200,540,3534,250,"18.180513,"
E,200,572,3788,254,"18.471403,"
E,205,0,0,0,"0.000000,"
E,205,20,15,15,"1.090831,"
E,205,40,57,42,"3.054327,"
E,205,60,123,66,"4.799656,"
E,205,81,206,83,"6.035931,"
E,205,100,299,93,"6.763152,"
E,205,120,411,112,"8.144871,"
E,205,140,527,116,"8.435759,"
E,205,160,657,130,"9.453868,"
E,205,186,833,176,"12.799082,"
E,205,218,1052,219,"15.926131,"
E,205,249,1287,235,"17.089683,"
E,205,282,1528,241,"17.526016,"
E,205,314,1773,245,"17.816904,"
E,205,347,2022,249,"18.107791,"
E,205,379,2273,251,"18.253236,"
E,205,411,2525,252,"18.325958,"
E,205,443,2775,250,"18.180513,"
E,205,476,3024,249,"18.107791,"
E,205,508,3276,252,"18.325958,"
E,205,540,3529,253,"18.398679,"
E,205,572,3779,250,"18.180513,"
E,210,0,0,0,"0.000000,"
E,210,20,20,20,"1.454441,"
E,210,41,66,46,"3.345215,"
E,210,60,127,61,"4.436046,"
E,210,80,204,77,"5.599598,"
E,210,100,286,82,"5.963209,"
E,210,120,384,98,"7.126761,"
E,210,140,490,106,"7.708538,"
E,210,160,610,120,"8.726648,"
E,210,185,768,158,"11.490086,"
E,210,217,980,212,"15.417076,"
E,210,247,1202,222,"16.144296,"
E,210,279,1438,236,"17.162405,"
E,210,312,1681,243,"17.671461,"
E,210,344,1930,249,"18.107791,"
E,210,376,2185,255,"18.544124,"
E,210,408,2442,257,"18.689569,"
E,210,441,2699,257,"18.689569,"
E,210,473,2956,257,"18.689569,"
E,210,505,3214,258,"18.762290,"
E,210,537,3473,259,"18.835012,"
E,210,570,3732,259,"18.835012,"
E,215,0,0,0,"0.000000,"
E,215,20,17,17,"1.236275,"
E,215,40,67,50,"3.636103,"
E,215,60,139,72,"5.235988,"
E,215,80,232,93,"6.763152,"
E,215,100,335,103,"7.490372,"
E,215,120,454,119,"8.653925,"
E,215,140,576,122,"8.872092,"
E,215,160,712,136,"9.890200,"
E,215,188,908,196,"14.253523,"
E,215,219,1135,227,"16.507907,"
E,215,251,1379,244,"17.744182,"
E,215,283,1627,248,"18.035070,"
E,215,316,1879,252,"18.325958,"
E,215,348,2131,252,"18.325958,"
E,215,380,2380,249,"18.107791,"
E,215,412,2635,255,"18.544124,"
E,215,445,2891,256,"18.616846,"
E,215,477,3147,256,"18.616846,"
E,215,509,3405,258,"18.762290,"
E,215,541,3665,260,"18.907735,"
E,215,574,3925,260,"18.907735,"
E,220,0,0,0,"0.000000,"
E,220,20,16,16,"1.163553,"
E,220,40,62,46,"3.345215,"
E,220,60,125,63,"4.581490,"
E,220,80,202,77,"5.599598,"
E,220,100,284,82,"5.963209,"
E,220,120,376,92,"6.690429,"
E,220,140,467,91,"6.617707,"
E,220,160,563,96,"6.981318,"
E,220,184,671,108,"7.853982,"
E,220,213,804,133,"9.672034,"
E,220,243,939,135,"9.817478,"
E,220,274,1088,149,"10.835587,"
E,220,306,1257,169,"12.290028,"
E,220,338,1428,171,"12.435472,"
E,220,370,1602,174,"12.653637,"
E,220,403,1778,176,"12.799082,"
E,220,435,1952,174,"12.653637,"
E,220,467,2128,176,"12.799082,"
E,220,499,2304,176,"12.799082,"
E,220,532,2480,176,"12.799082,"
E,220,564,2656,176,"12.799082,"
E,220,596,2830,174,"12.653637,"
E,225,0,0,0,"0.000000,"
E,225,20,16,16,"1.163553,"
E,225,40,60,44,"3.199770,"
E,225,60,128,68,"4.945100,"
E,225,80,206,78,"5.672320,"
E,225,100,300,94,"6.835874,"
E,225,120,396,96,"6.981318,"
E,225,140,503,107,"7.781260,"
E,225,160,609,106,"7.708538,"
E,225,185,761,152,"11.053752,"
E,225,216,964,203,"14.762578,"
E,225,248,1184,220,"15.998853,"
E,225,279,1422,238,"17.307849,"
E,225,312,1666,244,"17.744182,"
E,225,344,1912,246,"17.889627,"
E,225,377,2166,254,"18.471403,"
E,225,408,2422,256,"18.616846,"
E,225,441,2682,260,"18.907735,"
E,225,473,2943,261,"18.980457,"
E,225,505,3206,263,"19.125902,"
E,225,537,3470,264,"19.198623,"
E,225,569,3734,264,"19.198623,"
E,230,0,0,0,"0.000000,"
E,230,20,20,20,"1.454441,"
E,230,40,67,47,"3.417937,"
E,230,60,142,75,"5.454154,"
E,230,80,233,91,"6.617707,"
E,230,100,345,112,"8.144871,"
E,230,120,463,118,"8.581203,"
E,230,140,598,135,"9.817478,"
E,230,161,740,142,"10.326532,"
E,230,187,942,202,"14.689856,"
E,230,219,1179,237,"17.235128,"
E,230,251,1434,255,"18.544124,"
E,230,283,1692,258,"18.762290,"
E,230,315,1950,258,"18.762290,"
E,230,348,2210,260,"18.907735,"
E,230,380,2470,260,"18.907735,"
E,230,412,2730,260,"18.907735,"
E,230,444,2990,260,"18.907735,"
E,230,477,3252,262,"19.053178,"
E,230,509,3518,266,"19.344066,"
E,230,541,3784,266,"19.344066,"
E,230,573,4052,268,"19.489511,"
E,235,0,0,0,"0.000000,"
E,235,20,15,15,"1.090831,"
E,235,40,56,41,"2.981604,"
E,235,60,122,66,"4.799656,"
E,235,80,196,74,"5.381433,"
E,235,100,287,91,"6.617707,"
E,235,120,390,103,"7.490372,"
E,235,140,509,119,"8.653925,"
E,235,160,640,131,"9.526590,"
E,235,186,819,179,"13.017249,"
E,235,218,1046,227,"16.507907,"
E,235,250,1292,246,"17.889627,"
E,235,282,1549,257,"18.689569,"
E,235,314,1810,261,"18.980457,"
E,235,347,2074,264,"19.198623,"
E,235,379,2340,266,"19.344066,"
E,235,411,2608,268,"19.489511,"
E,235,443,2874,266,"19.344066,"
E,235,476,3141,267,"19.416788,"
E,235,508,3408,267,"19.416788,"
E,235,540,3677,269,"19.562232,"
E,235,572,3947,270,"19.634954,"
E,240,0,0,0,"0.000000,"
E,240,20,24,24,"1.745329,"
E,240,40,85,61,"4.436046,"
E,240,60,177,92,"6.690429,"
E,240,81,289,112,"8.144871,"
E,240,100,408,119,"8.653925,"
E,240,120,543,135,"9.817478,"
E,240,140,680,137,"9.962923,"
E,240,160,830,150,"10.908309,"
E,240,189,1054,224,"16.289741,"
E,240,222,1308,254,"18.471403,"
E,240,254,1570,262,"19.053178,"
E,240,285,1835,265,"19.271345,"
E,240,318,2104,269,"19.562232,"
E,240,350,2375,271,"19.707677,"
E,240,383,2646,271,"19.707677,"
E,240,414,2920,274,"19.925844,"
E,240,447,3193,273,"19.853120,"
E,240,479,3466,273,"19.853120,"
E,240,512,3738,272,"19.780399,"
E,240,543,4010,272,"19.780399,"
E,240,576,4283,273,"19.853120,"
E,245,0,0,0,"0.000000,"
E,245,20,22,22,"1.599885,"
E,245,40,72,50,"3.636103,"
E,245,60,147,75,"5.454154,"
E,245,80,231,84,"6.108653,"
E,245,100,332,101,"7.344928,"
E,245,120,451,119,"8.653925,"
E,245,140,578,127,"9.235702,"
E,245,160,720,142,"10.326532,"
E,245,188,908,188,"13.671748,"
E,245,219,1129,221,"16.071575,"
E,245,252,1375,246,"17.889627,"
E,245,283,1620,245,"17.816904,"
E,245,316,1847,227,"16.507907,"
E,245,348,2066,219,"15.926131,"
E,245,381,2283,217,"15.780687,"
E,245,412,2498,215,"15.635242,"
E,245,445,2722,224,"16.289741,"
E,245,477,2963,241,"17.526016,"
E,245,510,3218,255,"18.544124,"
E,245,541,3482,264,"19.198623,"
E,245,574,3752,270,"19.634954,"
E,250,0,0,0,"0.000000,"
E,250,20,25,25,"1.818051,"
E,250,40,90,65,"4.726934,"
E,250,60,189,99,"7.199483,"
E,250,81,311,122,"8.872092,"
E,250,100,441,130,"9.453868,"
E,250,120,589,148,"10.762866,"
E,250,140,739,150,"10.908309,"
E,250,160,903,164,"11.926418,"
E,250,191,1156,253,"18.398679,"
E,250,223,1421,265,"19.271345,"
E,250,256,1689,268,"19.489511,"
E,250,287,1962,273,"19.853120,"
E,250,320,2241,279,"20.289453,"
E,250,352,2522,281,"20.434898,"
E,250,385,2805,283,"20.580343,"
E,250,416,3089,284,"20.653062,"
E,250,449,3373,284,"20.653062,"
E,250,481,3657,284,"20.653062,"
E,250,514,3943,286,"20.798507,"
E,250,545,4230,287,"20.871229,"
E,250,577,4517,287,"20.871229,"
E,255,0,0,0,"0.000000,"
E,255,20,12,12,"0.872665,"
E,255,40,53,41,"2.981604,"
E,255,60,125,72,"5.235988,"
E,255,80,212,87,"6.326818,"
E,255,100,327,115,"8.363037,"
E,255,120,455,128,"9.308423,"
E,255,140,603,148,"10.762866,"
E,255,160,763,160,"11.635529,"
E,255,189,999,236,"17.162405,"
E,255,220,1268,269,"19.562232,"
E,255,252,1553,285,"20.725786,"
E,255,284,1844,291,"21.162118,"
E,255,316,2137,293,"21.307561,"
E,255,349,2433,296,"21.525730,"
E,255,381,2731,298,"21.671173,"
E,255,413,3029,298,"21.671173,"
E,255,445,3327,298,"21.671173,"
E,255,478,3627,300,"21.816617,"
E,255,510,3926,299,"21.743896,"
E,255,542,4225,299,"21.743896,"
E,255,574,4525,300,21.816617