0.00000,0.70000,0.00000,0.00000,0.00000,-0.00000,0.00000,-0.00000,0.00000
0.00000,0.70000,0.00000,0.00000,0.00000,3.28000,3.28000,-0.00000,0.00000
0.00000,0.70000,0.00000,0.00000,0.00000,3.28000,3.28000,49.25000,49.25000
0.00000,0.70000,0.00000,0.02000,0.00000,3.28000,3.28000,49.25000,49.25000
0.00000,0.70000,0.00000,0.02000,0.02000,3.28000,3.28000,68.62000,68.94000
0.00000,0.70000,-0.00000,0.25000,0.31000,3.28000,3.28000,68.62000,68.94000
0.00000,0.70000,0.01000,1.08000,0.48000,3.28000,3.28000,84.76000,83.94000
0.01000,0.70000,0.03000,1.97000,0.91000,3.15000,3.16000,84.76000,83.94000
0.01000,0.70000,0.06000,2.68000,1.18000,1.90000,2.13000,56.43000,75.53000
0.01000,0.70000,0.08000,2.53000,1.20000,1.34000,1.78000,56.43000,75.53000
0.02000,0.70000,0.09000,2.18000,1.45000,1.26000,1.86000,38.00000,74.43000
0.02000,0.70000,0.10000,1.27000,1.14000,1.22000,1.90000,38.00000,74.43000
0.02000,0.70000,0.09000,0.54000,1.06000,1.22000,1.91000,48.67000,80.03000
0.02000,0.70000,0.07000,0.37000,1.08000,1.24000,1.88000,48.67000,80.03000
0.03000,0.70000,0.06000,0.23000,1.25000,1.28000,1.84000,62.72000,84.57000
0.03000,0.70000,0.03000,0.02000,1.16000,1.34000,1.78000,62.72000,84.57000
0.03000,0.70000,0.01000,0.23000,1.43000,1.54000,1.83000,77.42000,87.74000
0.03000,0.70000,-0.00000,0.93000,1.66000,3.02000,3.03000,77.42000,87.74000
0.04000,0.70000,-0.00000,1.54000,1.51000,3.28000,3.28000,98.89000,106.02000
0.04000,0.70000,0.00000,2.53000,2.32000,3.28000,3.28000,98.89000,106.02000
0.05000,0.70000,0.01000,3.15000,2.86000,3.24000,3.25000,88.46000,105.28000
0.06000,0.70000,0.02000,3.63000,3.15000,3.14000,3.15000,88.46000,105.28000
0.06000,0.70000,0.02000,3.82000,3.65000,2.77000,2.80000,69.14000,91.61000
0.07000,0.70000,0.02000,3.42000,3.57000,2.55000,2.59000,69.14000,91.61000
0.08000,0.70000,0.01000,2.91000,3.30000,2.72000,2.75000,66.38000,82.57000
0.08000,0.70000,0.00000,2.59000,2.97000,3.06000,3.07000,66.38000,82.57000
0.09000,0.70000,-0.00000,2.41000,2.66000,3.23000,3.23000,82.18000,93.89000
0.10000,0.70000,-0.00000,2.47000,2.61000,3.28000,3.28000,82.18000,93.89000
0.10000,0.70000,-0.00000,2.78000,2.70000,3.28000,3.28000,88.67000,101.52000
0.11000,0.70000,-0.00000,2.86000,2.90000,3.28000,3.28000,88.67000,101.52000
0.12000,0.70000,-0.01000,3.09000,3.36000,3.28000,3.28000,87.66000,101.19000
0.12000,0.70000,-0.01000,3.44000,3.34000,3.25000,3.25000,87.66000,101.19000
0.13000,0.70000,0.00000,3.99000,3.49000,3.27000,3.27000,81.29000,96.72000
0.14000,0.70000,0.02000,4.25000,3.47000,3.23000,3.24000,81.29000,96.72000
0.15000,0.70000,0.04000,4.38000,3.34000,2.70000,2.73000,59.60000,86.39000
0.16000,0.70000,0.05000,4.05000,3.13000,1.46000,1.78000,59.60000,86.39000
0.16000,0.70000,0.06000,3.42000,2.95000,1.34000,1.78000,32.99000,72.69000
0.17000,0.70000,0.06000,2.30000,2.45000,1.31000,1.81000,32.99000,72.69000
0.17000,0.70000,0.05000,1.22000,1.97000,1.32000,1.80000,42.54000,75.20000
0.18000,0.70000,0.02000,0.48000,1.68000,1.37000,1.76000,42.54000,75.20000
0.18000,0.70000,0.00000,0.29000,1.39000,1.98000,2.20000,73.89000,88.76000
0.18000,0.70000,-0.01000,0.95000,1.49000,3.19000,3.20000,73.89000,88.76000
0.18000,0.70000,-0.00000,2.10000,1.81000,3.28000,3.28000,95.29000,110.88000
0.19000,0.70000,0.01000,3.05000,2.45000,3.26000,3.26000,95.29000,110.88000
0.20000,0.70000,0.02000,3.96000,3.18000,3.00000,3.01000,73.57000,103.26000
0.21000,0.70000,0.04000,4.25000,3.65000,1.90000,2.13000,73.57000,103.26000
0.22000,0.70000,0.04000,3.99000,3.80000,1.44000,1.77000,31.88000,69.90000
0.22000,0.70000,0.03000,2.95000,3.45000,1.40000,1.75000,31.88000,69.90000
0.23000,0.70000,0.01000,1.45000,2.66000,1.55000,1.84000,36.25000,62.77000
0.23000,0.70000,-0.02000,0.44000,1.83000,3.02000,3.04000,36.25000,62.77000
0.23000,0.70000,-0.04000,0.15000,1.25000,3.14000,3.13000,89.42000,96.86000
0.23000,0.70000,-0.04000,1.08000,1.22000,2.04000,1.80000,89.42000,96.86000
0.24000,0.70000,-0.03000,2.32000,1.83000,1.91000,1.65000,77.56000,91.40000
0.24000,0.70000,-0.02000,2.59000,2.03000,2.46000,2.33000,77.56000,91.40000
0.25000,0.70000,-0.02000,2.55000,2.37000,3.02000,3.01000,76.44000,102.19000
0.26000,0.70000,-0.02000,2.49000,2.74000,3.13000,3.12000,76.44000,102.19000
0.26000,0.70000,-0.03000,2.49000,3.05000,2.97000,2.95000,79.76000,96.61000
0.27000,0.70000,-0.05000,2.57000,3.32000,2.36000,2.15000,79.76000,96.61000
0.28000,0.70000,-0.06000,2.66000,3.34000,1.77000,1.45000,63.43000,66.69000
0.28000,0.70000,-0.07000,2.22000,2.82000,1.77000,1.36000,63.43000,66.69000
0.29000,0.70000,-0.07000,1.72000,1.91000,1.81000,1.32000,64.46000,60.89000
0.29000,0.70000,-0.07000,1.58000,1.35000,1.82000,1.30000,64.46000,60.89000
0.29000,0.70000,-0.05000,1.37000,0.60000,1.81000,1.32000,71.62000,73.95000
0.29000,0.70000,-0.03000,1.66000,0.48000,1.76000,1.37000,71.62000,73.95000
0.30000,0.70000,-0.01000,1.83000,0.68000,2.15000,1.92000,76.83000,95.82000
0.30000,0.70000,-0.00000,1.85000,1.41000,3.19000,3.19000,76.83000,95.82000
0.30000,0.70000,-0.00000,1.89000,1.89000,3.28000,3.28000,93.99000,110.94000
0.31000,0.70000,-0.01000,2.22000,2.47000,3.28000,3.28000,93.99000,110.94000
0.32000,0.70000,-0.02000,2.68000,3.20000,3.25000,3.24000,96.49000,105.73000
0.32000,0.70000,-0.03000,3.09000,3.61000,3.02000,3.01000,96.49000,105.73000
0.33000,0.70000,-0.03000,3.84000,3.74000,2.48000,2.37000,78.11000,80.20000
0.34000,0.70000,-0.01000,4.11000,3.32000,2.58000,2.54000,78.11000,80.20000
0.35000,0.70000,0.01000,4.13000,2.82000,3.19000,3.19000,69.83000,89.31000
0.36000,0.70000,0.04000,4.00000,2.74000,3.00000,3.02000,69.83000,89.31000
0.36000,0.70000,0.06000,3.74000,2.57000,1.49000,1.80000,40.43000,76.39000
0.37000,0.70000,0.06000,2.99000,2.55000,1.33000,1.79000,40.43000,76.39000
0.37000,0.70000,0.06000,1.91000,2.10000,1.30000,1.82000,37.73000,73.88000
0.38000,0.70000,0.05000,1.08000,1.76000,1.31000,1.81000,37.73000,73.88000
0.38000,0.70000,0.03000,0.42000,1.43000,1.36000,1.77000,57.07000,80.56000
0.38000,0.70000,0.01000,0.58000,1.52000,1.60000,1.87000,57.07000,80.56000
0.38000,0.70000,0.01000,1.08000,1.45000,2.86000,2.88000,88.74000,100.98000
0.39000,0.70000,0.01000,2.20000,2.03000,3.12000,3.13000,88.74000,100.98000
0.39000,0.70000,0.02000,3.24000,2.57000,3.02000,3.04000,80.60000,103.74000
0.40000,0.70000,0.03000,3.69000,2.99000,2.14000,2.34000,80.60000,103.74000
0.41000,0.70000,0.04000,3.99000,3.43000,1.46000,1.78000,39.68000,76.51000
0.42000,0.70000,0.05000,3.24000,2.97000,1.37000,1.76000,39.68000,76.51000
0.42000,0.70000,0.04000,1.85000,2.41000,1.35000,1.78000,31.39000,69.60000
0.43000,0.70000,0.02000,1.00000,2.16000,1.39000,1.75000,31.39000,69.60000
0.43000,0.70000,-0.01000,0.08000,1.66000,2.25000,2.43000,67.25000,84.30000
0.43000,0.70000,-0.03000,0.56000,1.66000,3.27000,3.27000,67.25000,84.30000
0.43000,0.70000,-0.04000,1.10000,1.83000,2.55000,2.51000,85.87000,94.64000
0.44000,0.70000,-0.04000,2.16000,2.10000,1.83000,1.54000,85.87000,94.64000
0.44000,0.70000,-0.03000,2.93000,2.43000,1.85000,1.56000,63.26000,79.01000
0.45000,0.70000,-0.03000,2.68000,2.35000,2.31000,2.10000,63.26000,79.01000
0.46000,0.70000,-0.03000,2.18000,2.20000,2.69000,2.66000,66.25000,88.47000
0.46000,0.70000,-0.03000,1.83000,2.10000,2.65000,2.61000,66.25000,88.47000
0.46000,0.70000,-0.04000,1.78000,2.28000,2.32000,2.11000,73.55000,85.93000
0.47000,0.70000,-0.05000,1.66000,2.37000,1.83000,1.55000,73.55000,85.93000
0.47000,0.70000,-0.06000,1.99000,2.16000,1.76000,1.37000,70.59000,70.89000
0.48000,0.70000,-0.06000,1.87000,1.89000,1.77000,1.36000,70.59000,70.89000
0.48000,0.70000,-0.05000,1.76000,1.39000,1.77000,1.36000,68.26000,71.82000
0.48000,0.70000,-0.05000,1.52000,1.22000,1.76000,1.39000,68.26000,71.82000
0.49000,0.70000,-0.03000,1.64000,0.85000,1.76000,1.43000,72.78000,79.64000
0.49000,0.70000,-0.01000,1.89000,0.93000,2.23000,2.01000,72.78000,79.64000
0.49000,0.70000,-0.00000,1.91000,1.27000,3.14000,3.14000,89.42000,110.86000
0.50000,0.70000,0.01000,2.57000,2.12000,3.28000,3.28000,89.42000,110.86000
0.51000,0.70000,0.01000,2.99000,2.82000,3.18000,3.19000,87.21000,107.08000
0.51000,0.70000,0.01000,3.11000,3.30000,3.10000,3.11000,87.21000,107.08000
0.52000,0.70000,-0.01000,3.11000,3.86000,3.18000,3.19000,82.78000,95.78000
0.53000,0.70000,-0.02000,3.28000,3.76000,3.26000,3.25000,82.78000,95.78000
0.54000,0.70000,-0.02000,3.57000,3.69000,3.08000,3.07000,79.13000,86.43000
0.54000,0.70000,-0.01000,3.74000,3.32000,2.98000,2.97000,79.13000,86.43000
0.55000,0.70000,0.00000,3.94000,3.07000,3.20000,3.19000,72.91000,90.74000
0.56000,0.70000,0.02000,3.98000,2.90000,3.21000,3.22000,72.91000,90.74000
0.57000,0.70000,0.04000,3.82000,2.93000,2.10000,2.31000,49.49000,82.95000
0.57000,0.70000,0.05000,3.20000,2.72000,1.41000,1.75000,49.49000,82.95000
0.58000,0.70000,0.05000,2.41000,2.51000,1.36000,1.77000,38.85000,74.08000
0.58000,0.70000,0.03000,1.58000,2.26000,1.36000,1.77000,38.85000,74.08000
0.59000,0.70000,0.02000,0.87000,1.83000,1.46000,1.77000,53.59000,75.28000
0.59000,0.70000,-0.00000,0.75000,1.76000,2.53000,2.57000,53.59000,75.28000
0.59000,0.70000,-0.02000,0.66000,1.47000,3.25000,3.26000,92.26000,102.06000
0.60000,0.70000,-0.02000,1.78000,2.12000,3.16000,3.16000,92.26000,102.06000
0.60000,0.70000,-0.01000,3.13000,2.66000,2.96000,2.94000,87.38000,101.07000
0.61000,0.70000,0.00000,3.94000,2.99000,3.21000,3.20000,87.38000,101.07000
0.62000,0.70000,0.02000,4.40000,3.34000,3.17000,3.18000,65.23000,96.48000
0.63000,0.70000,0.03000,4.05000,3.51000,1.95000,2.18000,65.23000,96.48000
0.64000,0.70000,0.03000,3.59000,3.61000,1.47000,1.78000,33.48000,68.84000
0.64000,0.70000,0.02000,2.45000,2.89000,1.46000,1.78000,33.48000,68.84000
0.65000,0.70000,0.00000,1.14000,2.37000,1.70000,1.96000,45.47000,70.51000
0.65000,0.70000,-0.02000,0.25000,1.74000,3.14000,3.15000,45.47000,70.51000
0.65000,0.70000,-0.05000,0.00000,1.14000,2.95000,2.93000,92.73000,96.69000
0.65000,0.70000,-0.06000,0.83000,1.54000,1.81000,1.51000,92.73000,96.69000
0.66000,0.70000,-0.06000,2.07000,2.14000,1.76000,1.37000,82.40000,83.48000
0.66000,0.70000,-0.05000,2.70000,2.16000,1.77000,1.36000,82.40000,83.48000
0.67000,0.70000,-0.03000,3.03000,2.18000,1.76000,1.41000,59.88000,73.83000
0.67000,0.70000,-0.02000,2.57000,1.99000,2.20000,1.97000,59.88000,73.83000
0.68000,0.70000,-0.02000,1.79000,1.66000,2.86000,2.83000,72.60000,93.15000
0.68000,0.70000,-0.03000,1.41000,2.03000,2.96000,2.94000,72.60000,93.15000
0.68000,0.70000,-0.05000,1.49000,2.26000,2.24000,2.03000,82.55000,85.46000
0.69000,0.70000,-0.06000,1.68000,2.41000,1.76000,1.43000,82.55000,85.46000
0.69000,0.70000,-0.06000,2.30000,2.26000,1.78000,1.35000,76.54000,69.61000
0.70000,0.70000,-0.05000,2.57000,1.89000,1.78000,1.34000,76.54000,69.61000
0.70000,0.70000,-0.03000,2.70000,1.54000,1.75000,1.40000,63.36000,71.86000
0.71000,0.70000,-0.01000,2.28000,1.37000,2.49000,2.38000,63.36000,71.86000
0.71000,0.70000,-0.00000,1.54000,1.14000,3.21000,3.20000,84.57000,103.69000
0.72000,0.70000,-0.01000,1.64000,1.85000,3.28000,3.28000,84.57000,103.69000
0.72000,0.70000,-0.02000,1.89000,2.53000,3.25000,3.25000,100.50000,108.29000
0.73000,0.70000,-0.03000,2.49000,3.19000,2.95000,2.93000,100.50000,108.29000
0.73000,0.70000,-0.03000,3.40000,3.49000,2.11000,1.88000,80.34000,75.93000
0.74000,0.70000,-0.02000,3.86000,3.15000,1.98000,1.72000,80.34000,75.93000
0.75000,0.70000,0.01000,4.07000,2.59000,2.75000,2.72000,67.07000,81.26000
0.76000,0.70000,0.04000,3.90000,2.16000,3.24000,3.24000,67.07000,81.26000
0.76000,0.70000,0.07000,3.65000,2.16000,1.50000,1.80000,41.08000,79.82000
0.77000,0.70000,0.08000,2.86000,1.93000,1.31000,1.81000,41.08000,79.82000
0.77000,0.70000,0.08000,1.85000,2.01000,1.25000,1.87000,38.50000,82.18000
0.78000,0.70000,0.07000,1.04000,1.85000,1.26000,1.87000,38.50000,82.18000
0.78000,0.70000,0.04000,0.48000,1.91000,1.30000,1.82000,56.90000,82.35000
0.78000,0.70000,0.02000,0.73000,1.81000,1.40000,1.75000,56.90000,82.35000
0.78000,0.70000,0.01000,1.16000,1.85000,2.27000,2.43000,77.68000,91.96000
0.79000,0.70000,0.01000,1.76000,1.87000,3.06000,3.07000,77.68000,91.96000
0.79000,0.70000,0.01000,2.53000,2.08000,3.11000,3.12000,84.08000,105.17000
0.80000,0.70000,0.03000,3.26000,2.59000,2.73000,2.75000,84.08000,105.17000
0.81000,0.70000,0.04000,3.80000,3.20000,1.68000,1.94000,48.25000,84.08000
0.82000,0.70000,0.04000,3.40000,3.20000,1.40000,1.75000,48.25000,84.08000
0.82000,0.70000,0.03000,2.49000,2.95000,1.37000,1.76000,31.88000,68.44000
0.83000,0.70000,0.02000,1.31000,2.26000,1.41000,1.75000,31.88000,68.44000
0.83000,0.70000,-0.01000,0.31000,1.81000,2.02000,2.24000,60.95000,81.02000
0.83000,0.70000,-0.04000,0.12000,1.87000,3.28000,3.28000,60.95000,81.02000
0.83000,0.70000,-0.07000,0.58000,1.87000,2.07000,1.83000,83.65000,80.59000
0.84000,0.70000,-0.07000,1.78000,1.89000,1.77000,1.35000,83.65000,80.59000
0.84000,0.70000,-0.05000,2.74000,1.68000,1.79000,1.34000,66.18000,72.74000
0.85000,0.70000,-0.03000,2.95000,1.64000,1.77000,1.45000,66.18000,72.74000
0.85000,0.70000,-0.00000,2.59000,1.43000,2.89000,2.87000,65.26000,96.07000
0.86000,0.70000,0.01000,2.30000,1.72000,3.27000,3.27000,65.26000,96.07000
0.86000,0.70000,-0.01000,1.70000,2.51000,3.06000,3.07000,77.14000,105.25000
0.87000,0.70000,-0.04000,1.66000,3.15000,3.28000,3.28000,77.14000,105.25000
0.87000,0.70000,-0.06000,2.01000,3.30000,2.23000,2.01000,78.91000,75.99000
0.88000,0.70000,-0.07000,2.12000,2.86000,1.77000,1.36000,78.91000,75.99000
0.88000,0.70000,-0.07000,2.28000,2.43000,1.82000,1.30000,69.35000,62.82000
0.89000,0.70000,-0.07000,1.93000,1.62000,1.84000,1.28000,69.35000,62.82000
0.89000,0.70000,-0.06000,1.62000,0.98000,1.83000,1.29000,70.51000,71.97000
0.89000,0.70000,-0.04000,1.54000,0.56000,1.80000,1.32000,70.51000,71.97000
0.90000,0.70000,-0.02000,1.58000,0.46000,1.75000,1.40000,74.67000,87.47000
0.90000,0.70000,-0.00000,1.64000,0.81000,2.40000,2.20000,74.67000,87.47000
0.90000,0.70000,0.01000,1.95000,1.41000,3.13000,3.12000,95.01000,114.55000
0.91000,0.70000,0.01000,2.43000,2.22000,3.28000,3.27000,95.01000,114.55000
0.91000,0.70000,0.01000,2.86000,2.99000,3.28000,3.28000,94.39000,109.67000
0.92000,0.70000,-0.00000,3.13000,3.53000,3.28000,3.28000,94.39000,109.67000
0.93000,0.70000,-0.01000,3.22000,3.86000,3.21000,3.20000,87.86000,95.26000
0.94000,0.70000,-0.02000,3.47000,3.84000,2.74000,2.71000,87.86000,95.26000
0.95000,0.70000,-0.01000,3.92000,3.61000,2.10000,1.87000,66.75000,68.60000
0.95000,0.70000,0.00000,3.80000,2.88000,2.17000,1.95000,66.75000,68.60000
0.96000,0.70000,0.03000,3.49000,2.24000,2.93000,2.91000,66.03000,86.80000
0.97000,0.70000,0.05000,3.26000,2.14000,3.27000,3.27000,66.03000,86.80000
0.97000,0.70000,0.06000,3.03000,2.22000,2.42000,2.50000,61.21000,92.04000
0.98000,0.70000,0.06000,2.68000,2.53000,1.41000,1.75000,61.21000,92.04000
0.98000,0.70000,0.06000,2.45000,2.61000,-0.66000,-1.76000,18.76000,24.40000
0.99000,0.70000,0.06000,1.56000,1.49000,-0.74000,-1.86000,18.76000,24.40000
0.99000,0.70000,0.06000,0.17000,0.08000,-0.78000,-1.92000,13.67000,11.72000
0.99000,0.70000,0.06000,0.00000,0.00000,-0.79000,-1.93000,13.67000,11.72000
0.99000,0.70000,0.06000,0.00000,0.00000,-0.79000,-1.93000,22.89000,13.49000
0.99000,0.70000,0.06000,0.00000,0.00000,-0.79000,-1.93000,22.89000,13.49000
0.99000,0.70000,0.06000,0.00000,0.00000,-0.79000,-1.93000,18.16000,1.89000
0.99000,0.70000,0.06000,0.00000,0.00000,-0.79000,-1.93000,18.16000,1.89000
0.99000,0.70000,0.06000,0.00000,0.00000,-0.79000,-1.93000,13.42000,-9.70000
0.99000,0.70000,0.06000,0.00000,0.00000,-0.79000,-1.93000,13.42000,-9.70000
0.99000,0.70000,0.06000,0.00000,0.00000,-0.79000,-1.93000,8.69000,-21.30000
0.99000,0.70000,0.06000,0.00000,0.00000,-0.79000,-1.93000,8.69000,-21.30000
0.99000,0.70000,0.06000,0.00000,0.00000,-0.79000,-1.93000,3.96000,-32.90000
0.99000,0.70000,0.06000,0.00000,0.00000,-0.79000,-1.93000,3.96000,-32.90000
0.99000,0.70000,0.06000,0.00000,0.00000,-0.79000,-1.93000,-0.78000,-44.50000
0.99000,0.70000,0.06000,0.00000,0.00000,-0.79000,-1.93000,-0.78000,-44.50000
0.99000,0.70000,0.06000,0.00000,0.00000,-0.79000,-1.93000,-5.51000,-56.10000
0.99000,0.70000,0.06000,0.00000,0.00000,-0.79000,-1.93000,-5.51000,-56.10000
0.99000,0.70000,0.06000,0.00000,0.00000,-0.79000,-1.93000,-10.25000,-67.70000
0.99000,0.70000,0.07000,0.00000,-0.12000,-0.79000,-1.93000,-10.25000,-67.70000
0.99000,0.70000,0.07000,0.00000,0.00000,-0.79000,-1.94000,-15.03000,-77.50000
0.99000,0.70000,0.07000,0.00000,0.00000,-0.79000,-1.94000,-15.03000,-77.50000
0.99000,0.70000,0.07000,0.00000,0.00000,-0.79000,-1.94000,-19.79000,-90.25000
0.99000,0.70000,0.07000,0.00000,-0.02000,-0.79000,-1.94000,-19.79000,-90.25000
0.99000,0.70000,0.07000,0.00000,-0.50000,-0.79000,-1.94000,-24.55000,-101.58000
0.98000,0.70000,0.10000,0.00000,-1.27000,-0.81000,-1.96000,-24.55000,-101.58000
0.98000,0.70000,0.13000,0.00000,-1.97000,-0.83000,-2.00000,-29.89000,-95.30000
0.98000,0.70000,0.17000,0.00000,-2.16000,-0.86000,-2.05000,-29.89000,-95.30000
0.98000,0.70000,0.22000,0.00000,-2.45000,-0.88000,-2.10000,-35.65000,-87.80000
0.97000,0.70000,0.26000,-0.04000,-2.39000,-0.90000,-2.14000,-35.65000,-87.80000
0.97000,0.70000,0.30000,0.00000,-2.20000,-0.90000,-2.16000,-40.61000,-84.98000
0.97000,0.70000,0.34000,0.00000,-2.16000,-0.91000,-2.18000,-40.61000,-84.98000
0.97000,0.70000,0.37000,-0.02000,-2.07000,-0.90000,-2.19000,-46.44000,-87.53000
0.97000,0.70000,0.41000,0.00000,-1.95000,-0.91000,-2.20000,-46.44000,-87.53000
0.96000,0.69000,0.45000,-0.02000,-1.99000,-0.91000,-2.21000,-51.89000,-91.06000
0.96000,0.69000,0.48000,-0.12000,-2.05000,-0.91000,-2.21000,-51.89000,-91.06000
0.96000,0.69000,0.51000,-0.54000,-2.18000,-0.91000,-2.21000,-55.48000,-91.13000
0.96000,0.69000,0.53000,-0.87000,-2.14000,-0.91000,-2.21000,-55.48000,-91.13000
0.95000,0.69000,0.56000,-0.93000,-2.30000,-0.91000,-2.21000,-48.99000,-90.84000
0.95000,0.69000,0.59000,-0.68000,-2.32000,-0.91000,-2.21000,-48.99000,-90.84000
0.95000,0.69000,0.62000,-0.44000,-2.34000,-0.91000,-2.21000,-52.02000,-88.51000
0.94000,0.68000,0.66000,-0.39000,-2.32000,-0.91000,-2.21000,-52.02000,-88.51000
0.94000,0.68000,0.69000,-0.46000,-2.34000,-0.91000,-2.21000,-57.75000,-87.86000
0.94000,0.68000,0.72000,-0.71000,-2.34000,-0.91000,-2.21000,-57.75000,-87.86000
0.94000,0.68000,0.75000,-0.75000,-2.26000,-0.91000,-2.21000,-56.21000,-86.86000
0.93000,0.67000,0.78000,-0.73000,-2.28000,-0.91000,-2.21000,-56.21000,-86.86000
0.93000,0.67000,0.80000,-0.75000,-2.24000,-0.92000,-2.21000,-57.20000,-86.94000
0.93000,0.67000,0.83000,-0.93000,-2.18000,-0.92000,-2.21000,-57.20000,-86.94000
0.93000,0.67000,0.85000,-1.12000,-2.18000,-0.92000,-2.20000,-55.31000,-87.98000
0.92000,0.66000,0.87000,-1.00000,-2.20000,-0.92000,-2.20000,-55.31000,-87.98000
0.92000,0.66000,0.89000,-0.93000,-2.32000,-0.93000,-2.20000,-54.37000,-87.76000
0.92000,0.66000,0.92000,-0.93000,-2.32000,-0.93000,-2.20000,-54.37000,-87.76000
0.92000,0.66000,0.94000,-0.95000,-2.30000,-0.93000,-2.19000,-54.99000,-85.77000
0.92000,0.65000,0.97000,-0.54000,-1.93000,-0.94000,-2.19000,-54.99000,-85.77000
0.91000,0.65000,0.99000,-0.15000,-1.45000,-0.94000,-2.18000,-61.06000,-90.75000
0.91000,0.65000,1.02000,-0.02000,-1.43000,-0.95000,-2.17000,-61.06000,-90.75000
0.91000,0.65000,1.04000,-0.10000,-1.35000,-0.96000,-2.17000,-71.49000,-99.49000
0.91000,0.65000,1.06000,-0.64000,-1.56000,-0.97000,-2.16000,-71.49000,-99.49000
0.91000,0.64000,1.07000,-1.22000,-1.85000,-0.97000,-2.15000,-67.95000,-101.85000
0.91000,0.64000,1.08000,-1.43000,-2.12000,-0.97000,-2.15000,-67.95000,-101.85000
0.91000,0.64000,1.10000,-1.35000,-2.53000,-0.97000,-2.15000,-58.11000,-97.00000
0.90000,0.63000,1.13000,-1.29000,-2.70000,-0.98000,-2.15000,-58.11000,-97.00000
0.90000,0.63000,1.15000,-1.27000,-2.78000,-0.98000,-2.14000,-57.68000,-88.39000
0.90000,0.63000,1.19000,-0.89000,-2.70000,-0.99000,-2.14000,-57.68000,-88.39000
0.90000,0.62000,1.22000,-0.46000,-2.16000,-0.99000,-2.13000,-61.96000,-84.83000
0.90000,0.62000,1.24000,-0.19000,-1.72000,-1.01000,-2.12000,-61.96000,-84.83000
0.90000,0.62000,1.27000,-0.10000,-1.54000,-1.01000,-2.11000,-73.42000,-95.76000
0.90000,0.62000,1.30000,-0.02000,-1.49000,-1.03000,-2.11000,-73.42000,-95.76000
0.90000,0.62000,1.31000,-0.42000,-1.39000,-2.50000,-2.59000,-103.11000,-108.71000
0.90000,0.61000,1.31000,-1.70000,-1.62000,-3.21000,-3.24000,-103.11000,-108.71000
0.90000,0.61000,1.30000,-2.45000,-1.85000,-3.17000,-3.20000,-102.85000,-122.55000
0.89000,0.60000,1.29000,-2.88000,-2.43000,-2.21000,-0.91000,-102.85000,-122.55000
0.89000,0.60000,1.29000,-2.84000,-2.82000,-2.21000,-0.91000,-79.59000,-85.56000
0.89000,0.59000,1.30000,-2.28000,-2.49000,-2.21000,-0.91000,-79.59000,-85.56000
0.89000,0.59000,1.30000,-1.60000,-1.95000,-2.21000,-0.91000,-84.58000,-75.50000
0.89000,0.58000,1.30000,-1.22000,-0.81000,-2.21000,-0.91000,-84.58000,-75.50000
0.89000,0.58000,1.28000,-1.56000,-0.39000,-2.21000,-0.91000,-100.00000,-91.20000
0.89000,0.58000,1.25000,-2.30000,-0.64000,-2.21000,-0.91000,-100.00000,-91.20000
0.89000,0.57000,1.21000,-3.11000,-1.10000,-2.21000,-0.91000,-89.77000,-94.29000
0.88000,0.57000,1.17000,-3.24000,-1.14000,-2.21000,-0.91000,-89.77000,-94.29000
0.88000,0.57000,1.14000,-2.82000,-1.20000,-2.21000,-0.91000,-75.25000,-88.43000
0.88000,0.56000,1.12000,-2.39000,-1.31000,-2.21000,-0.91000,-75.25000,-88.43000
0.88000,0.56000,1.10000,-2.05000,-1.02000,-2.21000,-0.91000,-81.87000,-84.56000
0.88000,0.56000,1.08000,-1.66000,-0.58000,-2.21000,-0.91000,-81.87000,-84.56000
0.88000,0.55000,1.07000,-1.58000,-0.56000,-2.21000,-0.91000,-91.72000,-93.07000
0.88000,0.55000,1.04000,-1.81000,-0.68000,-2.21000,-0.91000,-91.72000,-93.07000
0.87000,0.55000,1.02000,-2.18000,-0.89000,-2.21000,-0.91000,-92.86000,-93.50000
0.87000,0.55000,0.99000,-2.45000,-0.81000,-2.21000,-0.91000,-92.86000,-93.50000
0.87000,0.54000,0.96000,-2.78000,-0.79000,-2.21000,-0.91000,-85.63000,-93.03000
0.87000,0.54000,0.91000,-3.28000,-0.81000,-2.21000,-0.92000,-85.63000,-93.03000
0.86000,0.53000,0.87000,-3.63000,-1.08000,-2.20000,-0.92000,-71.65000,-93.78000
0.86000,0.53000,0.82000,-3.46000,-1.20000,-2.20000,-0.93000,-71.65000,-93.78000
0.86000,0.53000,0.79000,-3.05000,-1.22000,-2.19000,-0.94000,-62.16000,-88.78000
0.85000,0.52000,0.77000,-2.51000,-1.22000,-2.18000,-0.95000,-62.16000,-88.78000
0.85000,0.52000,0.75000,-2.12000,-1.16000,-2.17000,-0.95000,-68.62000,-87.05000
0.85000,0.52000,0.73000,-1.81000,-0.83000,-2.17000,-0.95000,-68.62000,-87.05000
0.85000,0.52000,0.71000,-1.68000,-0.52000,-2.17000,-0.96000,-77.08000,-91.43000
0.85000,0.52000,0.69000,-1.74000,-0.52000,-2.16000,-0.96000,-77.08000,-91.43000
0.84000,0.51000,0.67000,-1.97000,-0.64000,-2.15000,-0.97000,-79.99000,-97.05000
0.84000,0.51000,0.64000,-2.05000,-0.60000,-2.15000,-0.98000,-79.99000,-97.05000
0.84000,0.51000,0.60000,-2.26000,-0.19000,-2.14000,-0.99000,-77.57000,-98.78000
0.84000,0.51000,0.56000,-2.39000,-0.10000,-2.12000,-1.00000,-77.57000,-98.78000
0.83000,0.51000,0.52000,-2.37000,0.00000,-2.11000,-1.01000,-72.65000,-108.95000
0.83000,0.51000,0.48000,-2.35000,0.00000,-2.34000,-1.93000,-72.65000,-108.95000
0.83000,0.51000,0.44000,-2.08000,0.00000,-3.04000,-3.08000,-85.56000,-146.91000
0.83000,0.50000,0.42000,-2.24000,-1.10000,-1.02000,-2.11000,-85.56000,-146.91000
0.82000,0.50000,0.42000,-2.63000,-2.57000,-1.01000,-2.11000,-60.87000,-134.43000
0.82000,0.50000,0.43000,-2.34000,-3.17000,-1.01000,-2.12000,-60.87000,-134.43000
0.81000,0.50000,0.46000,-1.68000,-3.47000,-1.01000,-2.12000,-51.91000,-109.45000
0.81000,0.49000,0.52000,-0.46000,-3.32000,-1.02000,-2.11000,-51.91000,-109.45000
0.80000,0.49000,0.57000,0.00000,-3.05000,-2.70000,-2.77000,-97.64000,-110.74000
0.80000,0.49000,0.62000,-0.08000,-2.76000,-2.19000,-1.44000,-97.64000,-110.74000
0.80000,0.49000,0.65000,-0.79000,-2.76000,-1.02000,-2.11000,-91.45000,-105.87000
0.79000,0.49000,0.68000,-1.74000,-2.90000,-2.55000,-2.63000,-91.45000,-105.87000
0.79000,0.48000,0.69000,-1.99000,-2.99000,-3.26000,-3.29000,-105.84000,-117.52000
0.78000,0.48000,0.71000,-2.43000,-3.40000,-2.98000,-2.94000,-105.84000,-117.52000
0.78000,0.47000,0.73000,-2.55000,-3.71000,-2.16000,-1.33000,-88.18000,-82.96000
0.77000,0.47000,0.75000,-2.61000,-3.36000,-2.11000,-1.02000,-88.18000,-82.96000
0.77000,0.47000,0.74000,-2.68000,-2.59000,-2.11000,-1.01000,-83.02000,-66.38000
0.77000,0.46000,0.73000,-2.82000,-1.87000,-2.11000,-1.01000,-83.02000,-66.38000
0.76000,0.46000,0.70000,-2.84000,-1.31000,-2.11000,-1.02000,-76.81000,-74.75000
0.76000,0.46000,0.67000,-2.57000,-0.95000,-2.15000,-1.26000,-76.81000,-74.75000
0.76000,0.45000,0.65000,-1.83000,-0.48000,-3.23000,-3.20000,-93.05000,-116.06000
0.75000,0.45000,0.64000,-1.83000,-1.24000,-2.90000,-2.95000,-93.05000,-116.06000
0.75000,0.45000,0.63000,-2.24000,-2.03000,-1.93000,-2.34000,-88.75000,-112.35000
0.75000,0.45000,0.63000,-2.47000,-2.32000,-1.44000,-2.19000,-88.75000,-112.35000
0.74000,0.44000,0.63000,-2.39000,-2.59000,-1.19000,-2.13000,-68.63000,-99.59000
0.74000,0.44000,0.64000,-1.70000,-2.32000,-1.26000,-2.15000,-68.63000,-99.59000
0.73000,0.44000,0.66000,-1.16000,-1.95000,-2.13000,-2.42000,-86.58000,-102.75000
0.73000,0.44000,0.67000,-1.35000,-1.74000,-3.06000,-3.10000,-86.58000,-102.75000
0.73000,0.43000,0.67000,-1.64000,-1.64000,-3.22000,-3.25000,-110.77000,-124.44000
0.73000,0.43000,0.65000,-2.65000,-1.91000,-3.21000,-3.24000,-110.77000,-124.44000
0.72000,0.43000,0.62000,-3.96000,-2.45000,-2.68000,-2.75000,-94.33000,-123.55000
0.71000,0.42000,0.60000,-4.58000,-2.99000,-1.03000,-2.11000,-94.33000,-123.55000
0.71000,0.42000,0.57000,-4.65000,-3.32000,-1.01000,-2.12000,-40.45000,-102.94000
0.70000,0.41000,0.57000,-3.74000,-3.40000,-0.99000,-2.13000,-40.45000,-102.94000
0.69000,0.41000,0.58000,-2.05000,-3.03000,-0.98000,-2.15000,-31.28000,-91.90000
0.69000,0.41000,0.61000,-0.77000,-2.28000,-0.97000,-2.15000,-31.28000,-91.90000
0.69000,0.41000,0.64000,-0.06000,-1.68000,-0.98000,-2.14000,-59.28000,-101.14000
0.69000,0.40000,0.65000,-0.44000,-1.22000,-0.99000,-2.14000,-59.28000,-101.14000
0.69000,0.40000,0.66000,-0.62000,-1.12000,-0.99000,-2.13000,-65.70000,-116.01000
0.68000,0.40000,0.68000,-0.68000,-1.62000,-3.20000,-3.22000,-65.70000,-116.01000
0.68000,0.40000,0.70000,-0.91000,-1.91000,-3.19000,-3.16000,-98.35000,-131.03000
0.68000,0.40000,0.70000,-1.89000,-2.12000,-2.36000,-1.98000,-98.35000,-131.03000
0.67000,0.39000,0.69000,-2.74000,-2.28000,-2.20000,-1.47000,-80.43000,-107.50000
0.67000,0.39000,0.68000,-2.90000,-2.20000,-2.46000,-2.23000,-80.43000,-107.50000
0.67000,0.39000,0.67000,-2.91000,-2.14000,-3.08000,-3.04000,-80.25000,-125.92000
0.66000,0.38000,0.66000,-2.88000,-2.61000,-3.30000,-3.27000,-80.25000,-125.92000
0.66000,0.38000,0.67000,-2.84000,-3.01000,-3.24000,-3.27000,-84.00000,-128.10000
0.65000,0.37000,0.67000,-3.05000,-3.22000,-3.26000,-3.29000,-84.00000,-128.10000
0.64000,0.37000,0.67000,-3.22000,-3.53000,-3.29000,-3.27000,-84.47000,-123.03000
0.64000,0.36000,0.69000,-3.11000,-3.94000,-3.24000,-3.21000,-84.47000,-123.03000
0.63000,0.36000,0.71000,-2.82000,-4.21000,-2.65000,-2.57000,-75.34000,-101.91000
0.63000,0.35000,0.74000,-2.37000,-4.05000,-2.11000,-1.03000,-75.34000,-101.91000
0.62000,0.35000,0.78000,-1.80000,-3.86000,-2.12000,-1.01000,-75.77000,-68.75000
0.62000,0.35000,0.82000,-1.22000,-3.13000,-2.13000,-0.99000,-75.77000,-68.75000
0.62000,0.34000,0.84000,-0.75000,-2.08000,-2.15000,-0.97000,-91.93000,-63.65000
0.61000,0.34000,0.84000,-1.12000,-1.20000,-2.17000,-0.96000,-91.93000,-63.65000
0.61000,0.34000,0.83000,-1.37000,-0.52000,-2.17000,-0.95000,-99.31000,-79.37000
0.61000,0.34000,0.80000,-1.87000,-0.39000,-2.17000,-0.96000,-99.31000,-79.37000
0.61000,0.34000,0.76000,-2.76000,-0.58000,-2.16000,-0.97000,-94.24000,-90.21000
0.60000,0.33000,0.72000,-3.22000,-1.06000,-2.15000,-0.98000,-94.24000,-90.21000
0.60000,0.33000,0.69000,-3.38000,-1.54000,-2.13000,-0.99000,-75.39000,-84.05000
0.60000,0.33000,0.66000,-2.80000,-1.43000,-2.12000,-1.00000,-75.39000,-84.05000
0.59000,0.32000,0.65000,-2.20000,-1.31000,-2.12000,-1.01000,-74.92000,-78.29000
0.59000,0.32000,0.63000,-1.93000,-0.77000,-2.12000,-1.01000,-74.92000,-78.29000
0.59000,0.32000,0.60000,-1.43000,-0.23000,-2.11000,-1.01000,-83.72000,-85.80000
0.59000,0.32000,0.58000,-1.29000,0.00000,-2.11000,-1.03000,-83.72000,-85.80000
0.59000,0.32000,0.55000,-1.60000,-0.15000,-2.40000,-2.08000,-98.77000,-114.73000
0.58000,0.32000,0.54000,-1.89000,-0.87000,-3.29000,-3.27000,-98.77000,-114.73000
0.58000,0.32000,0.52000,-2.59000,-1.80000,-2.91000,-2.96000,-104.09000,-127.31000
0.57000,0.31000,0.51000,-3.22000,-2.49000,-1.37000,-2.17000,-104.09000,-127.31000
0.57000,0.31000,0.49000,-3.92000,-3.09000,-1.01000,-2.12000,-61.82000,-102.95000
0.56000,0.30000,0.48000,-3.92000,-3.20000,-1.00000,-2.12000,-61.82000,-102.95000
0.55000,0.30000,0.47000,-3.26000,-2.95000,-0.99000,-2.13000,-37.74000,-90.33000
0.55000,0.30000,0.48000,-2.22000,-2.39000,-0.99000,-2.14000,-37.74000,-90.33000
0.55000,0.30000,0.49000,-1.20000,-1.97000,-0.99000,-2.14000,-45.62000,-96.19000
0.54000,0.30000,0.51000,-0.44000,-1.31000,-0.99000,-2.13000,-45.62000,-96.19000
0.54000,0.30000,0.53000,-0.25000,-1.37000,-1.00000,-2.13000,-65.12000,-110.71000
0.54000,0.29000,0.55000,-0.58000,-1.80000,-1.01000,-2.12000,-65.12000,-110.71000
0.54000,0.29000,0.57000,-1.12000,-2.07000,-1.01000,-2.11000,-66.54000,-107.92000
0.53000,0.29000,0.58000,-1.56000,-2.22000,-1.02000,-2.11000,-66.54000,-107.92000
0.53000,0.29000,0.59000,-1.66000,-2.30000,-1.04000,-2.11000,-54.87000,-103.46000
0.53000,0.29000,0.60000,-1.49000,-2.14000,-1.21000,-2.14000,-54.87000,-103.46000
0.52000,0.28000,0.62000,-0.95000,-2.08000,-2.07000,-2.40000,-68.25000,-108.39000
0.52000,0.28000,0.64000,-0.91000,-1.95000,-3.20000,-3.23000,-68.25000,-108.39000
0.52000,0.28000,0.66000,-1.12000,-2.10000,-3.14000,-3.11000,-96.45000,-123.43000
0.52000,0.28000,0.67000,-1.91000,-2.32000,-2.28000,-1.74000,-96.45000,-123.43000
0.51000,0.27000,0.66000,-2.66000,-2.05000,-2.12000,-1.14000,-79.62000,-95.30000
0.51000,0.27000,0.63000,-2.90000,-1.68000,-2.25000,-1.67000,-79.62000,-95.30000
0.50000,0.27000,0.61000,-2.78000,-1.29000,-3.18000,-3.14000,-81.75000,-127.88000
0.50000,0.26000,0.59000,-2.74000,-1.70000,-2.92000,-2.97000,-81.75000,-127.88000
0.49000,0.26000,0.58000,-2.82000,-2.45000,-1.22000,-2.14000,-56.56000,-121.26000
0.49000,0.26000,0.59000,-2.20000,-2.78000,-1.04000,-2.11000,-56.56000,-121.26000
0.49000,0.26000,0.62000,-1.56000,-2.97000,-1.09000,-2.11000,-53.62000,-107.34000
0.48000,0.25000,0.65000,-0.93000,-2.82000,-2.76000,-2.82000,-53.62000,-107.34000
0.48000,0.25000,0.69000,-0.37000,-2.68000,-3.09000,-3.05000,-95.89000,-116.78000
0.48000,0.25000,0.73000,-0.91000,-2.76000,-2.11000,-1.02000,-95.89000,-116.78000
0.47000,0.24000,0.74000,-2.16000,-3.05000,-2.12000,-1.00000,-94.64000,-88.40000
0.47000,0.24000,0.75000,-2.61000,-2.80000,-2.13000,-0.99000,-94.64000,-88.40000
0.46000,0.24000,0.74000,-2.74000,-2.55000,-2.15000,-0.98000,-76.77000,-76.82000
0.46000,0.23000,0.74000,-2.12000,-2.10000,-2.17000,-0.96000,-76.77000,-76.82000
0.46000,0.23000,0.75000,-1.25000,-1.70000,-2.17000,-0.96000,-81.74000,-76.16000
0.46000,0.23000,0.76000,-0.71000,-1.22000,-2.17000,-0.95000,-81.74000,-76.16000
0.45000,0.23000,0.77000,-0.66000,-1.16000,-2.18000,-0.95000,-103.37000,-82.25000
0.45000,0.23000,0.76000,-1.33000,-1.10000,-2.18000,-0.94000,-103.37000,-82.25000
0.45000,0.22000,0.75000,-1.95000,-1.10000,-2.18000,-0.94000,-102.95000,-82.38000
0.45000,0.22000,0.72000,-2.78000,-1.33000,-2.18000,-0.95000,-102.95000,-82.38000
0.44000,0.22000,0.69000,-3.44000,-1.49000,-2.17000,-0.95000,-86.14000,-78.16000
0.44000,0.21000,0.65000,-3.46000,-1.41000,-2.16000,-0.96000,-86.14000,-78.16000
0.43000,0.21000,0.62000,-3.01000,-1.54000,-2.15000,-0.97000,-71.87000,-75.00000
0.43000,0.21000,0.60000,-2.45000,-1.18000,-2.14000,-0.98000,-71.87000,-75.00000
0.43000,0.21000,0.58000,-1.95000,-0.85000,-2.13000,-0.99000,-78.99000,-76.06000
0.43000,0.20000,0.56000,-1.47000,-0.48000,-2.13000,-1.00000,-78.99000,-76.06000
0.42000,0.20000,0.54000,-1.33000,0.00000,-2.12000,-1.01000,-91.53000,-85.70000
0.42000,0.20000,0.51000,-1.68000,-0.08000,-2.11000,-1.01000,-91.53000,-85.70000
0.42000,0.20000,0.48000,-1.97000,-0.06000,-2.11000,-1.06000,-92.12000,-95.58000
0.42000,0.20000,0.43000,-2.51000,0.00000,-3.18000,-3.15000,-92.12000,-95.58000
0.42000,0.20000,0.38000,-2.86000,-0.21000,-1.27000,-2.15000,-69.65000,-119.03000
0.41000,0.20000,0.36000,-2.78000,-1.29000,-1.01000,-2.12000,-69.65000,-119.03000
0.41000,0.20000,0.35000,-2.63000,-2.26000,-0.99000,-2.13000,-54.04000,-112.33000
0.40000,0.19000,0.36000,-2.34000,-2.82000,-0.99000,-2.14000,-54.04000,-112.33000
0.40000,0.19000,0.37000,-1.87000,-2.72000,-0.99000,-2.14000,-49.78000,-94.48000
0.39000,0.19000,0.39000,-1.62000,-2.41000,-0.99000,-2.13000,-49.78000,-94.48000
0.39000,0.19000,0.40000,-1.22000,-2.18000,-0.99000,-2.13000,-52.59000,-96.50000
0.38000,0.19000,0.42000,-1.20000,-2.05000,-1.00000,-2.13000,-52.59000,-96.50000
0.38000,0.19000,0.43000,-1.10000,-1.83000,-1.00000,-2.12000,-55.19000,-100.03000
0.38000,0.18000,0.44000,-1.08000,-1.54000,-1.00000,-2.12000,-55.19000,-100.03000
0.38000,0.18000,0.45000,-1.16000,-1.76000,-1.01000,-2.12000,-55.92000,-108.18000
0.37000,0.18000,0.46000,-1.12000,-1.72000,-1.01000,-2.12000,-55.92000,-108.18000
0.37000,0.18000,0.48000,-1.00000,-1.72000,-1.01000,-2.12000,-54.92000,-108.82000
0.37000,0.18000,0.49000,-1.00000,-2.05000,-1.01000,-2.11000,-54.92000,-108.82000
0.36000,0.18000,0.52000,-1.02000,-2.37000,-1.02000,-2.11000,-56.22000,-106.08000
0.36000,0.18000,0.55000,-0.91000,-2.51000,-1.06000,-2.11000,-56.22000,-106.08000
0.36000,0.17000,0.58000,-0.66000,-2.41000,-2.74000,-2.80000,-83.41000,-109.96000
0.35000,0.17000,0.60000,-1.22000,-2.47000,-3.19000,-3.16000,-83.41000,-109.96000
0.35000,0.17000,0.61000,-2.03000,-2.57000,-2.12000,-1.01000,-80.45000,-85.38000
0.35000,0.17000,0.61000,-2.39000,-2.05000,-2.13000,-1.00000,-80.45000,-85.38000
0.34000,0.16000,0.58000,-2.55000,-1.37000,-2.12000,-1.00000,-68.45000,-82.74000
0.34000,0.16000,0.55000,-2.35000,-0.62000,-2.12000,-1.01000,-68.45000,-82.74000
0.34000,0.16000,0.52000,-1.97000,-0.06000,-2.11000,-1.02000,-67.22000,-98.16000
0.34000,0.16000,0.49000,-1.83000,0.00000,-2.50000,-2.31000,-67.22000,-98.16000
0.33000,0.16000,0.46000,-1.62000,0.00000,-3.19000,-3.22000,-89.77000,-142.84000
0.33000,0.16000,0.43000,-2.03000,-0.79000,-1.18000,-2.13000,-89.77000,-142.84000
0.33000,0.15000,0.42000,-2.66000,-2.16000,-1.02000,-2.11000,-62.29000,-133.68000
0.32000,0.15000,0.43000,-2.55000,-2.78000,-1.01000,-2.11000,-62.29000,-133.68000
0.32000,0.15000,0.46000,-1.51000,-3.17000,-1.01000,-2.11000,-48.34000,-111.78000
0.31000,0.15000,0.51000,-0.29000,-2.97000,-1.04000,-2.11000,-48.34000,-111.78000
0.31000,0.15000,0.56000,0.00000,-2.93000,-3.29000,-3.27000,-107.25000,-122.33000
0.31000,0.14000,0.61000,-0.50000,-3.03000,-2.11000,-1.02000,-107.25000,-122.33000
0.30000,0.14000,0.64000,-1.72000,-3.32000,-2.12000,-1.00000,-104.61000,-89.21000
0.30000,0.14000,0.64000,-2.72000,-3.13000,-2.14000,-0.99000,-104.61000,-89.21000
0.29000,0.13000,0.63000,-3.03000,-2.53000,-2.15000,-0.98000,-81.41000,-75.14000
0.29000,0.13000,0.62000,-2.66000,-1.99000,-2.15000,-0.98000,-81.41000,-75.14000
0.28000,0.13000,0.62000,-2.08000,-1.76000,-2.15000,-0.98000,-78.93000,-79.31000
0.28000,0.13000,0.61000,-1.78000,-1.24000,-2.15000,-0.97000,-78.93000,-79.31000
0.28000,0.12000,0.59000,-1.97000,-1.24000,-2.15000,-0.98000,-88.96000,-84.40000
0.28000,0.12000,0.58000,-2.26000,-1.31000,-2.15000,-0.98000,-88.96000,-84.40000
0.27000,0.12000,0.56000,-2.57000,-1.43000,-2.14000,-0.98000,-83.93000,-81.93000
0.27000,0.12000,0.53000,-2.74000,-1.62000,-2.14000,-0.99000,-83.93000,-81.93000
0.26000,0.11000,0.52000,-2.41000,-1.62000,-2.14000,-0.99000,-75.98000,-75.41000
0.26000,0.11000,0.51000,-2.01000,-1.60000,-2.14000,-0.99000,-75.98000,-75.41000
0.26000,0.11000,0.50000,-1.89000,-1.33000,-2.14000,-0.99000,-83.32000,-71.91000
0.25000,0.11000,0.49000,-1.83000,-1.06000,-2.14000,-0.98000,-83.32000,-71.91000
0.25000,0.11000,0.47000,-1.72000,-0.93000,-2.14000,-0.98000,-86.90000,-76.29000
0.25000,0.11000,0.46000,-1.89000,-0.95000,-2.14000,-0.98000,-86.90000,-76.29000
0.25000,0.11000,0.44000,-1.85000,-0.71000,-2.14000,-0.98000,-87.86000,-77.40000
0.24000,0.10000,0.41000,-2.12000,-0.75000,-3.14000,-3.11000,-87.86000,-77.40000
0.24000,0.10000,0.39000,-2.18000,-0.85000,-3.05000,-3.09000,-99.57000,-112.22000
0.24000,0.10000,0.36000,-2.95000,-1.53000,-1.17000,-2.13000,-99.57000,-112.22000
0.23000,0.10000,0.33000,-3.90000,-2.18000,-1.01000,-2.11000,-62.22000,-99.77000
0.22000,0.10000,0.31000,-3.76000,-2.55000,-1.00000,-2.12000,-62.22000,-99.77000
0.22000,0.09000,0.30000,-3.01000,-2.47000,-0.99000,-2.13000,-38.12000,-88.34000
0.21000,0.09000,0.30000,-2.05000,-2.08000,-0.98000,-2.14000,-38.12000,-88.34000
0.21000,0.09000,0.31000,-0.93000,-1.66000,-0.98000,-2.14000,-46.91000,-93.13000
0.21000,0.09000,0.33000,-0.50000,-1.29000,-0.99000,-2.14000,-46.91000,-93.13000
0.21000,0.09000,0.34000,-0.29000,-1.02000,-0.99000,-2.13000,-63.95000,-105.23000
0.20000,0.09000,0.35000,-0.75000,-1.06000,-0.99000,-2.13000,-63.95000,-105.23000
0.20000,0.09000,0.35000,-1.08000,-1.16000,-1.00000,-2.13000,-63.25000,-113.64000
0.20000,0.09000,0.35000,-1.12000,-1.29000,-1.00000,-2.13000,-63.25000,-113.64000
0.20000,0.09000,0.36000,-1.33000,-1.64000,-1.00000,-2.13000,-59.13000,-116.64000
0.19000,0.09000,0.37000,-1.41000,-2.01000,-1.00000,-2.13000,-59.13000,-116.64000
0.19000,0.08000,0.39000,-1.12000,-2.28000,-1.00000,-2.13000,-54.08000,-110.75000
0.18000,0.08000,0.42000,-1.08000,-2.66000,-1.01000,-2.12000,-54.08000,-110.75000
0.18000,0.08000,0.45000,-1.08000,-2.90000,-1.01000,-2.11000,-56.82000,-101.53000
0.18000,0.08000,0.49000,-0.83000,-2.82000,-1.20000,-2.13000,-56.82000,-101.53000
0.17000,0.08000,0.52000,-0.75000,-2.45000,-3.26000,-3.28000,-93.81000,-113.36000
0.17000,0.08000,0.53000,-1.66000,-2.32000,-2.34000,-1.92000,-93.81000,-113.36000
0.16000,0.07000,0.53000,-2.72000,-2.66000,-2.11000,-1.08000,-78.74000,-90.54000
0.16000,0.07000,0.52000,-3.07000,-2.41000,-2.11000,-1.05000,-78.74000,-90.54000
0.15000,0.07000,0.49000,-3.05000,-1.62000,-2.13000,-1.17000,-60.54000,-83.19000
0.15000,0.06000,0.46000,-2.53000,-0.98000,-2.99000,-2.95000,-60.54000,-83.19000
0.15000,0.06000,0.44000,-1.91000,-0.77000,-3.12000,-3.15000,-77.84000,-126.97000
0.15000,0.06000,0.43000,-1.83000,-1.27000,-1.46000,-2.20000,-77.84000,-126.97000
0.14000,0.06000,0.43000,-2.16000,-2.14000,-1.04000,-2.11000,-60.79000,-119.99000
0.14000,0.06000,0.45000,-1.81000,-2.64000,-1.02000,-2.11000,-60.79000,-119.99000
0.13000,0.06000,0.48000,-1.10000,-2.91000,-1.04000,-2.11000,-56.34000,-104.49000
0.13000,0.05000,0.52000,-0.23000,-2.66000,-2.11000,-1.02000,-56.34000,-104.49000
0.13000,0.05000,0.56000,-0.02000,-2.35000,-2.12000,-1.00000,-91.67000,-84.44000
0.13000,0.05000,0.59000,-0.52000,-1.74000,-2.14000,-0.98000,-91.67000,-84.44000
0.12000,0.05000,0.59000,-1.45000,-1.39000,-2.15000,-0.97000,-99.10000,-87.76000
0.12000,0.05000,0.56000,-2.20000,-1.02000,-2.15000,-0.97000,-99.10000,-87.76000
0.12000,0.05000,0.54000,-2.55000,-1.06000,-2.15000,-0.98000,-83.60000,-94.12000
0.11000,0.04000,0.52000,-2.26000,-1.35000,-2.14000,-0.99000,-83.60000,-94.12000
0.11000,0.04000,0.51000,-1.91000,-1.49000,-2.13000,-0.99000,-82.13000,-89.13000
0.11000,0.04000,0.51000,-1.72000,-1.56000,-2.13000,-0.99000,-82.13000,-89.13000
0.10000,0.04000,0.50000,-2.03000,-1.64000,-2.13000,-0.99000,-89.41000,-83.90000
0.10000,0.04000,0.49000,-2.41000,-1.68000,-2.13000,-1.00000,-89.41000,-83.90000
0.09000,0.03000,0.47000,-2.92000,-1.66000,-2.13000,-1.00000,-81.53000,-78.74000
0.09000,0.03000,0.44000,-2.88000,-1.41000,-2.12000,-1.01000,-81.53000,-78.74000
0.09000,0.03000,0.42000,-2.53000,-1.39000,-2.11000,-1.01000,-72.44000,-78.92000
0.08000,0.03000,0.41000,-1.95000,-1.18000,-2.11000,-1.03000,-72.44000,-78.92000
0.08000,0.03000,0.40000,-1.70000,-1.16000,-2.13000,-1.19000,-82.12000,-82.53000
0.08000,0.03000,0.39000,-1.62000,-1.41000,-2.30000,-1.80000,-82.12000,-82.53000
0.07000,0.02000,0.39000,-1.49000,-1.31000,-2.41000,-2.10000,-92.31000,-92.79000
0.07000,0.02000,0.38000,-1.87000,-1.51000,-2.53000,-2.38000,-92.31000,-92.79000
0.07000,0.02000,0.37000,-2.24000,-1.83000,-2.85000,-2.79000,-99.89000,-105.72000
0.06000,0.02000,0.37000,-2.70000,-2.28000,-3.11000,-3.07000,-99.89000,-105.72000
0.05000,0.02000,0.35000,-3.19000,-2.49000,-3.25000,-3.22000,-99.37000,-108.35000
0.05000,0.01000,0.33000,-3.86000,-2.39000,-3.22000,-3.25000,-99.37000,-108.35000
0.04000,0.01000,0.29000,-4.52000,-2.37000,-1.39000,-2.18000,-57.32000,-96.76000
0.03000,0.01000,0.26000,-4.01000,-2.43000,-1.01000,-2.11000,-57.32000,-96.76000
0.03000,0.01000,0.25000,-2.95000,-2.16000,-0.99000,-2.13000,-34.37000,-94.19000
0.02000,0.01000,0.25000,-1.74000,-1.87000,-0.98000,-2.15000,-34.37000,-94.19000
0.02000,0.01000,0.27000,-0.56000,-1.70000,-0.97000,-2.16000,-49.86000,-101.22000
0.02000,0.01000,0.30000,-0.02000,-1.68000,0.95000,2.17000,-49.86000,-101.22000
0.02000,0.01000,0.33000,0.00000,-1.49000,0.94000,2.19000,-42.48000,-40.55000
0.02000,0.01000,0.33000,0.00000,-0.44000,0.93000,2.20000,-42.48000,-40.55000
0.02000,0.01000,0.33000,0.00000,0.00000,0.92000,2.20000,-37.24000,-35.85000
0.02000,0.01000,0.33000,0.00000,0.00000,0.92000,2.20000,-37.24000,-35.85000
0.02000,0.01000,0.33000,0.00000,0.00000,0.92000,2.20000,-31.70000,-26.57000
0.02000,0.01000,0.33000,0.00000,0.00000,0.92000,2.20000,-31.70000,-26.57000
0.02000,0.01000,0.33000,0.00000,0.00000,0.92000,2.20000,-26.15000,-13.37000
0.02000,0.01000,0.33000,0.00000,0.00000,0.92000,2.20000,-26.15000,-13.37000
0.02000,0.01000,0.33000,0.00000,0.00000,0.92000,2.20000,-20.61000,-0.18000
0.02000,0.01000,0.33000,0.00000,0.00000,0.92000,2.20000,-20.61000,-0.18000
0.02000,0.01000,0.33000,0.00000,0.00000,0.92000,2.20000,-15.07000,13.02000
0.02000,0.01000,0.33000,0.00000,0.00000,0.92000,2.20000,-15.07000,13.02000
0.02000,0.01000,0.33000,0.00000,0.00000,0.92000,2.20000,-9.52000,26.22000
0.02000,0.01000,0.33000,0.00000,0.00000,0.92000,2.20000,-9.52000,26.22000
0.02000,0.01000,0.33000,0.00000,0.00000,0.92000,2.20000,-3.98000,39.42000
0.02000,0.01000,0.33000,0.00000,0.00000,0.92000,2.20000,-3.98000,39.42000
0.02000,0.01000,0.33000,0.00000,0.00000,0.92000,2.20000,1.56000,52.62000
0.02000,0.01000,0.33000,0.00000,0.00000,0.92000,2.20000,1.56000,52.62000
0.02000,0.01000,0.33000,0.00000,0.00000,0.92000,2.20000,7.10000,65.82000
0.02000,0.01000,0.33000,0.00000,0.02000,0.92000,2.20000,7.10000,65.82000
0.02000,0.01000,0.33000,0.00000,0.00000,0.92000,2.20000,12.65000,78.70000
0.02000,0.01000,0.33000,0.00000,0.00000,0.92000,2.20000,12.65000,78.70000
0.02000,0.01000,0.33000,0.00000,0.00000,0.92000,2.20000,18.19000,92.09000
0.02000,0.01000,0.32000,0.00000,0.58000,0.92000,2.20000,18.19000,92.09000
0.02000,0.01000,0.31000,0.02000,0.87000,0.93000,2.20000,23.78000,96.52000
0.02000,0.01000,0.29000,0.00000,0.87000,0.93000,2.19000,23.78000,96.52000
0.02000,0.01000,0.27000,0.00000,1.39000,0.94000,2.19000,29.53000,101.70000
0.02000,0.01000,0.23000,0.00000,1.91000,0.95000,2.17000,29.53000,101.70000
0.03000,0.01000,0.19000,0.00000,2.26000,0.98000,2.15000,35.71000,93.48000
0.03000,0.01000,0.15000,0.00000,2.34000,1.01000,2.11000,35.71000,93.48000
0.03000,0.01000,0.10000,0.00000,2.47000,1.07000,2.05000,43.01000,86.91000
0.03000,0.01000,0.06000,0.02000,2.32000,1.16000,1.96000,43.01000,86.91000
0.04000,0.01000,0.02000,0.00000,2.10000,1.28000,1.85000,52.19000,82.41000
0.04000,0.01000,-0.01000,0.02000,1.89000,1.48000,1.79000,52.19000,82.41000
0.04000,0.01000,-0.04000,0.00000,1.70000,3.25000,3.25000,89.34000,107.17000
0.04000,0.01000,-0.06000,1.04000,1.91000,2.38000,2.18000,89.34000,107.17000
0.05000,0.01000,-0.06000,2.16000,2.57000,1.76000,1.43000,71.11000,87.67000
0.06000,0.01000,-0.07000,2.51000,2.70000,1.76000,1.37000,71.11000,87.67000
0.06000,0.01000,-0.06000,2.64000,2.49000,1.77000,1.36000,53.52000,71.86000
0.07000,0.01000,-0.06000,2.24000,2.08000,1.76000,1.36000,53.52000,71.86000
0.07000,0.01000,-0.06000,1.70000,1.74000,1.76000,1.38000,52.92000,73.48000
0.07000,0.01000,-0.07000,1.16000,1.52000,1.76000,1.37000,52.92000,73.48000
0.08000,0.01000,-0.07000,0.87000,1.25000,1.78000,1.35000,66.53000,77.21000
0.08000,0.01000,-0.08000,1.14000,1.22000,1.80000,1.32000,66.53000,77.21000
0.08000,0.01000,-0.07000,1.41000,1.00000,1.81000,1.31000,70.98000,80.09000
0.08000,0.01000,-0.06000,1.60000,1.16000,1.78000,1.34000,70.98000,80.09000
0.09000,0.01000,-0.05000,1.78000,1.29000,1.76000,1.37000,67.41000,82.43000
0.09000,0.01000,-0.05000,1.39000,1.25000,1.77000,1.45000,67.41000,82.43000
0.09000,0.01000,-0.05000,1.18000,1.39000,1.79000,1.49000,72.01000,84.24000
0.10000,0.01000,-0.06000,1.08000,1.60000,1.76000,1.43000,72.01000,84.24000
0.10000,0.01000,-0.07000,0.95000,1.49000,1.77000,1.36000,78.67000,78.49000
0.10000,0.01000,-0.08000,1.10000,1.52000,1.80000,1.33000,78.67000,78.49000
0.10000,0.01000,-0.08000,1.51000,1.54000,1.82000,1.30000,83.35000,77.36000
0.11000,0.00000,-0.07000,1.78000,1.20000,1.83000,1.30000,83.35000,77.36000
0.11000,0.00000,-0.05000,2.20000,1.29000,1.79000,1.33000,76.95000,81.24000
0.12000,0.00000,-0.04000,2.08000,1.33000,1.76000,1.41000,76.95000,81.24000
0.12000,0.00000,-0.03000,2.03000,1.37000,2.10000,1.86000,77.28000,88.13000
0.12000,0.00000,-0.02000,1.83000,1.68000,2.88000,2.86000,77.28000,88.13000
0.13000,0.00000,-0.02000,1.81000,1.74000,2.99000,2.98000,94.55000,102.77000
0.13000,0.00000,-0.02000,2.12000,2.16000,3.03000,3.02000,94.55000,102.77000
0.14000,0.00000,-0.02000,2.86000,2.41000,3.00000,2.99000,97.34000,103.55000
0.15000,0.00000,-0.00000,3.51000,2.84000,3.22000,3.22000,97.34000,103.55000
0.15000,0.00000,0.01000,3.61000,2.93000,3.25000,3.25000,85.49000,102.21000
0.16000,0.00000,0.01000,3.61000,3.26000,2.88000,2.90000,85.49000,102.21000
0.17000,0.00000,0.01000,3.26000,3.26000,2.41000,2.50000,69.84000,87.18000
0.17000,0.00000,0.01000,2.93000,3.28000,2.39000,2.49000,69.84000,87.18000
0.18000,0.00000,0.01000,2.82000,2.95000,2.86000,2.88000,79.56000,87.94000
0.19000,0.00000,0.01000,3.03000,2.70000,2.96000,2.97000,79.56000,87.94000
0.19000,0.00000,0.03000,3.36000,2.39000,2.59000,2.63000,73.67000,90.59000
0.20000,0.00000,0.05000,3.59000,2.45000,1.46000,1.77000,73.67000,90.59000
0.21000,0.00000,0.07000,3.51000,2.45000,1.33000,1.80000,43.64000,81.40000
0.21000,0.00000,0.08000,2.91000,2.26000,1.26000,1.86000,43.64000,81.40000
0.22000,0.01000,0.08000,1.95000,2.22000,1.23000,1.90000,38.83000,81.82000
0.22000,0.01000,0.06000,1.16000,2.03000,1.24000,1.89000,38.83000,81.82000
0.22000,0.01000,0.04000,0.58000,1.72000,1.29000,1.84000,55.79000,82.15000
0.23000,0.01000,0.02000,0.44000,1.74000,1.36000,1.77000,55.79000,82.15000
0.23000,0.01000,-0.01000,0.56000,1.79000,1.92000,2.15000,76.92000,89.99000
0.23000,0.01000,-0.02000,1.24000,1.87000,3.22000,3.22000,76.92000,89.99000
0.24000,0.01000,-0.01000,2.20000,1.97000,3.26000,3.26000,93.80000,107.19000
0.24000,0.01000,-0.00000,2.97000,2.51000,3.28000,3.28000,93.80000,107.19000
0.25000,0.01000,0.01000,3.88000,3.09000,3.20000,3.20000,79.12000,105.07000
0.26000,0.01000,0.03000,4.19000,3.32000,2.55000,2.59000,79.12000,105.07000
0.27000,0.01000,0.03000,4.11000,3.68000,1.48000,1.79000,36.35000,75.83000
0.28000,0.01000,0.03000,3.18000,3.36000,1.39000,1.76000,36.35000,75.83000
0.28000,0.01000,0.01000,1.89000,2.78000,1.41000,1.75000,34.23000,65.52000
0.28000,0.01000,-0.01000,0.79000,2.28000,1.99000,2.21000,34.23000,65.52000
0.29000,0.01000,-0.04000,0.17000,1.47000,3.28000,3.28000,87.51000,94.94000
0.29000,0.01000,-0.04000,1.20000,1.60000,2.60000,2.56000,87.51000,94.94000
0.29000,0.01000,-0.04000,2.12000,1.99000,2.11000,1.88000,78.77000,90.21000
0.30000,0.01000,-0.04000,2.39000,2.03000,2.26000,2.04000,78.77000,90.21000
0.30000,0.01000,-0.03000,2.49000,2.18000,2.68000,2.64000,74.90000,96.77000
0.31000,0.01000,-0.03000,2.57000,2.68000,2.97000,2.96000,74.90000,96.77000
0.32000,0.01000,-0.04000,2.51000,2.80000,2.88000,2.86000,76.89000,94.03000
0.32000,0.01000,-0.05000,2.49000,3.01000,2.54000,2.48000,76.89000,94.03000
0.33000,0.00000,-0.06000,2.22000,3.15000,1.94000,1.67000,65.83000,72.36000
0.33000,0.00000,-0.08000,2.10000,2.74000,1.76000,1.37000,65.83000,72.36000
0.34000,0.00000,-0.07000,2.18000,1.91000,1.80000,1.32000,66.39000,63.13000
0.34000,0.00000,-0.06000,1.87000,1.41000,1.79000,1.34000,66.39000,63.13000
0.34000,0.00000,-0.05000,1.72000,0.89000,1.76000,1.37000,67.44000,75.26000
0.35000,0.00000,-0.03000,1.83000,0.77000,1.86000,1.58000,67.44000,75.26000
0.35000,0.00000,-0.02000,1.62000,1.04000,2.97000,2.95000,85.55000,108.41000
0.35000,0.00000,-0.02000,1.83000,1.70000,3.24000,3.24000,85.55000,108.41000
0.36000,0.00000,-0.02000,2.03000,2.57000,3.27000,3.27000,96.89000,112.21000
0.37000,0.00000,-0.04000,2.57000,3.24000,3.08000,3.07000,96.89000,112.21000
0.37000,0.00000,-0.05000,2.82000,3.72000,2.43000,2.26000,81.75000,83.46000
0.38000,0.00000,-0.06000,3.15000,3.59000,1.76000,1.43000,81.75000,83.46000
0.39000,0.00000,-0.05000,3.40000,3.03000,1.76000,1.37000,62.16000,58.94000
0.39000,0.00000,-0.03000,3.34000,2.28000,1.75000,1.41000,62.16000,58.94000
0.40000,0.00000,-0.01000,3.01000,1.41000,2.43000,2.26000,61.02000,78.61000
0.40000,0.00000,0.02000,2.70000,1.31000,3.26000,3.27000,61.02000,78.61000
0.41000,0.00000,0.04000,2.32000,1.35000,1.95000,2.18000,58.07000,91.89000
0.41000,0.00000,0.05000,2.16000,1.64000,1.39000,1.75000,58.07000,91.89000
0.42000,0.00000,0.04000,1.91000,2.18000,1.34000,1.78000,52.55000,86.17000
0.42000,0.00000,0.03000,1.70000,2.16000,1.36000,1.77000,52.55000,86.17000
0.43000,0.00000,0.02000,1.39000,2.28000,1.41000,1.75000,55.44000,78.82000
0.43000,0.00000,0.00000,1.39000,2.12000,2.00000,2.22000,55.44000,78.82000
0.43000,0.00000,-0.01000,1.20000,1.81000,2.99000,3.00000,82.09000,95.77000
0.44000,0.00000,-0.01000,1.87000,1.97000,3.26000,3.26000,82.09000,95.77000
0.44000,0.00000,-0.00000,2.68000,2.30000,3.27000,3.27000,88.77000,107.33000
0.45000,0.00000,0.01000,3.44000,2.84000,3.17000,3.18000,88.77000,107.33000
0.46000,0.00000,0.02000,4.01000,3.18000,2.72000,2.74000,65.19000,94.13000
0.47000,0.00000,0.04000,3.98000,3.24000,1.56000,1.84000,65.19000,94.13000
0.47000,0.00000,0.04000,3.49000,3.47000,1.37000,1.76000,32.54000,72.86000
0.48000,0.00000,0.03000,2.53000,3.01000,1.37000,1.76000,32.54000,72.86000
0.48000,0.00000,0.01000,1.16000,2.47000,1.42000,1.76000,39.35000,67.37000
0.49000,0.00000,-0.02000,0.46000,1.85000,2.77000,2.80000,39.35000,67.37000
0.49000,0.00000,-0.04000,0.17000,1.35000,3.24000,3.24000,91.18000,99.52000
0.49000,0.00000,-0.04000,1.43000,1.45000,2.30000,2.09000,91.18000,99.52000
0.50000,0.00000,-0.03000,2.59000,2.10000,2.26000,2.04000,78.47000,95.80000
0.50000,0.00000,-0.02000,2.80000,2.34000,2.83000,2.80000,78.47000,95.80000
0.51000,0.00000,-0.02000,2.80000,2.57000,3.14000,3.13000,76.18000,102.36000
0.52000,0.00000,-0.02000,2.91000,2.99000,3.23000,3.22000,76.18000,102.36000
0.52000,0.00000,-0.03000,2.68000,3.28000,3.20000,3.19000,77.49000,98.31000
0.53000,0.00000,-0.05000,2.68000,3.42000,2.79000,2.77000,77.49000,98.31000
0.54000,0.00000,-0.06000,2.53000,3.32000,1.92000,1.66000,63.53000,69.96000
0.54000,0.00000,-0.07000,2.12000,2.82000,1.76000,1.38000,63.53000,69.96000
0.55000,0.00000,-0.08000,1.99000,2.16000,1.80000,1.33000,65.55000,63.41000
0.55000,0.00000,-0.07000,1.78000,1.45000,1.81000,1.31000,65.55000,63.41000
0.55000,0.00000,-0.06000,1.83000,1.06000,1.79000,1.33000,68.53000,75.07000
0.56000,0.00000,-0.04000,1.70000,0.83000,1.75000,1.39000,68.53000,75.07000
0.56000,0.00000,-0.03000,1.66000,0.83000,2.06000,1.81000,73.79000,90.93000
0.56000,0.00000,-0.02000,1.56000,1.22000,2.98000,2.97000,73.79000,90.93000
0.56000,-0.00000,-0.03000,1.49000,1.83000,3.17000,3.16000,94.77000,111.11000
0.57000,-0.00000,-0.04000,1.72000,2.41000,2.97000,2.96000,94.77000,111.11000
0.58000,-0.00000,-0.05000,2.34000,3.13000,2.19000,1.97000,87.32000,87.10000
0.58000,-0.00000,-0.06000,2.88000,3.20000,1.76000,1.41000,87.32000,87.10000
0.59000,-0.00000,-0.05000,3.36000,2.93000,1.76000,1.37000,66.23000,63.69000
0.60000,-0.00000,-0.03000,3.45000,2.26000,1.76000,1.42000,66.23000,63.69000
0.60000,-0.00000,0.00000,3.26000,1.58000,2.65000,2.61000,64.43000,85.39000
0.61000,-0.00000,0.03000,3.05000,1.51000,3.19000,3.20000,64.43000,85.39000
0.61000,-0.00000,0.05000,2.74000,1.85000,1.54000,1.83000,48.89000,86.91000
0.62000,-0.00000,0.05000,2.32000,1.95000,1.36000,1.77000,48.89000,86.91000
0.62000,-0.00000,0.04000,1.70000,2.22000,1.33000,1.80000,47.57000,81.76000
0.62000,-0.00000,0.03000,1.29000,2.05000,1.36000,1.77000,47.57000,81.76000
0.63000,-0.00000,0.01000,0.91000,2.14000,1.49000,1.79000,59.51000,79.20000
0.63000,-0.00000,-0.01000,1.08000,1.93000,2.93000,2.95000,59.51000,79.20000
0.63000,-0.00000,-0.01000,1.47000,1.78000,3.28000,3.28000,90.73000,101.83000
0.64000,-0.00000,-0.01000,2.18000,2.14000,3.26000,3.25000,90.73000,101.83000
0.65000,-0.00000,-0.00000,3.34000,2.61000,3.26000,3.26000,87.22000,106.56000
0.65000,-0.00000,0.02000,3.96000,3.01000,3.17000,3.18000,87.22000,106.56000
0.66000,-0.00000,0.03000,4.40000,3.45000,2.10000,2.31000,49.56000,85.99000
0.67000,-0.00000,0.04000,3.78000,3.36000,1.40000,1.75000,49.56000,85.99000
0.68000,-0.00000,0.04000,2.91000,3.22000,1.35000,1.77000,29.94000,68.39000
0.68000,0.00000,0.02000,1.79000,2.76000,1.37000,1.76000,29.94000,68.39000
0.69000,0.00000,-0.01000,0.58000,2.18000,1.72000,1.97000,50.74000,70.91000
0.69000,0.00000,-0.04000,0.00000,1.68000,3.26000,3.27000,50.74000,70.91000
0.69000,-0.00000,-0.07000,0.00000,1.39000,2.31000,2.10000,85.98000,84.27000
0.69000,-0.00000,-0.07000,1.04000,1.35000,1.77000,1.36000,85.98000,84.27000
0.70000,-0.00000,-0.06000,2.37000,1.62000,1.79000,1.34000,76.46000,80.31000
0.70000,-0.00000,-0.04000,2.66000,1.58000,1.75000,1.39000,76.46000,80.31000
0.71000,-0.00000,-0.02000,2.72000,1.54000,2.32000,2.11000,64.59000,88.37000
0.71000,-0.00000,-0.01000,2.45000,1.81000,3.24000,3.24000,64.59000,88.37000
0.72000,-0.00000,-0.00000,1.99000,1.95000,3.24000,3.24000,79.51000,105.16000
0.72000,-0.00000,-0.01000,2.16000,2.49000,3.23000,3.23000,79.51000,105.16000
0.73000,-0.00000,-0.02000,2.39000,3.01000,3.28000,3.28000,89.25000,104.11000
0.73000,-0.00000,-0.04000,2.57000,3.36000,3.15000,3.14000,89.25000,104.11000
0.74000,-0.00000,-0.05000,2.91000,3.45000,2.43000,2.27000,77.06000,80.62000
0.75000,-0.00000,-0.05000,3.03000,3.11000,1.84000,1.56000,77.06000,80.62000
0.75000,-0.00000,-0.04000,2.97000,2.49000,1.79000,1.49000,59.76000,66.09000
0.76000,-0.00000,-0.03000,2.84000,2.20000,2.07000,1.83000,59.76000,66.09000
0.76000,-0.00000,-0.01000,2.12000,1.39000,2.79000,2.77000,70.16000,89.23000
0.77000,-0.00000,-0.01000,1.62000,1.64000,3.23000,3.22000,70.16000,89.23000
0.77000,-0.00000,-0.02000,1.45000,1.74000,3.22000,3.22000,94.64000,107.77000
0.77000,-0.00000,-0.03000,1.72000,2.49000,3.10000,3.09000,94.64000,107.77000
0.78000,-0.00000,-0.04000,2.68000,2.99000,2.33000,2.12000,89.34000,88.08000
0.79000,-0.00000,-0.04000,3.65000,3.49000,1.93000,1.67000,89.34000,88.08000
0.80000,-0.00000,-0.02000,3.94000,3.03000,2.01000,1.76000,59.28000,65.54000
0.80000,-0.00000,0.01000,3.78000,2.37000,2.97000,2.95000,59.28000,65.54000
0.81000,-0.00000,0.03000,3.15000,1.79000,3.18000,3.19000,65.08000,93.36000
0.81000,-0.00000,0.04000,2.74000,1.97000,1.62000,1.89000,65.08000,93.36000
0.82000,-0.00000,0.05000,2.66000,2.18000,1.37000,1.76000,49.97000,82.78000
0.83000,-0.00000,0.05000,2.20000,2.30000,1.33000,1.79000,49.97000,82.78000
0.83000,-0.00000,0.04000,1.58000,2.16000,1.33000,1.79000,49.28000,77.00000
0.83000,-0.00000,0.03000,1.29000,1.85000,1.37000,1.76000,49.28000,77.00000
0.84000,-0.00000,0.02000,1.16000,1.68000,1.44000,1.77000,59.41000,80.40000
0.84000,-0.00000,0.01000,1.08000,1.66000,1.72000,1.97000,59.41000,80.40000
0.84000,-0.00000,0.01000,1.35000,1.56000,2.58000,2.62000,80.50000,95.50000
0.85000,-0.00000,0.01000,2.10000,1.89000,2.80000,2.83000,80.50000,95.50000
0.85000,-0.00000,0.02000,2.74000,2.08000,2.50000,2.54000,73.02000,96.72000
0.86000,-0.00000,0.03000,3.01000,2.53000,1.55000,1.83000,73.02000,96.72000
0.87000,-0.00000,0.04000,3.24000,2.91000,1.39000,1.75000,45.11000,79.15000
0.87000,-0.00000,0.04000,2.76000,2.74000,1.35000,1.78000,45.11000,79.15000
0.88000,-0.00000,0.03000,1.87000,2.45000,1.34000,1.79000,38.36000,71.85000
0.88000,-0.00000,0.01000,0.98000,2.10000,1.37000,1.76000,38.36000,71.85000
0.88000,-0.00000,-0.02000,0.31000,1.76000,1.82000,2.06000,63.76000,79.86000
0.88000,-0.00000,-0.04000,0.62000,1.68000,3.25000,3.25000,63.76000,79.86000
0.89000,-0.00000,-0.05000,1.18000,1.66000,3.04000,3.03000,92.45000,100.39000
0.89000,-0.00000,-0.05000,2.12000,2.10000,2.54000,2.49000,92.45000,100.39000
0.90000,-0.00000,-0.03000,3.22000,2.49000,2.50000,2.42000,76.52000,93.11000
0.91000,-0.00000,-0.02000,3.40000,2.68000,3.10000,3.09000,76.52000,93.11000
0.91000,-0.00000,-0.01000,3.07000,2.74000,3.28000,3.28000,71.24000,99.31000
0.92000,-0.00000,-0.02000,2.82000,2.88000,3.23000,3.24000,71.24000,99.31000
0.93000,-0.00000,-0.02000,2.62000,3.13000,3.24000,3.25000,78.63000,99.29000
0.93000,-0.00000,-0.04000,2.64000,3.28000,3.27000,3.26000,78.63000,99.29000
0.94000,-0.00000,-0.05000,2.47000,3.34000,2.99000,2.97000,80.10000,91.41000
0.94000,-0.00000,-0.06000,2.53000,3.11000,1.93000,1.67000,80.10000,91.41000
0.95000,-0.00000,-0.07000,2.78000,2.93000,1.76000,1.38000,65.30000,68.23000
0.96000,-0.00000,-0.06000,2.57000,2.35000,1.78000,1.34000,65.30000,68.23000
0.96000,-0.00000,-0.05000,2.28000,1.78000,1.79000,1.33000,60.55000,68.62000
0.96000,-0.00000,-0.04000,1.95000,1.18000,1.78000,1.34000,60.55000,68.62000
0.97000,-0.00000,-0.04000,1.27000,1.16000,1.76000,1.37000,64.71000,80.61000
0.97000,-0.00000,-0.04000,0.73000,1.08000,1.76000,1.36000,64.71000,80.61000
0.97000,-0.00000,-0.05000,0.64000,1.08000,1.80000,1.33000,82.49000,82.59000
0.97000,-0.00000,-0.05000,1.10000,1.22000,1.84000,1.29000,82.49000,82.59000
0.98000,-0.01000,-0.06000,1.33000,1.51000,-2.21000,-0.91000,23.16000,48.37000
0.98000,-0.01000,-0.07000,0.42000,0.91000,-2.21000,-0.91000,23.16000,48.37000
0.98000,-0.01000,-0.07000,0.00000,0.15000,-2.21000,-0.91000,13.54000,40.22000
0.98000,-0.01000,-0.07000,0.00000,0.00000,-2.21000,-0.91000,13.54000,40.22000
0.98000,-0.01000,-0.07000,0.00000,0.00000,-2.21000,-0.91000,4.00000,42.99000
0.98000,-0.01000,-0.07000,0.00000,0.00000,-2.21000,-0.91000,4.00000,42.99000
0.98000,-0.01000,-0.07000,0.00000,0.00000,-2.21000,-0.91000,-9.28000,37.53000
0.98000,-0.01000,-0.07000,0.00000,0.00000,-2.21000,-0.91000,-9.28000,37.53000
0.98000,-0.01000,-0.07000,0.00000,0.00000,-2.21000,-0.91000,-22.57000,32.07000
0.98000,-0.01000,-0.07000,-0.02000,0.00000,-2.21000,-0.91000,-22.57000,32.07000
0.98000,-0.01000,-0.07000,-0.02000,0.00000,-2.21000,-0.91000,-35.54000,26.61000
0.98000,-0.01000,-0.07000,0.00000,0.00000,-2.21000,-0.91000,-35.54000,26.61000
0.98000,-0.01000,-0.07000,0.00000,0.00000,-2.21000,-0.91000,-49.01000,21.16000
0.98000,-0.01000,-0.07000,0.00000,0.00000,-2.21000,-0.91000,-49.01000,21.16000
0.98000,-0.01000,-0.07000,-0.02000,0.00000,-2.21000,-0.91000,-62.29000,15.70000
0.98000,-0.01000,-0.07000,-0.02000,0.00000,-2.21000,-0.91000,-62.29000,15.70000
0.98000,-0.01000,-0.08000,-0.46000,0.00000,-2.21000,-0.91000,-75.26000,10.24000
0.98000,-0.01000,-0.09000,-0.60000,0.00000,-2.21000,-0.91000,-75.26000,10.24000
0.98000,-0.01000,-0.11000,-1.06000,0.00000,-2.21000,-0.91000,-79.70000,4.77000
0.97000,-0.00000,-0.13000,-1.31000,0.00000,-2.21000,-0.91000,-79.70000,4.77000
0.97000,-0.00000,-0.16000,-1.47000,0.00000,-2.21000,-0.91000,-78.78000,-0.71000
0.97000,-0.00000,-0.19000,-1.79000,0.00000,-2.21000,-0.91000,-78.78000,-0.71000
0.97000,-0.00000,-0.22000,-1.89000,0.00000,-2.21000,-0.92000,-76.97000,-6.24000
0.97000,-0.00000,-0.27000,-2.39000,0.00000,-2.20000,-0.92000,-76.97000,-6.24000
0.96000,-0.00000,-0.32000,-2.66000,0.00000,-2.19000,-0.93000,-70.29000,-11.94000
0.96000,-0.00000,-0.36000,-2.68000,0.00000,-2.18000,-0.94000,-70.29000,-11.94000
0.96000,-0.00000,-0.41000,-2.64000,0.00000,-2.17000,-0.96000,-64.36000,-17.96000
0.96000,0.00000,-0.46000,-2.45000,0.00000,-2.15000,-0.98000,-64.36000,-17.96000
0.95000,0.00000,-0.49000,-2.08000,0.00000,-2.13000,-0.99000,-64.18000,-24.22000
0.95000,0.00000,-0.53000,-1.97000,0.00000,-2.12000,-1.01000,-64.18000,-24.22000
0.95000,0.00000,-0.56000,-1.85000,0.00000,-2.11000,-1.02000,-69.05000,-30.60000
0.95000,0.00000,-0.60000,-2.08000,0.00000,-2.67000,-2.59000,-69.05000,-30.60000
0.95000,0.01000,-0.64000,-2.12000,0.00000,-2.98000,-3.02000,-81.36000,-66.67000
0.94000,0.01000,-0.68000,-2.61000,-0.06000,-1.02000,-2.11000,-81.36000,-66.67000
0.94000,0.01000,-0.74000,-3.11000,0.00000,-1.00000,-2.12000,-49.04000,-70.44000
0.94000,0.01000,-0.79000,-2.86000,0.00000,-0.97000,-2.15000,-49.04000,-70.44000
0.94000,0.01000,-0.83000,-2.24000,0.00000,-0.95000,-2.18000,-34.83000,-84.53000
0.94000,0.02000,-0.86000,-1.41000,0.00000,-0.93000,-2.19000,-34.83000,-84.53000
0.94000,0.02000,-0.87000,-0.54000,0.00000,-0.92000,-2.20000,-44.73000,-97.99000
0.93000,0.02000,-0.87000,-0.04000,-0.17000,-0.92000,-2.21000,-44.73000,-97.99000
0.93000,0.02000,-0.85000,0.00000,-0.77000,-0.92000,-2.21000,-62.30000,-108.75000
0.93000,0.02000,-0.83000,-0.04000,-1.39000,-0.92000,-2.20000,-62.30000,-108.75000
0.93000,0.02000,-0.80000,-0.50000,-1.78000,-0.93000,-2.20000,-67.65000,-102.56000
0.93000,0.02000,-0.79000,-1.22000,-2.03000,-0.93000,-2.20000,-67.65000,-102.56000
0.93000,0.03000,-0.79000,-1.93000,-1.99000,-0.93000,-2.20000,-55.22000,-97.79000
0.92000,0.03000,-0.79000,-1.95000,-2.16000,-0.92000,-2.21000,-55.22000,-97.79000
0.92000,0.03000,-0.78000,-1.72000,-2.12000,-0.91000,-2.21000,-42.35000,-97.08000
0.92000,0.03000,-0.76000,-1.08000,-2.03000,-0.91000,-2.21000,-42.35000,-97.08000
0.92000,0.04000,-0.74000,-0.56000,-1.81000,-0.91000,-2.21000,-49.15000,-99.30000
0.91000,0.04000,-0.72000,-0.42000,-1.68000,-0.92000,-2.20000,-49.15000,-99.30000
0.91000,0.04000,-0.70000,-0.50000,-1.43000,-0.93000,-2.20000,-58.32000,-105.48000
0.91000,0.04000,-0.68000,-0.58000,-1.47000,-0.93000,-2.20000,-58.32000,-105.48000
0.91000,0.04000,-0.66000,-0.71000,-1.72000,-0.93000,-2.19000,-58.97000,-111.60000
0.91000,0.04000,-0.64000,-0.87000,-1.93000,-0.94000,-2.19000,-58.97000,-111.60000
0.90000,0.05000,-0.63000,-1.22000,-2.24000,-0.94000,-2.19000,-56.86000,-108.96000
0.90000,0.05000,-0.61000,-1.45000,-2.30000,-0.94000,-2.18000,-56.86000,-108.96000
0.90000,0.05000,-0.59000,-1.39000,-2.28000,-0.95000,-2.18000,-48.67000,-104.78000
0.89000,0.05000,-0.58000,-1.33000,-2.43000,-0.95000,-2.17000,-48.67000,-104.78000
0.89000,0.06000,-0.55000,-1.12000,-2.66000,-0.96000,-2.17000,-47.63000,-102.04000
0.89000,0.06000,-0.51000,-0.81000,-2.80000,-0.97000,-2.16000,-47.63000,-102.04000
0.88000,0.06000,-0.47000,-0.66000,-2.91000,-0.98000,-2.15000,-53.50000,-94.55000
0.88000,0.06000,-0.43000,-0.81000,-2.80000,-0.99000,-2.13000,-53.50000,-94.55000
0.87000,0.06000,-0.40000,-1.04000,-2.68000,-1.01000,-2.12000,-54.95000,-90.23000
0.87000,0.07000,-0.38000,-0.87000,-2.47000,-1.01000,-2.11000,-54.95000,-90.23000
0.87000,0.07000,-0.35000,-0.87000,-2.45000,-1.13000,-2.12000,-57.04000,-91.13000
0.86000,0.07000,-0.32000,-0.98000,-2.32000,-3.09000,-3.12000,-57.04000,-91.13000
0.86000,0.07000,-0.30000,-0.98000,-2.28000,-3.13000,-3.09000,-87.01000,-105.83000
0.86000,0.07000,-0.28000,-1.49000,-2.53000,-2.14000,-1.24000,-87.01000,-105.83000
0.85000,0.07000,-0.28000,-2.41000,-2.70000,-2.11000,-1.02000,-76.83000,-76.21000
0.85000,0.07000,-0.28000,-2.76000,-2.32000,-2.11000,-1.01000,-76.83000,-76.21000
0.84000,0.07000,-0.30000,-2.76000,-1.87000,-2.11000,-1.02000,-61.54000,-70.19000
0.84000,0.08000,-0.32000,-2.43000,-1.29000,-2.11000,-1.02000,-61.54000,-70.19000
0.83000,0.08000,-0.34000,-1.85000,-0.71000,-2.15000,-1.28000,-63.24000,-81.84000
0.83000,0.08000,-0.36000,-1.54000,-0.60000,-2.97000,-2.93000,-63.24000,-81.84000
0.83000,0.08000,-0.36000,-0.87000,-0.69000,-3.30000,-3.27000,-92.13000,-121.95000
0.83000,0.08000,-0.36000,-1.04000,-1.24000,-3.25000,-3.28000,-92.13000,-121.95000
0.82000,0.08000,-0.36000,-1.91000,-1.83000,-3.30000,-3.27000,-110.16000,-128.31000
0.82000,0.08000,-0.36000,-2.47000,-2.53000,-3.27000,-3.29000,-110.16000,-128.31000
0.81000,0.09000,-0.36000,-3.01000,-3.03000,-3.27000,-3.30000,-101.86000,-121.54000
0.81000,0.09000,-0.36000,-3.13000,-3.19000,-3.30000,-3.27000,-101.86000,-121.54000
0.80000,0.09000,-0.36000,-3.15000,-3.20000,-3.29000,-3.27000,-97.05000,-115.76000
0.79000,0.09000,-0.36000,-3.24000,-3.22000,-2.13000,-0.99000,-97.05000,-115.76000
0.78000,0.10000,-0.36000,-3.22000,-3.13000,-2.13000,-0.99000,-79.07000,-81.74000
0.78000,0.10000,-0.37000,-2.82000,-2.39000,-2.14000,-0.99000,-79.07000,-81.74000
0.78000,0.10000,-0.38000,-2.34000,-1.27000,-2.14000,-0.99000,-78.71000,-80.82000
0.77000,0.10000,-0.41000,-2.05000,-0.62000,-2.13000,-1.00000,-78.71000,-80.82000
0.77000,0.10000,-0.44000,-1.99000,-0.39000,-2.12000,-1.01000,-85.87000,-99.15000
0.77000,0.10000,-0.47000,-2.10000,-0.68000,-2.11000,-1.02000,-85.87000,-99.15000
0.76000,0.10000,-0.49000,-2.22000,-0.98000,-2.12000,-1.11000,-85.59000,-102.03000
0.76000,0.11000,-0.51000,-2.16000,-1.10000,-2.85000,-2.79000,-85.59000,-102.03000
0.76000,0.11000,-0.53000,-2.32000,-1.29000,-3.30000,-3.27000,-102.46000,-130.79000
0.75000,0.11000,-0.54000,-3.05000,-2.14000,-2.81000,-2.86000,-102.46000,-130.79000
0.75000,0.11000,-0.56000,-3.88000,-2.74000,-1.23000,-2.14000,-64.99000,-111.32000
0.74000,0.12000,-0.59000,-3.98000,-2.61000,-1.02000,-2.11000,-64.99000,-111.32000
0.73000,0.12000,-0.60000,-3.44000,-2.72000,-1.01000,-2.12000,-36.68000,-103.86000
0.73000,0.12000,-0.60000,-2.28000,-2.20000,-1.00000,-2.13000,-36.68000,-103.86000
0.73000,0.13000,-0.59000,-0.87000,-1.78000,-0.99000,-2.13000,-44.12000,-107.27000
0.73000,0.13000,-0.56000,-0.23000,-1.72000,-1.00000,-2.13000,-44.12000,-107.27000
0.72000,0.13000,-0.53000,-0.02000,-1.64000,-1.01000,-2.12000,-67.44000,-113.83000
0.72000,0.13000,-0.50000,-0.23000,-1.89000,-1.02000,-2.11000,-67.44000,-113.83000
0.72000,0.13000,-0.48000,-0.95000,-1.97000,-1.59000,-2.23000,-80.79000,-115.40000
0.72000,0.13000,-0.47000,-1.80000,-2.28000,-3.01000,-3.05000,-80.79000,-115.40000
0.71000,0.14000,-0.47000,-2.20000,-2.57000,-3.21000,-3.24000,-89.63000,-126.66000
0.70000,0.14000,-0.46000,-2.78000,-3.17000,-3.27000,-3.29000,-89.63000,-126.66000
0.70000,0.14000,-0.45000,-3.20000,-3.65000,-3.25000,-3.22000,-84.02000,-118.76000
0.69000,0.15000,-0.44000,-3.32000,-4.00000,-2.99000,-2.95000,-84.02000,-118.76000
0.68000,0.15000,-0.42000,-3.53000,-4.30000,-2.18000,-1.42000,-62.76000,-79.50000
0.67000,0.15000,-0.41000,-3.22000,-3.88000,-2.13000,-1.00000,-62.76000,-79.50000
0.67000,0.16000,-0.40000,-2.55000,-3.01000,-2.14000,-0.99000,-56.82000,-59.46000
0.67000,0.16000,-0.41000,-2.05000,-1.93000,-2.14000,-0.98000,-56.82000,-59.46000
0.66000,0.16000,-0.42000,-1.37000,-0.48000,-2.14000,-0.98000,-67.86000,-71.24000
0.66000,0.16000,-0.45000,-1.29000,0.00000,-2.14000,-0.99000,-67.86000,-71.24000
0.66000,0.16000,-0.47000,-1.35000,0.00000,-2.13000,-1.00000,-79.67000,-94.71000
0.66000,0.16000,-0.49000,-1.41000,-0.31000,-2.12000,-1.01000,-79.67000,-94.71000
0.66000,0.16000,-0.51000,-1.66000,-0.64000,-2.11000,-1.01000,-82.60000,-96.25000
0.65000,0.16000,-0.52000,-1.60000,-0.77000,-2.11000,-1.02000,-82.60000,-96.25000
0.65000,0.16000,-0.54000,-1.70000,-0.75000,-2.11000,-1.08000,-84.01000,-94.61000
0.65000,0.17000,-0.56000,-1.49000,-0.58000,-2.45000,-2.21000,-84.01000,-94.61000
0.65000,0.17000,-0.57000,-1.45000,-0.54000,-3.19000,-3.16000,-104.80000,-130.48000
0.64000,0.17000,-0.58000,-1.93000,-1.45000,-3.21000,-3.24000,-104.80000,-130.48000
0.64000,0.17000,-0.58000,-2.28000,-2.49000,-2.95000,-2.99000,-104.81000,-130.35000
0.64000,0.17000,-0.57000,-2.63000,-3.03000,-3.06000,-3.10000,-104.81000,-130.35000
0.63000,0.18000,-0.57000,-3.28000,-3.20000,-3.21000,-3.24000,-104.34000,-119.70000
0.62000,0.18000,-0.58000,-4.00000,-3.44000,-3.17000,-3.20000,-104.34000,-119.70000
0.61000,0.19000,-0.60000,-4.23000,-3.40000,-2.73000,-2.79000,-80.02000,-108.04000
0.61000,0.19000,-0.61000,-3.82000,-3.26000,-1.19000,-2.13000,-80.02000,-108.04000
0.60000,0.20000,-0.61000,-3.32000,-3.17000,-1.02000,-2.11000,-49.55000,-96.59000
0.60000,0.20000,-0.60000,-2.16000,-2.90000,-1.02000,-2.11000,-49.55000,-96.59000
0.59000,0.20000,-0.57000,-0.87000,-2.49000,-1.02000,-2.11000,-57.65000,-95.00000
0.59000,0.20000,-0.54000,-0.02000,-1.81000,-1.62000,-2.24000,-57.65000,-95.00000
0.59000,0.20000,-0.52000,0.00000,-1.10000,-3.30000,-3.27000,-117.00000,-124.15000
0.59000,0.21000,-0.51000,-1.06000,-1.43000,-2.78000,-2.71000,-117.00000,-124.15000
0.58000,0.21000,-0.52000,-2.78000,-2.14000,-2.32000,-1.87000,-106.48000,-117.56000
0.58000,0.21000,-0.54000,-3.69000,-2.53000,-2.70000,-2.63000,-106.48000,-117.56000
0.57000,0.22000,-0.57000,-4.36000,-2.80000,-3.25000,-3.23000,-88.51000,-124.02000
0.56000,0.22000,-0.60000,-4.65000,-2.99000,-2.81000,-2.74000,-88.51000,-124.02000
0.56000,0.22000,-0.62000,-4.48000,-3.22000,-3.16000,-3.19000,-70.16000,-120.81000
0.55000,0.23000,-0.63000,-3.90000,-3.36000,-1.43000,-2.19000,-70.16000,-120.81000
0.54000,0.23000,-0.63000,-3.32000,-3.40000,-1.05000,-2.11000,-40.74000,-100.17000
0.54000,0.24000,-0.62000,-2.49000,-3.30000,-1.04000,-2.11000,-40.74000,-100.17000
0.53000,0.24000,-0.59000,-1.45000,-3.13000,-1.35000,-2.17000,-49.36000,-94.50000
0.53000,0.24000,-0.55000,-0.95000,-2.74000,-3.23000,-3.26000,-49.36000,-94.50000
0.53000,0.25000,-0.52000,-0.66000,-2.43000,-2.38000,-2.03000,-80.95000,-93.99000
0.53000,0.25000,-0.50000,-1.27000,-2.26000,-2.11000,-1.02000,-80.95000,-93.99000
0.52000,0.25000,-0.50000,-2.05000,-2.22000,-2.12000,-1.01000,-80.88000,-81.63000
0.52000,0.25000,-0.51000,-2.36000,-2.09000,-2.12000,-1.01000,-80.88000,-81.63000
0.51000,0.25000,-0.52000,-2.61000,-1.72000,-2.12000,-1.01000,-69.56000,-76.59000
0.51000,0.26000,-0.54000,-2.66000,-1.56000,-2.11000,-1.01000,-69.56000,-76.59000
0.50000,0.26000,-0.56000,-2.30000,-1.25000,-2.11000,-1.02000,-63.53000,-78.27000
0.50000,0.26000,-0.57000,-2.01000,-1.37000,-2.11000,-1.04000,-63.53000,-78.27000
0.50000,0.26000,-0.58000,-1.78000,-1.31000,-2.14000,-1.22000,-70.35000,-80.87000
0.50000,0.26000,-0.59000,-1.87000,-1.31000,-2.27000,-1.71000,-70.35000,-80.87000
0.49000,0.27000,-0.60000,-1.74000,-1.47000,-2.70000,-2.63000,-81.75000,-102.01000
0.49000,0.27000,-0.60000,-1.91000,-1.85000,-2.91000,-2.85000,-81.75000,-102.01000
0.49000,0.27000,-0.59000,-1.85000,-2.30000,-2.89000,-2.84000,-89.01000,-105.06000
0.48000,0.27000,-0.58000,-2.07000,-2.64000,-2.34000,-1.92000,-89.01000,-105.06000
0.48000,0.28000,-0.57000,-2.05000,-2.30000,-2.11000,-1.08000,-80.72000,-72.85000
0.47000,0.28000,-0.58000,-1.87000,-1.52000,-2.11000,-1.02000,-80.72000,-72.85000
0.47000,0.28000,-0.59000,-1.41000,-0.73000,-2.11000,-1.03000,-83.93000,-79.47000
0.47000,0.28000,-0.61000,-1.29000,-0.23000,-2.11000,-1.09000,-83.93000,-79.47000
0.47000,0.28000,-0.63000,-1.10000,0.00000,-2.53000,-2.38000,-100.40000,-116.15000
0.47000,0.28000,-0.66000,-1.47000,-0.02000,-3.26000,-3.24000,-100.40000,-116.15000
0.47000,0.28000,-0.69000,-2.34000,-0.56000,-2.65000,-2.72000,-106.87000,-137.31000
0.46000,0.29000,-0.72000,-3.11000,-1.72000,-1.04000,-2.11000,-106.87000,-137.31000
0.46000,0.29000,-0.73000,-3.63000,-2.72000,-1.01000,-2.11000,-64.80000,-118.83000
0.45000,0.30000,-0.73000,-2.82000,-3.13000,-1.01000,-2.12000,-64.80000,-118.83000
0.45000,0.30000,-0.70000,-1.85000,-3.24000,-1.01000,-2.12000,-56.48000,-100.15000
0.44000,0.30000,-0.67000,-1.22000,-2.84000,-1.01000,-2.11000,-56.48000,-100.15000
0.44000,0.31000,-0.65000,-0.87000,-2.35000,-1.07000,-2.11000,-70.57000,-98.29000
0.44000,0.31000,-0.62000,-0.83000,-1.99000,-2.92000,-2.96000,-70.57000,-98.29000
0.44000,0.31000,-0.60000,-0.68000,-1.99000,-3.27000,-3.25000,-108.54000,-123.68000
0.43000,0.31000,-0.59000,-1.51000,-2.22000,-2.33000,-1.91000,-108.54000,-123.68000
0.43000,0.32000,-0.59000,-2.78000,-2.63000,-2.11000,-1.08000,-95.52000,-95.27000
0.42000,0.32000,-0.60000,-3.15000,-2.51000,-2.11000,-1.09000,-95.52000,-95.27000
0.42000,0.32000,-0.63000,-3.26000,-1.95000,-2.20000,-1.50000,-75.92000,-90.37000
0.41000,0.33000,-0.65000,-3.30000,-1.74000,-3.17000,-3.14000,-75.92000,-90.37000
0.41000,0.33000,-0.68000,-3.19000,-1.58000,-2.87000,-2.92000,-77.97000,-117.08000
0.40000,0.33000,-0.70000,-3.24000,-2.12000,-1.03000,-2.11000,-77.97000,-117.08000
0.40000,0.34000,-0.72000,-3.19000,-2.41000,-1.01000,-2.11000,-48.50000,-106.43000
0.39000,0.34000,-0.72000,-2.57000,-2.28000,-1.01000,-2.12000,-48.50000,-106.43000
0.39000,0.34000,-0.71000,-1.49000,-2.03000,-1.00000,-2.12000,-44.94000,-104.11000
0.39000,0.35000,-0.70000,-1.00000,-1.83000,-1.00000,-2.12000,-44.94000,-104.11000
0.39000,0.35000,-0.68000,-0.50000,-1.72000,-1.01000,-2.12000,-59.26000,-109.94000
0.39000,0.35000,-0.65000,-0.35000,-1.66000,-1.01000,-2.11000,-59.26000,-109.94000
0.38000,0.35000,-0.63000,-0.46000,-1.81000,-1.03000,-2.11000,-69.30000,-113.96000
0.38000,0.35000,-0.61000,-0.93000,-1.87000,-2.10000,-2.41000,-69.30000,-113.96000
0.38000,0.35000,-0.60000,-1.54000,-1.91000,-3.12000,-3.15000,-96.04000,-129.27000
0.37000,0.36000,-0.60000,-2.26000,-2.28000,-3.24000,-3.26000,-96.04000,-129.27000
0.37000,0.36000,-0.61000,-3.13000,-2.88000,-3.24000,-3.26000,-90.96000,-132.39000
0.36000,0.37000,-0.61000,-3.49000,-3.40000,-3.14000,-3.17000,-90.96000,-132.39000
0.35000,0.37000,-0.61000,-3.71000,-3.96000,-3.01000,-3.05000,-75.11000,-118.31000
0.35000,0.38000,-0.59000,-3.59000,-4.38000,-3.00000,-3.04000,-75.11000,-118.31000
0.34000,0.38000,-0.57000,-3.44000,-4.42000,-2.12000,-1.00000,-57.35000,-70.84000
0.33000,0.38000,-0.56000,-3.07000,-3.82000,-2.13000,-0.99000,-57.35000,-70.84000
0.33000,0.39000,-0.55000,-2.49000,-2.82000,-2.14000,-0.99000,-56.61000,-58.73000
0.32000,0.39000,-0.55000,-1.78000,-1.85000,-2.15000,-0.98000,-56.61000,-58.73000
0.32000,0.39000,-0.55000,-0.79000,-0.93000,-2.15000,-0.98000,-70.43000,-71.16000
0.32000,0.39000,-0.55000,-0.06000,-0.10000,-2.15000,-0.97000,-70.43000,-71.16000
0.32000,0.39000,-0.55000,-0.04000,-0.02000,-2.15000,-0.97000,-98.47000,-92.04000
0.32000,0.39000,-0.55000,-0.06000,-0.12000,-2.15000,-0.97000,-98.47000,-92.04000
0.32000,0.39000,-0.56000,-0.37000,0.00000,-2.15000,-0.97000,-111.01000,-96.94000
0.32000,0.39000,-0.58000,-1.29000,-0.02000,-2.15000,-0.98000,-111.01000,-96.94000
0.32000,0.39000,-0.62000,-2.32000,-0.15000,-2.14000,-0.99000,-105.02000,-103.79000
0.32000,0.40000,-0.66000,-2.68000,-0.60000,-2.12000,-1.00000,-105.02000,-103.79000
0.31000,0.40000,-0.69000,-2.86000,-1.18000,-2.11000,-1.01000,-88.83000,-101.28000
0.31000,0.40000,-0.71000,-2.70000,-1.33000,-2.12000,-1.11000,-88.83000,-101.28000
0.31000,0.40000,-0.74000,-2.55000,-1.16000,-2.95000,-2.91000,-97.79000,-121.27000
0.30000,0.41000,-0.76000,-2.88000,-1.66000,-3.19000,-3.22000,-97.79000,-121.27000
0.30000,0.41000,-0.77000,-3.18000,-2.39000,-1.64000,-2.25000,-76.82000,-115.85000
0.29000,0.42000,-0.78000,-2.78000,-2.55000,-1.04000,-2.11000,-76.82000,-115.85000
0.29000,0.42000,-0.77000,-2.24000,-2.53000,-1.02000,-2.11000,-61.63000,-103.88000
0.29000,0.42000,-0.75000,-1.54000,-2.45000,-1.02000,-2.11000,-61.63000,-103.88000
0.28000,0.43000,-0.73000,-1.08000,-2.20000,-1.16000,-2.13000,-71.89000,-103.07000
0.28000,0.43000,-0.72000,-1.08000,-1.91000,-2.76000,-2.82000,-71.89000,-103.07000
0.28000,0.43000,-0.70000,-0.95000,-1.76000,-3.23000,-3.26000,-107.57000,-126.25000
0.28000,0.43000,-0.70000,-1.62000,-1.97000,-3.19000,-3.16000,-107.57000,-126.25000
0.27000,0.44000,-0.70000,-2.70000,-2.47000,-2.97000,-2.93000,-108.50000,-128.45000
0.27000,0.44000,-0.71000,-3.34000,-3.15000,-3.08000,-3.04000,-108.50000,-128.45000
0.26000,0.45000,-0.71000,-3.80000,-3.59000,-3.13000,-3.09000,-93.10000,-118.92000
0.25000,0.45000,-0.72000,-4.32000,-3.51000,-3.17000,-3.14000,-93.10000,-118.92000
0.25000,0.46000,-0.75000,-4.61000,-3.30000,-3.26000,-3.29000,-79.19000,-116.16000
0.24000,0.46000,-0.77000,-4.42000,-3.32000,-2.07000,-2.39000,-79.19000,-116.16000
0.23000,0.47000,-0.78000,-3.92000,-3.07000,-1.02000,-2.11000,-37.68000,-99.94000
0.23000,0.47000,-0.79000,-2.61000,-2.41000,-1.42000,-2.18000,-37.68000,-99.94000
0.23000,0.48000,-0.77000,-1.49000,-2.16000,-1.16000,-2.13000,-46.54000,-106.66000
0.22000,0.48000,-0.75000,-0.75000,-2.07000,-2.04000,-2.38000,-46.54000,-106.66000
0.22000,0.48000,-0.72000,-0.37000,-1.89000,-3.25000,-3.28000,-97.18000,-127.25000
0.22000,0.48000,-0.71000,-1.45000,-2.05000,-2.53000,-2.38000,-97.18000,-127.25000
0.22000,0.49000,-0.72000,-2.90000,-2.34000,-2.15000,-1.26000,-85.06000,-104.54000
0.21000,0.49000,-0.74000,-3.40000,-2.63000,-2.38000,-2.04000,-85.06000,-104.54000
0.21000,0.49000,-0.75000,-3.40000,-2.51000,-3.05000,-3.01000,-73.49000,-117.28000
0.20000,0.50000,-0.76000,-3.24000,-2.74000,-3.27000,-3.29000,-73.49000,-117.28000
0.20000,0.50000,-0.76000,-2.97000,-3.19000,-3.14000,-3.17000,-75.24000,-120.41000
0.19000,0.51000,-0.74000,-2.92000,-3.71000,-3.21000,-3.24000,-75.24000,-120.41000
0.18000,0.51000,-0.72000,-3.07000,-4.09000,-3.23000,-3.20000,-80.71000,-108.88000
0.18000,0.52000,-0.70000,-2.99000,-4.19000,-2.42000,-2.12000,-80.71000,-108.88000
0.17000,0.53000,-0.68000,-2.76000,-4.17000,-2.11000,-1.03000,-64.70000,-65.97000
0.17000,0.53000,-0.65000,-2.10000,-3.36000,-2.12000,-1.01000,-64.70000,-65.97000
0.16000,0.53000,-0.64000,-1.29000,-1.93000,-2.13000,-1.00000,-73.11000,-59.01000
0.16000,0.53000,-0.65000,-0.75000,-0.44000,-2.13000,-0.99000,-73.11000,-59.01000
0.16000,0.53000,-0.65000,-0.21000,0.00000,-2.13000,-0.99000,-93.60000,-88.61000
0.16000,0.53000,-0.65000,0.00000,-0.12000,-2.13000,-0.99000,-93.60000,-88.61000
0.16000,0.53000,-0.65000,-0.04000,0.00000,-2.13000,-0.99000,-113.11000,-96.62000
0.16000,0.53000,-0.66000,-0.66000,0.00000,-2.13000,-0.99000,-113.11000,-96.62000
0.16000,0.53000,-0.69000,-1.74000,0.00000,-2.13000,-1.00000,-115.87000,-103.77000
0.16000,0.54000,-0.74000,-2.57000,0.00000,-2.12000,-1.01000,-115.87000,-103.77000
0.16000,0.54000,-0.80000,-3.40000,0.00000,-2.12000,-1.12000,-95.90000,-111.62000
0.15000,0.54000,-0.87000,-4.04000,-0.54000,-2.73000,-2.79000,-95.90000,-111.62000
0.15000,0.55000,-0.91000,-4.19000,-1.60000,-1.01000,-2.12000,-54.45000,-125.21000
0.14000,0.55000,-0.93000,-3.30000,-2.45000,-0.98000,-2.14000,-54.45000,-125.21000
0.14000,0.56000,-0.91000,-1.99000,-3.26000,-0.97000,-2.16000,-46.81000,-106.63000
0.14000,0.56000,-0.86000,-0.66000,-3.15000,-0.97000,-2.16000,-46.81000,-106.63000
0.14000,0.56000,-0.81000,0.00000,-2.88000,-0.98000,-2.15000,-72.47000,-94.15000
0.13000,0.56000,-0.77000,-0.04000,-2.26000,-0.99000,-2.13000,-72.47000,-94.15000
0.13000,0.57000,-0.74000,-0.12000,-1.87000,-1.01000,-2.12000,-84.12000,-101.10000
0.13000,0.57000,-0.71000,-0.37000,-1.62000,-2.11000,-1.02000,-84.12000,-101.10000
0.13000,0.57000,-0.71000,-1.08000,-1.56000,-2.11000,-1.01000,-101.55000,-93.25000
0.13000,0.57000,-0.72000,-2.03000,-1.02000,-2.12000,-1.01000,-101.55000,-93.25000
0.12000,0.57000,-0.75000,-2.74000,-1.31000,-2.11000,-1.01000,-87.04000,-98.65000
0.12000,0.58000,-0.77000,-2.99000,-1.89000,-2.11000,-1.04000,-87.04000,-98.65000
0.11000,0.58000,-0.78000,-3.01000,-2.16000,-2.32000,-1.86000,-76.32000,-98.33000
0.11000,0.59000,-0.80000,-3.05000,-2.37000,-3.06000,-3.02000,-76.32000,-98.33000
0.11000,0.59000,-0.81000,-2.99000,-2.22000,-3.29000,-3.26000,-85.92000,-112.02000
0.10000,0.60000,-0.83000,-3.19000,-2.12000,-3.10000,-3.13000,-85.92000,-112.02000
0.10000,0.60000,-0.85000,-3.34000,-2.43000,-1.52000,-2.21000,-58.62000,-105.35000
0.09000,0.60000,-0.85000,-2.76000,-2.53000,-1.03000,-2.11000,-58.62000,-105.35000
0.09000,0.61000,-0.84000,-2.12000,-2.49000,-1.02000,-2.11000,-47.61000,-98.13000
0.09000,0.61000,-0.84000,-1.45000,-1.89000,-1.02000,-2.11000,-47.61000,-98.13000
0.09000,0.61000,-0.83000,-0.83000,-1.08000,-1.04000,-2.11000,-57.13000,-105.22000
0.09000,0.61000,-0.83000,-0.75000,-0.83000,-1.08000,-2.11000,-57.13000,-105.22000
0.08000,0.61000,-0.83000,-0.46000,-0.66000,-1.10000,-2.11000,-66.05000,-122.53000
0.08000,0.62000,-0.82000,-0.37000,-0.83000,-1.19000,-2.13000,-66.05000,-122.53000
0.08000,0.62000,-0.81000,-0.50000,-1.12000,-1.74000,-2.28000,-83.42000,-132.68000
0.08000,0.62000,-0.80000,-1.22000,-1.49000,-2.80000,-2.86000,-83.42000,-132.68000
0.08000,0.62000,-0.80000,-2.10000,-2.26000,-3.01000,-3.05000,-97.93000,-143.01000
0.07000,0.63000,-0.80000,-2.70000,-2.86000,-3.09000,-3.13000,-97.93000,-143.01000
0.07000,0.63000,-0.80000,-3.38000,-3.36000,-3.15000,-3.18000,-88.71000,-133.83000
0.06000,0.64000,-0.79000,-3.63000,-3.78000,-3.13000,-3.16000,-88.71000,-133.83000
0.06000,0.65000,-0.78000,-3.67000,-4.19000,-3.16000,-3.19000,-77.59000,-122.20000
0.05000,0.65000,-0.77000,-3.65000,-4.40000,-3.27000,-3.29000,-77.59000,-122.20000
0.04000,0.66000,-0.75000,-3.57000,-4.53000,-3.11000,-3.07000,-73.57000,-107.49000
0.04000,0.66000,-0.73000,-3.17000,-4.29000,-2.21000,-1.51000,-73.57000,-107.49000
0.03000,0.67000,-0.70000,-2.62000,-4.23000,-2.11000,-1.02000,-62.48000,-70.31000
0.03000,0.67000,-0.67000,-1.62000,-3.34000,-2.12000,-1.00000,-62.48000,-70.31000
0.02000,0.67000,-0.65000,-0.95000,-2.16000,-2.14000,-0.98000,-79.93000,-64.46000
0.02000,0.68000,-0.65000,-0.83000,-0.69000,-2.16000,-0.97000,-79.93000,-64.46000
0.02000,0.68000,-0.66000,-0.42000,0.00000,-2.16000,-0.97000,-95.17000,-89.88000
0.02000,0.68000,-0.67000,-0.42000,-0.08000,-2.16000,-0.97000,-95.17000,-89.88000
0.02000,0.68000,-0.68000,-0.71000,0.00000,-2.16000,-0.97000,-109.31000,-100.64000
0.02000,0.68000,-0.70000,-1.35000,-0.02000,-2.15000,-0.97000,-109.31000,-100.64000
0.02000,0.68000,-0.74000,-2.22000,0.00000,-2.15000,-0.98000,-105.60000,-107.05000
