0.00000,0.00000,0.00000,0.00000,0.00000,0.63000,-0.40000,9.46000,-6.05000
0.00000,0.00000,0.00000,0.00000,0.00000,0.63000,-0.40000,9.46000,-6.05000
0.00000,0.00000,0.00000,0.00000,0.00000,0.63000,-0.40000,13.24000,-8.47000
0.00000,0.00000,0.00000,0.00000,0.00000,0.63000,-0.40000,13.24000,-8.47000
0.00000,0.00000,0.00000,0.00000,0.00000,0.63000,-0.40000,17.03000,-10.89000
0.00000,0.00000,0.00000,0.00000,0.00000,0.63000,-0.40000,17.03000,-10.89000
0.00000,0.00000,0.00000,0.00000,0.00000,0.63000,-0.40000,20.81000,-13.31000
0.00000,0.00000,0.00000,0.00000,0.00000,0.63000,-0.40000,20.81000,-13.31000
0.00000,0.00000,0.00000,0.00000,0.00000,0.63000,-0.40000,24.60000,-15.73000
0.00000,0.00000,0.00000,0.00000,0.00000,0.63000,-0.40000,24.60000,-15.73000
0.00000,0.00000,0.00000,0.00000,0.00000,0.63000,-0.40000,28.38000,-18.15000
0.00000,0.00000,0.00000,0.00000,0.00000,0.63000,-0.40000,28.38000,-18.15000
0.00000,0.00000,0.00000,0.00000,0.00000,0.63000,-0.40000,32.17000,-20.57000
0.00000,0.00000,0.00000,0.00000,0.00000,0.63000,-0.40000,32.17000,-20.57000
0.00000,0.00000,0.00000,0.00000,0.00000,0.63000,-0.40000,35.95000,-22.99000
0.00000,0.00000,0.00000,0.00000,0.00000,0.63000,-0.40000,35.95000,-22.99000
0.00000,0.00000,0.00000,0.00000,0.00000,0.63000,-0.40000,39.73000,-25.41000
0.00000,0.00000,0.00000,0.00000,0.00000,0.63000,-0.40000,39.73000,-25.41000
0.00000,0.00000,0.00000,0.00000,0.00000,0.63000,-0.40000,43.52000,-27.83000
0.00000,0.00000,0.00000,0.00000,0.00000,0.63000,-0.40000,43.52000,-27.83000
0.00000,0.00000,0.00000,0.00000,0.00000,0.63000,-0.40000,47.30000,-30.25000
0.00000,0.00000,0.00000,0.00000,0.00000,0.63000,-0.40000,47.30000,-30.25000
0.00000,0.00000,0.00000,0.00000,0.00000,0.63000,-0.40000,51.09000,-32.67000
0.00000,0.00000,0.00000,0.00000,0.00000,0.63000,-0.40000,51.09000,-32.67000
0.00000,0.00000,0.00000,0.02000,0.00000,0.63000,-0.40000,54.87000,-35.09000
0.00000,0.00000,0.00000,0.00000,0.00000,0.63000,-0.40000,54.87000,-35.09000
0.00000,0.00000,0.00000,0.00000,0.00000,0.63000,-0.40000,58.66000,-37.51000
0.00000,0.00000,0.00000,0.00000,0.00000,0.63000,-0.40000,58.66000,-37.51000
0.00000,0.00000,0.01000,0.37000,0.00000,0.63000,-0.40000,62.45000,-39.92000
0.00000,0.00000,0.02000,0.62000,0.00000,0.64000,-0.39000,62.45000,-39.92000
0.00000,0.00000,0.03000,0.60000,0.00000,0.66000,-0.38000,57.32000,-41.96000
0.00000,0.00000,0.04000,0.56000,0.00000,0.68000,-0.36000,57.32000,-41.96000
0.00000,0.00000,0.05000,0.46000,0.00000,0.70000,-0.34000,59.06000,-43.67000
0.00000,0.00000,0.06000,0.50000,0.00000,0.72000,-0.32000,59.06000,-43.67000
0.00000,0.00000,0.07000,0.64000,-0.02000,0.74000,-0.30000,61.41000,-45.11000
0.01000,0.00000,0.08000,0.87000,0.00000,0.77000,-0.27000,61.41000,-45.11000
0.01000,0.00000,0.10000,0.96000,0.00000,0.82000,-0.22000,58.40000,-45.70000
0.01000,0.00000,0.12000,1.06000,0.00000,0.87000,-0.16000,58.40000,-45.70000
0.01000,0.00000,0.14000,1.27000,0.00000,0.95000,-0.08000,57.26000,-44.91000
0.01000,0.00000,0.17000,1.35000,0.00000,1.05000,0.03000,57.26000,-44.91000
0.01000,0.00000,0.19000,1.29000,0.00000,1.18000,0.17000,55.75000,-41.69000
0.01000,0.00000,0.21000,1.29000,0.00000,1.32000,0.30000,55.75000,-41.69000
0.01000,0.00000,0.24000,1.37000,0.00000,1.47000,0.42000,59.99000,-36.83000
0.02000,0.00000,0.26000,1.39000,0.00000,1.61000,0.54000,59.99000,-36.83000
0.02000,0.00000,0.29000,1.62000,0.00000,1.73000,0.64000,63.43000,-31.12000
0.02000,0.00000,0.33000,1.76000,0.00000,1.85000,0.73000,63.43000,-31.12000
0.02000,0.00000,0.36000,1.97000,0.00000,1.95000,0.80000,63.10000,-24.87000
0.02000,0.00000,0.40000,1.97000,0.00000,2.03000,0.85000,63.10000,-24.87000
0.03000,0.01000,0.44000,2.12000,0.00000,2.09000,0.88000,63.19000,-18.86000
0.03000,0.01000,0.47000,2.05000,0.00000,2.13000,0.90000,63.19000,-18.86000
0.03000,0.01000,0.51000,2.18000,0.00000,2.16000,0.90000,63.77000,-13.25000
0.03000,0.01000,0.55000,2.12000,0.00000,2.19000,0.91000,63.77000,-13.25000
0.03000,0.01000,0.59000,2.16000,0.00000,2.20000,0.90000,64.02000,-7.79000
0.04000,0.01000,0.63000,2.20000,0.00000,2.21000,0.91000,64.02000,-7.79000
0.04000,0.01000,0.67000,2.24000,0.00000,2.21000,0.91000,63.45000,-2.32000
0.04000,0.01000,0.71000,2.28000,0.00000,2.21000,0.91000,63.45000,-2.32000
0.04000,0.02000,0.75000,2.24000,0.00000,2.21000,0.91000,62.28000,3.17000
0.04000,0.02000,0.79000,2.28000,0.00000,2.21000,0.91000,62.28000,3.17000
0.05000,0.02000,0.83000,2.18000,0.00000,2.21000,0.92000,61.79000,8.75000
0.05000,0.02000,0.87000,1.97000,0.00000,2.20000,0.93000,61.79000,8.75000
0.05000,0.02000,0.91000,2.08000,0.00000,2.19000,0.94000,65.70000,14.57000
0.05000,0.02000,0.94000,2.08000,0.00000,2.17000,0.96000,65.70000,14.57000
0.05000,0.03000,0.98000,2.22000,0.00000,2.14000,0.99000,64.71000,20.92000
0.05000,0.03000,1.02000,1.93000,0.00000,2.10000,1.03000,64.71000,20.92000
0.05000,0.03000,1.05000,1.91000,0.00000,2.04000,1.08000,65.85000,28.24000
0.06000,0.03000,1.08000,1.70000,0.00000,1.98000,1.15000,65.85000,28.24000
0.06000,0.03000,1.11000,1.72000,0.00000,1.90000,1.23000,67.81000,36.90000
0.06000,0.04000,1.14000,1.56000,0.00000,1.80000,1.32000,67.81000,36.90000
0.06000,0.04000,1.17000,1.58000,0.00000,1.87000,1.60000,70.77000,49.83000
0.06000,0.04000,1.20000,1.35000,0.00000,3.24000,3.23000,70.77000,49.83000
0.06000,0.04000,1.22000,1.60000,0.00000,2.84000,2.86000,90.31000,78.41000
0.06000,0.04000,1.26000,2.20000,0.02000,1.38000,1.76000,90.31000,78.41000
0.06000,0.05000,1.31000,2.74000,0.00000,1.24000,1.88000,62.55000,80.57000
0.06000,0.05000,1.36000,2.66000,0.00000,1.12000,2.01000,62.55000,80.57000
0.06000,0.05000,1.40000,2.16000,0.02000,1.04000,2.09000,46.86000,95.14000
0.06000,0.05000,1.41000,1.35000,0.91000,0.99000,2.13000,46.86000,95.14000
0.06000,0.06000,1.39000,0.75000,1.49000,0.98000,2.14000,55.95000,94.78000
0.06000,0.06000,1.37000,0.60000,2.01000,0.99000,2.13000,55.95000,94.78000
0.06000,0.06000,1.33000,0.25000,2.37000,1.02000,2.10000,65.53000,85.08000
0.06000,0.06000,1.29000,0.17000,2.53000,1.07000,2.05000,65.53000,85.08000
0.07000,0.07000,1.25000,0.42000,2.41000,1.16000,1.97000,76.61000,75.78000
0.07000,0.07000,1.23000,0.95000,2.08000,1.25000,1.87000,76.61000,75.78000
0.07000,0.07000,1.23000,1.66000,1.91000,1.31000,1.81000,73.11000,76.87000
0.07000,0.08000,1.23000,1.87000,1.66000,1.33000,1.79000,73.11000,76.87000
0.07000,0.08000,1.24000,1.83000,1.41000,1.31000,1.81000,61.55000,81.50000
0.07000,0.08000,1.24000,1.58000,1.49000,1.29000,1.84000,61.55000,81.50000
0.07000,0.09000,1.24000,1.25000,1.25000,1.28000,1.84000,62.09000,85.38000
0.07000,0.09000,1.24000,1.24000,1.47000,1.28000,1.84000,62.09000,85.38000
0.07000,0.09000,1.23000,1.24000,1.76000,1.29000,1.83000,65.44000,87.63000
0.08000,0.10000,1.22000,1.41000,1.80000,1.32000,1.80000,65.44000,87.63000
0.08000,0.10000,1.21000,1.72000,1.95000,1.34000,1.78000,64.04000,84.04000
0.08000,0.10000,1.21000,1.78000,1.81000,1.36000,1.77000,64.04000,84.04000
0.08000,0.11000,1.22000,1.99000,1.74000,1.36000,1.77000,58.24000,83.71000
0.08000,0.11000,1.22000,1.81000,1.58000,1.34000,1.79000,58.24000,83.71000
0.08000,0.12000,1.23000,1.74000,1.58000,1.32000,1.80000,54.83000,87.40000
0.08000,0.12000,1.23000,1.58000,1.51000,1.31000,1.81000,54.83000,87.40000
0.09000,0.12000,1.22000,1.43000,1.78000,1.30000,1.82000,55.08000,89.94000
0.09000,0.13000,1.21000,1.27000,1.76000,1.32000,1.80000,55.08000,89.94000
0.09000,0.13000,1.20000,0.95000,1.85000,1.36000,1.77000,58.88000,87.31000
0.09000,0.13000,1.18000,1.20000,1.93000,1.51000,1.80000,58.88000,87.31000
0.09000,0.13000,1.17000,1.45000,1.93000,2.34000,2.47000,75.11000,95.30000
0.09000,0.14000,1.17000,1.83000,2.20000,2.94000,2.96000,75.11000,95.30000
0.09000,0.14000,1.17000,2.41000,2.47000,3.17000,3.17000,84.99000,105.08000
0.10000,0.15000,1.17000,3.07000,2.90000,3.19000,3.19000,84.99000,105.08000
0.10000,0.16000,1.17000,3.65000,3.53000,3.11000,3.12000,73.50000,99.52000
0.10000,0.17000,1.17000,3.65000,3.53000,3.02000,3.04000,73.50000,99.52000
0.11000,0.17000,1.17000,3.65000,3.74000,2.91000,2.93000,62.08000,88.65000
0.11000,0.18000,1.17000,3.36000,3.61000,2.96000,2.98000,62.08000,88.65000
0.11000,0.19000,1.16000,2.97000,3.42000,3.11000,3.12000,65.00000,86.70000
0.11000,0.19000,1.15000,2.66000,3.13000,3.26000,3.27000,65.00000,86.70000
0.12000,0.20000,1.14000,2.59000,2.95000,3.25000,3.25000,76.15000,92.79000
0.12000,0.20000,1.14000,2.68000,2.88000,3.13000,3.12000,76.15000,92.79000
0.12000,0.21000,1.14000,3.05000,3.07000,2.99000,2.98000,75.51000,93.14000
0.13000,0.22000,1.14000,2.97000,2.97000,2.96000,2.94000,75.51000,93.14000
0.13000,0.22000,1.14000,2.97000,3.20000,2.94000,2.93000,72.34000,91.71000
0.13000,0.23000,1.13000,2.78000,3.20000,2.70000,2.66000,72.34000,91.71000
0.13000,0.23000,1.12000,2.45000,3.13000,2.15000,1.92000,63.14000,73.00000
0.14000,0.24000,1.11000,2.14000,2.72000,1.76000,1.43000,63.14000,73.00000
0.14000,0.24000,1.10000,1.62000,2.20000,1.77000,1.35000,63.30000,63.99000
0.14000,0.25000,1.09000,1.47000,1.72000,1.81000,1.31000,63.30000,63.99000
0.14000,0.25000,1.09000,1.16000,0.98000,1.83000,1.29000,71.89000,69.85000
0.14000,0.25000,1.11000,1.58000,0.91000,1.82000,1.30000,71.89000,69.85000
0.14000,0.25000,1.12000,1.87000,0.98000,1.78000,1.34000,71.76000,80.17000
0.15000,0.26000,1.13000,1.93000,1.33000,1.77000,1.45000,71.76000,80.17000
0.15000,0.26000,1.15000,2.18000,1.35000,2.08000,1.84000,72.22000,84.01000
0.15000,0.26000,1.15000,2.12000,1.76000,2.99000,2.97000,72.22000,84.01000
0.15000,0.27000,1.16000,2.03000,1.95000,3.18000,3.17000,86.75000,100.47000
0.15000,0.27000,1.15000,2.24000,2.41000,3.20000,3.20000,86.75000,100.47000
0.15000,0.28000,1.15000,2.45000,2.84000,3.13000,3.12000,90.57000,98.55000
0.16000,0.28000,1.14000,2.82000,3.15000,2.84000,2.81000,90.57000,98.55000
0.16000,0.29000,1.15000,3.57000,3.28000,2.43000,2.26000,76.67000,78.71000
0.16000,0.30000,1.16000,3.82000,2.97000,2.71000,2.68000,76.67000,78.71000
0.17000,0.31000,1.18000,3.86000,2.64000,3.24000,3.23000,71.47000,90.71000
0.17000,0.31000,1.20000,3.65000,2.61000,2.96000,2.98000,71.47000,90.71000
0.17000,0.32000,1.21000,3.44000,2.74000,1.58000,1.86000,45.60000,76.99000
0.17000,0.32000,1.22000,2.70000,2.51000,1.37000,1.76000,45.60000,76.99000
0.18000,0.33000,1.21000,1.83000,2.35000,1.35000,1.77000,44.09000,72.74000
0.18000,0.33000,1.19000,1.08000,2.01000,1.39000,1.75000,44.09000,72.74000
0.18000,0.33000,1.18000,0.81000,1.68000,1.86000,2.10000,67.91000,80.64000
0.18000,0.34000,1.17000,1.14000,1.68000,3.01000,3.03000,67.91000,80.64000
0.18000,0.34000,1.16000,1.56000,1.62000,3.25000,3.25000,92.46000,103.41000
0.18000,0.35000,1.17000,2.76000,2.32000,3.26000,3.26000,92.46000,103.41000
0.19000,0.35000,1.19000,3.73000,2.93000,3.10000,3.11000,78.61000,101.08000
0.19000,0.36000,1.20000,3.96000,3.28000,2.07000,2.28000,78.61000,101.08000
0.19000,0.37000,1.21000,3.92000,3.36000,1.44000,1.76000,37.64000,71.27000
0.19000,0.37000,1.21000,2.99000,3.01000,1.35000,1.77000,37.64000,71.27000
0.20000,0.38000,1.19000,1.83000,2.64000,1.35000,1.78000,35.74000,66.48000
0.20000,0.38000,1.18000,0.93000,1.95000,1.41000,1.76000,35.74000,66.48000
0.20000,0.38000,1.15000,0.15000,1.49000,2.19000,2.39000,69.31000,84.05000
0.20000,0.39000,1.14000,0.60000,1.47000,3.28000,3.28000,69.31000,84.05000
0.20000,0.39000,1.13000,1.18000,1.76000,3.05000,3.04000,94.81000,103.65000
0.20000,0.39000,1.13000,2.39000,2.32000,2.46000,2.32000,94.81000,103.65000
0.21000,0.40000,1.14000,3.42000,2.91000,2.46000,2.32000,73.85000,89.56000
0.21000,0.41000,1.14000,3.44000,2.99000,2.93000,2.91000,73.85000,89.56000
0.21000,0.41000,1.15000,3.26000,3.13000,3.17000,3.16000,69.03000,92.13000
0.21000,0.42000,1.14000,2.88000,3.05000,3.20000,3.19000,69.03000,92.13000
0.22000,0.42000,1.13000,2.49000,3.03000,3.11000,3.10000,74.95000,91.37000
0.22000,0.43000,1.12000,2.37000,3.15000,2.59000,2.54000,74.95000,91.37000
0.22000,0.44000,1.11000,2.28000,2.91000,1.79000,1.48000,64.19000,65.75000
0.22000,0.44000,1.11000,2.32000,2.39000,1.77000,1.36000,64.19000,65.75000
0.23000,0.44000,1.11000,1.91000,1.62000,1.79000,1.34000,61.39000,65.07000
0.23000,0.45000,1.13000,1.87000,1.00000,1.78000,1.34000,61.39000,65.07000
0.23000,0.45000,1.14000,1.45000,0.56000,1.75000,1.40000,64.50000,80.62000
0.23000,0.45000,1.16000,1.20000,0.60000,2.08000,1.85000,64.50000,80.62000
0.23000,0.45000,1.16000,1.29000,0.89000,2.74000,2.71000,88.60000,108.63000
0.23000,0.46000,1.16000,1.70000,1.66000,3.04000,3.03000,88.60000,108.63000
0.23000,0.46000,1.16000,2.28000,2.66000,3.03000,3.01000,94.64000,109.95000
0.24000,0.47000,1.15000,2.86000,3.36000,2.54000,2.50000,94.64000,109.95000
0.24000,0.47000,1.14000,3.51000,3.78000,1.82000,1.52000,67.01000,70.19000
0.24000,0.48000,1.15000,3.53000,3.20000,1.77000,1.36000,67.01000,70.19000
0.25000,0.49000,1.17000,3.28000,2.37000,1.50000,1.80000,45.97000,65.76000
0.25000,0.49000,1.18000,2.84000,2.12000,1.35000,1.78000,45.97000,65.76000
0.25000,0.50000,1.19000,1.83000,1.39000,1.30000,1.82000,41.10000,73.91000
0.25000,0.50000,1.18000,0.79000,1.35000,1.27000,1.85000,41.10000,73.91000
0.25000,0.50000,1.15000,0.08000,1.33000,1.31000,1.82000,62.74000,83.58000
0.25000,0.50000,1.13000,0.00000,1.41000,1.40000,1.75000,62.74000,83.58000
0.25000,0.50000,1.10000,0.00000,1.74000,2.79000,2.81000,99.92000,100.41000
0.25000,0.51000,1.08000,1.12000,2.16000,3.10000,3.09000,99.92000,100.41000
0.26000,0.51000,1.08000,2.78000,2.76000,2.02000,1.77000,88.31000,81.99000
0.26000,0.52000,1.10000,3.65000,2.59000,2.02000,1.77000,88.31000,81.99000
0.26000,0.52000,1.13000,3.96000,2.26000,3.10000,3.09000,71.89000,92.87000
0.27000,0.53000,1.16000,3.90000,2.28000,2.84000,2.86000,71.89000,92.87000
0.27000,0.54000,1.18000,3.84000,2.82000,1.38000,1.76000,39.08000,80.53000
0.27000,0.54000,1.18000,2.80000,2.76000,1.31000,1.82000,39.08000,80.53000
0.27000,0.55000,1.16000,1.70000,2.55000,1.30000,1.82000,39.25000,71.19000
0.28000,0.55000,1.13000,0.93000,2.39000,1.35000,1.77000,39.25000,71.19000
0.28000,0.55000,1.11000,0.46000,1.83000,2.03000,2.25000,69.19000,77.54000
0.28000,0.56000,1.10000,0.98000,1.70000,3.27000,3.27000,69.19000,77.54000
0.28000,0.56000,1.09000,1.45000,1.58000,3.16000,3.16000,92.15000,100.61000
0.28000,0.56000,1.10000,2.34000,1.95000,3.10000,3.09000,92.15000,100.61000
0.28000,0.57000,1.12000,3.38000,2.61000,3.25000,3.24000,86.00000,106.92000
0.29000,0.58000,1.13000,3.92000,3.11000,3.19000,3.20000,86.00000,106.92000
0.29000,0.58000,1.14000,4.07000,3.57000,2.49000,2.54000,56.38000,86.70000
0.29000,0.59000,1.14000,3.45000,3.55000,1.68000,1.95000,56.38000,86.70000
0.30000,0.60000,1.12000,2.62000,3.38000,1.76000,2.01000,43.99000,68.76000
0.30000,0.60000,1.10000,1.62000,2.76000,2.86000,2.88000,43.99000,68.76000
0.30000,0.60000,1.07000,0.31000,2.14000,3.27000,3.27000,83.99000,90.30000
0.30000,0.61000,1.03000,0.02000,2.05000,1.85000,1.56000,83.99000,90.30000
0.30000,0.61000,1.00000,0.48000,2.14000,1.84000,1.29000,96.32000,74.17000
0.31000,0.61000,1.00000,1.76000,2.12000,1.93000,1.20000,96.32000,74.17000
0.31000,0.62000,1.02000,3.01000,1.72000,1.95000,1.18000,82.71000,67.01000
0.31000,0.62000,1.05000,3.40000,1.60000,1.89000,1.24000,82.71000,67.01000
0.31000,0.63000,1.09000,3.51000,1.16000,1.78000,1.34000,56.78000,71.59000
0.32000,0.63000,1.13000,3.03000,1.16000,2.99000,2.98000,56.78000,71.59000
0.32000,0.63000,1.14000,1.99000,1.22000,2.84000,2.86000,68.50000,99.39000
0.32000,0.64000,1.14000,1.78000,1.89000,1.70000,1.96000,68.50000,99.39000
0.32000,0.64000,1.12000,1.37000,2.57000,1.80000,2.04000,70.44000,86.44000
0.32000,0.65000,1.09000,1.33000,2.86000,3.17000,3.18000,70.44000,86.44000
0.33000,0.65000,1.06000,1.41000,2.95000,2.86000,2.83000,93.23000,84.60000
0.33000,0.65000,1.05000,1.95000,2.53000,1.75000,1.39000,93.23000,84.60000
0.33000,0.66000,1.06000,2.95000,2.28000,1.79000,1.34000,77.00000,66.97000
0.33000,0.66000,1.10000,3.40000,1.68000,1.75000,1.39000,77.00000,66.97000
0.34000,0.67000,1.14000,3.55000,1.35000,2.97000,2.96000,72.03000,96.85000
0.34000,0.67000,1.16000,3.34000,1.83000,2.44000,2.52000,72.03000,96.85000
0.34000,0.68000,1.18000,3.20000,2.30000,1.36000,1.77000,46.24000,84.47000
0.34000,0.69000,1.18000,2.66000,2.49000,1.30000,1.82000,46.24000,84.47000
0.35000,0.69000,1.17000,1.79000,2.47000,1.29000,1.84000,43.49000,75.18000
0.35000,0.69000,1.15000,1.00000,2.26000,1.33000,1.80000,43.49000,75.18000
0.35000,0.70000,1.12000,0.50000,1.99000,1.47000,1.78000,62.95000,73.87000
0.35000,0.70000,1.11000,0.83000,1.60000,3.09000,3.10000,62.95000,73.87000
0.35000,0.70000,1.10000,1.25000,1.49000,3.28000,3.28000,95.40000,103.40000
0.35000,0.70000,1.11000,2.24000,1.91000,3.24000,3.23000,95.40000,103.40000
0.36000,0.71000,1.12000,3.53000,2.66000,3.28000,3.28000,89.00000,108.89000
0.36000,0.72000,1.14000,4.15000,3.20000,2.97000,2.98000,89.00000,108.89000
0.36000,0.73000,1.16000,4.51000,3.70000,1.65000,1.92000,42.16000,77.38000
0.37000,0.73000,1.16000,3.72000,3.42000,1.37000,1.76000,42.16000,77.38000
0.37000,0.74000,1.15000,2.45000,3.09000,1.35000,1.78000,29.10000,64.18000
0.37000,0.74000,1.13000,1.16000,2.43000,1.40000,1.75000,29.10000,64.18000
0.37000,0.75000,1.10000,0.15000,1.68000,2.53000,2.57000,70.91000,81.14000
0.37000,0.75000,1.07000,0.02000,1.62000,3.25000,3.25000,70.91000,81.14000
0.37000,0.75000,1.05000,0.50000,1.62000,1.90000,1.63000,86.85000,80.06000
0.38000,0.75000,1.05000,1.62000,1.83000,1.78000,1.35000,86.85000,80.06000
0.38000,0.76000,1.06000,2.74000,1.66000,1.79000,1.33000,72.49000,72.56000
0.38000,0.76000,1.09000,3.24000,1.70000,1.77000,1.45000,72.49000,72.56000
0.38000,0.77000,1.12000,3.11000,1.39000,3.07000,3.06000,68.40000,97.29000
0.39000,0.77000,1.14000,2.76000,2.05000,2.88000,2.90000,68.40000,97.29000
0.39000,0.78000,1.14000,2.55000,2.45000,1.81000,2.05000,55.67000,85.09000
0.39000,0.78000,1.13000,2.05000,2.68000,1.66000,1.93000,55.67000,85.09000
0.39000,0.78000,1.10000,1.27000,2.57000,2.54000,2.59000,71.54000,83.72000
0.39000,0.79000,1.08000,1.27000,2.45000,3.28000,3.28000,71.54000,83.72000
0.40000,0.79000,1.07000,1.68000,2.37000,2.63000,2.59000,87.60000,86.68000
0.40000,0.80000,1.06000,2.05000,2.32000,1.87000,1.59000,87.60000,86.68000
0.40000,0.80000,1.07000,2.74000,2.39000,1.77000,1.45000,71.03000,72.24000
0.40000,0.81000,1.08000,2.84000,2.16000,1.86000,1.58000,71.03000,72.24000
0.41000,0.81000,1.10000,2.82000,1.91000,2.52000,2.44000,68.73000,84.41000
0.41000,0.82000,1.11000,2.61000,2.07000,3.21000,3.21000,68.73000,84.41000
0.41000,0.82000,1.11000,2.24000,2.12000,3.28000,3.28000,81.59000,99.89000
0.41000,0.83000,1.10000,2.16000,2.61000,3.26000,3.26000,81.59000,99.89000
0.42000,0.83000,1.09000,2.37000,3.05000,3.26000,3.26000,92.18000,98.73000
0.42000,0.84000,1.08000,2.70000,3.26000,2.94000,2.93000,92.18000,98.73000
0.42000,0.84000,1.09000,3.57000,3.36000,2.28000,2.07000,75.98000,75.05000
0.43000,0.85000,1.10000,3.74000,2.97000,2.46000,2.32000,75.98000,75.05000
0.43000,0.86000,1.12000,3.65000,2.64000,3.11000,3.10000,70.39000,87.80000
0.43000,0.86000,1.13000,3.57000,2.66000,3.24000,3.24000,70.39000,87.80000
0.43000,0.87000,1.15000,3.28000,2.49000,2.54000,2.58000,60.54000,85.46000
0.44000,0.87000,1.16000,3.07000,2.66000,1.49000,1.80000,60.54000,85.46000
0.44000,0.88000,1.15000,2.57000,2.72000,1.38000,1.76000,44.50000,72.63000
0.44000,0.88000,1.14000,1.87000,2.37000,1.39000,1.75000,44.50000,72.63000
0.44000,0.89000,1.13000,1.27000,2.05000,1.46000,1.78000,53.64000,71.91000
0.44000,0.89000,1.11000,0.98000,1.85000,2.16000,2.36000,53.64000,71.91000
0.45000,0.89000,1.10000,0.81000,1.70000,3.13000,3.14000,89.53000,96.52000
0.45000,0.90000,1.09000,1.74000,2.01000,3.25000,3.25000,89.53000,96.52000
0.45000,0.90000,1.10000,2.95000,2.49000,3.17000,3.16000,91.57000,102.17000
0.45000,0.91000,1.11000,3.76000,3.09000,3.28000,3.27000,91.57000,102.17000
0.46000,0.92000,1.13000,4.44000,3.55000,3.16000,3.17000,69.81000,92.98000
0.46000,0.92000,1.15000,4.36000,3.49000,2.10000,2.31000,69.81000,92.98000
0.46000,0.93000,1.15000,3.74000,3.22000,1.39000,1.75000,30.68000,66.27000
0.47000,0.94000,1.15000,2.62000,2.76000,1.33000,1.79000,30.68000,66.27000
0.47000,0.94000,1.14000,1.29000,2.18000,1.32000,1.80000,37.99000,67.48000
0.47000,0.94000,1.11000,0.21000,1.56000,1.37000,1.76000,37.99000,67.48000
0.47000,0.94000,1.09000,0.00000,1.37000,2.13000,2.34000,78.53000,87.87000
0.47000,0.95000,1.07000,0.58000,1.25000,3.27000,3.27000,78.53000,87.87000
0.47000,0.95000,1.07000,1.68000,1.66000,3.17000,3.17000,100.07000,109.65000
0.48000,0.95000,1.08000,2.80000,2.53000,3.17000,3.16000,100.07000,109.65000
0.48000,0.96000,1.09000,3.80000,3.28000,3.24000,3.23000,83.29000,102.88000
0.48000,0.97000,1.10000,3.92000,3.49000,3.27000,3.28000,83.29000,102.88000
0.49000,0.98000,1.09000,3.40000,3.55000,3.14000,3.15000,67.65000,91.51000
0.49000,0.98000,1.08000,3.05000,3.80000,3.13000,3.14000,67.65000,91.51000
0.49000,0.99000,1.06000,2.59000,3.51000,-0.00000,-1.02000,28.90000,22.22000
0.50000,0.99000,1.05000,1.49000,2.30000,0.03000,-0.99000,28.90000,22.22000
0.50000,0.99000,1.05000,0.25000,0.46000,0.07000,-0.95000,35.06000,16.76000
0.50000,0.99000,1.05000,0.00000,0.00000,0.09000,-0.94000,35.06000,16.76000
0.50000,0.99000,1.05000,0.00000,0.00000,0.09000,-0.94000,49.15000,31.96000
0.50000,0.99000,1.05000,0.00000,0.00000,0.09000,-0.94000,49.15000,31.96000
0.50000,0.99000,1.05000,0.00000,0.00000,0.09000,-0.94000,49.67000,26.32000
0.50000,0.99000,1.05000,0.00000,0.00000,0.09000,-0.94000,49.67000,26.32000
0.50000,0.99000,1.05000,0.00000,0.00000,0.09000,-0.94000,50.19000,20.68000
0.50000,0.99000,1.05000,0.00000,0.00000,0.09000,-0.94000,50.19000,20.68000
0.50000,0.99000,1.05000,0.00000,0.00000,0.09000,-0.94000,50.71000,15.03000
0.50000,0.99000,1.05000,0.00000,0.00000,0.09000,-0.94000,50.71000,15.03000
0.50000,0.99000,1.05000,0.06000,0.00000,0.09000,-0.94000,51.23000,9.39000
0.50000,0.99000,1.05000,0.10000,0.00000,0.08000,-0.95000,51.23000,9.39000
0.50000,0.99000,1.05000,0.00000,0.00000,0.07000,-0.96000,49.96000,3.52000
0.50000,0.99000,1.05000,0.02000,0.00000,0.07000,-0.96000,49.96000,3.52000
0.50000,0.99000,1.05000,0.06000,0.00000,0.07000,-0.96000,50.98000,-2.25000
0.50000,0.99000,1.05000,0.08000,0.00000,0.06000,-0.96000,50.98000,-2.25000
0.50000,0.99000,1.05000,0.00000,0.00000,0.05000,-0.97000,50.11000,-8.20000
0.50000,0.99000,1.05000,0.00000,0.00000,0.05000,-0.97000,50.11000,-8.20000
0.50000,0.99000,1.05000,0.00000,0.00000,0.05000,-0.97000,51.19000,-14.03000
0.50000,0.99000,1.05000,0.00000,0.00000,0.05000,-0.97000,51.19000,-14.03000
0.50000,0.99000,1.05000,0.02000,0.00000,0.05000,-0.97000,51.51000,-19.86000
0.50000,0.99000,1.06000,0.21000,0.00000,0.05000,-0.97000,51.51000,-19.86000
0.50000,0.99000,1.06000,0.29000,0.00000,0.03000,-0.99000,48.37000,-26.02000
0.50000,0.99000,1.07000,0.33000,0.00000,0.00000,-1.02000,48.37000,-26.02000
0.50000,0.99000,1.07000,0.29000,0.00000,-0.04000,-1.06000,44.41000,-32.96000
0.50000,0.99000,1.07000,0.02000,0.00000,-0.07000,-1.09000,44.41000,-32.96000
0.50000,0.99000,1.07000,0.00000,0.00000,-0.07000,-1.09000,46.31000,-39.84000
0.50000,0.99000,1.07000,0.02000,0.00000,-0.07000,-1.09000,46.31000,-39.84000
0.50000,0.99000,1.07000,0.02000,0.00000,-0.08000,-1.10000,45.70000,-46.44000
0.50000,0.99000,1.07000,0.04000,0.00000,-0.08000,-1.10000,45.70000,-46.44000
0.50000,0.99000,1.08000,0.08000,0.00000,-0.08000,-1.10000,44.69000,-53.13000
0.50000,0.99000,1.08000,0.00000,0.00000,-0.10000,-1.11000,44.69000,-53.13000
0.50000,0.99000,1.08000,0.00000,0.00000,-0.10000,-1.11000,44.40000,-59.90000
0.50000,0.99000,1.08000,0.00000,0.00000,-0.10000,-1.11000,44.40000,-59.90000
0.50000,0.99000,1.08000,0.00000,0.00000,-0.10000,-1.11000,43.83000,-66.58000
0.50000,0.99000,1.08000,0.00000,0.00000,-0.10000,-1.11000,43.83000,-66.58000
0.50000,0.99000,1.08000,0.00000,0.00000,-0.10000,-1.11000,43.26000,-73.27000
0.50000,0.99000,1.08000,0.00000,0.00000,-0.10000,-1.11000,43.26000,-73.27000
0.50000,0.99000,1.08000,0.00000,0.00000,-0.10000,-1.11000,42.69000,-79.95000
0.50000,0.99000,1.08000,-0.02000,0.00000,-0.10000,-1.11000,42.69000,-79.95000
0.50000,0.99000,1.08000,0.00000,0.00000,-0.09000,-1.11000,42.47000,-86.59000
0.50000,0.99000,1.08000,0.00000,0.00000,-0.09000,-1.11000,42.47000,-86.59000
0.50000,0.99000,1.08000,0.00000,0.00000,-0.09000,-1.11000,41.72000,-93.26000
0.50000,0.99000,1.08000,0.00000,0.00000,-0.09000,-1.11000,41.72000,-93.26000
0.50000,0.99000,1.08000,0.00000,-0.29000,-0.09000,-1.11000,41.17000,-99.93000
0.50000,0.99000,1.10000,0.00000,-1.29000,-0.12000,-1.14000,41.17000,-99.93000
0.50000,0.99000,1.14000,0.00000,-1.87000,-0.26000,-1.27000,38.16000,-89.64000
0.49000,0.99000,1.18000,0.00000,-2.18000,-0.44000,-1.48000,38.16000,-89.64000
0.49000,0.99000,1.22000,0.00000,-2.14000,-0.60000,-1.69000,31.40000,-82.49000
0.49000,0.98000,1.26000,0.00000,-2.16000,-0.73000,-1.85000,31.40000,-82.49000
0.49000,0.98000,1.29000,0.00000,-1.91000,-0.81000,-1.97000,24.67000,-84.01000
0.49000,0.98000,1.33000,0.00000,-1.99000,-0.86000,-2.04000,24.67000,-84.01000
0.49000,0.98000,1.36000,0.00000,-1.99000,-0.88000,-2.10000,18.72000,-87.29000
0.49000,0.98000,1.40000,0.00000,-2.01000,-0.90000,-2.14000,18.72000,-87.29000
0.49000,0.97000,1.44000,0.00000,-2.14000,-0.90000,-2.17000,13.14000,-88.65000
0.49000,0.97000,1.48000,0.00000,-2.26000,-0.91000,-2.19000,13.14000,-88.65000
0.49000,0.97000,1.52000,0.00000,-2.32000,-0.90000,-2.20000,7.69000,-86.34000
0.49000,0.97000,1.56000,0.00000,-2.43000,-0.91000,-2.21000,7.69000,-86.34000
0.49000,0.96000,1.61000,0.00000,-2.51000,-0.91000,-2.21000,2.22000,-83.67000
0.49000,0.96000,1.65000,0.00000,-2.45000,-0.91000,-2.21000,2.22000,-83.67000
0.49000,0.96000,1.70000,0.00000,-2.34000,-0.91000,-2.21000,-3.26000,-82.09000
0.49000,0.95000,1.74000,0.00000,-2.51000,-0.91000,-2.21000,-3.26000,-82.09000
0.49000,0.95000,1.79000,0.00000,-2.68000,-0.91000,-2.21000,-8.79000,-79.68000
0.49000,0.95000,1.83000,0.00000,-2.12000,-0.92000,-2.20000,-8.79000,-79.68000
0.49000,0.95000,1.86000,0.00000,-2.01000,-0.93000,-2.19000,-14.56000,-83.50000
0.49000,0.95000,1.90000,0.00000,-1.85000,-0.95000,-2.18000,-14.56000,-83.50000
0.49000,0.94000,1.93000,0.00000,-1.89000,-0.96000,-2.17000,-20.56000,-87.61000
0.49000,0.94000,1.97000,0.00000,-1.89000,-0.97000,-2.15000,-20.56000,-87.61000
0.49000,0.94000,2.00000,0.00000,-2.12000,-0.99000,-2.14000,-26.76000,-88.47000
0.50000,0.94000,2.04000,-0.02000,-2.05000,-1.01000,-2.12000,-26.76000,-88.47000
0.50000,0.94000,2.08000,0.00000,-2.20000,-1.02000,-2.11000,-32.83000,-87.01000
0.50000,0.93000,2.12000,0.00000,-2.05000,-2.87000,-2.92000,-32.83000,-87.01000
0.50000,0.93000,2.15000,0.00000,-1.83000,-2.79000,-2.73000,-65.75000,-96.66000
0.50000,0.93000,2.18000,-0.02000,-1.74000,-2.11000,-1.02000,-65.75000,-96.66000
0.50000,0.93000,2.21000,-0.19000,-1.66000,-2.12000,-1.01000,-72.06000,-79.58000
0.50000,0.93000,2.22000,-0.48000,-1.22000,-2.13000,-1.00000,-72.06000,-79.58000
0.50000,0.92000,2.23000,-0.68000,-0.93000,-2.13000,-0.99000,-78.03000,-82.68000
0.50000,0.92000,2.22000,-1.12000,-0.87000,-2.14000,-0.99000,-78.03000,-82.68000
0.51000,0.92000,2.21000,-1.45000,-0.52000,-2.13000,-0.99000,-78.32000,-86.57000
0.51000,0.92000,2.18000,-1.54000,-0.33000,-2.13000,-1.00000,-78.32000,-86.57000
0.51000,0.92000,2.16000,-1.70000,-0.17000,-2.12000,-1.01000,-77.96000,-95.64000
0.51000,0.92000,2.13000,-1.58000,-0.21000,-2.11000,-1.02000,-77.96000,-95.64000
0.51000,0.91000,2.12000,-1.33000,-0.75000,-2.14000,-1.21000,-81.07000,-104.53000
0.51000,0.91000,2.12000,-1.62000,-1.35000,-2.40000,-2.09000,-81.07000,-104.53000
0.51000,0.91000,2.12000,-1.70000,-1.78000,-2.67000,-2.59000,-91.88000,-114.21000
0.52000,0.90000,2.12000,-2.01000,-2.28000,-2.56000,-2.45000,-91.88000,-114.21000
0.52000,0.90000,2.13000,-2.39000,-2.70000,-2.31000,-1.84000,-86.87000,-96.43000
0.52000,0.89000,2.13000,-2.78000,-2.74000,-2.16000,-1.32000,-86.87000,-96.43000
0.53000,0.89000,2.12000,-2.88000,-2.76000,-2.16000,-1.34000,-74.94000,-79.33000
0.53000,0.88000,2.12000,-2.76000,-2.49000,-2.19000,-1.46000,-74.94000,-79.33000
0.53000,0.88000,2.11000,-2.78000,-2.01000,-2.33000,-1.90000,-74.07000,-83.14000
0.54000,0.87000,2.09000,-2.86000,-1.93000,-3.04000,-3.00000,-74.07000,-83.14000
0.54000,0.87000,2.07000,-2.86000,-1.85000,-3.26000,-3.29000,-83.90000,-108.80000
0.54000,0.86000,2.06000,-2.86000,-2.32000,-2.67000,-2.74000,-83.90000,-108.80000
0.54000,0.86000,2.06000,-3.15000,-2.88000,-1.61000,-2.24000,-61.51000,-95.29000
0.55000,0.85000,2.06000,-2.70000,-3.13000,-1.23000,-2.14000,-61.51000,-95.29000
0.55000,0.85000,2.09000,-1.99000,-3.15000,-1.81000,-2.30000,-59.46000,-83.57000
0.55000,0.84000,2.11000,-1.58000,-2.99000,-3.18000,-3.21000,-59.46000,-83.57000
0.55000,0.84000,2.13000,-1.41000,-2.57000,-2.93000,-2.88000,-87.73000,-89.44000
0.56000,0.84000,2.14000,-1.95000,-2.43000,-2.12000,-1.15000,-87.73000,-89.44000
0.56000,0.83000,2.14000,-2.61000,-2.41000,-2.11000,-1.03000,-77.89000,-69.49000
0.56000,0.83000,2.12000,-2.70000,-1.93000,-2.11000,-1.05000,-77.89000,-69.49000
0.57000,0.82000,2.10000,-2.57000,-1.31000,-2.22000,-1.56000,-69.39000,-76.56000
0.57000,0.82000,2.08000,-2.28000,-0.95000,-3.20000,-3.17000,-69.39000,-76.56000
0.57000,0.82000,2.06000,-1.91000,-0.87000,-2.97000,-3.01000,-83.97000,-110.72000
0.57000,0.81000,2.05000,-2.03000,-1.47000,-1.34000,-2.16000,-83.97000,-110.72000
0.57000,0.81000,2.04000,-2.37000,-2.20000,-1.05000,-2.11000,-62.99000,-101.71000
0.58000,0.80000,2.05000,-2.30000,-2.49000,-1.03000,-2.11000,-62.99000,-101.71000
0.58000,0.80000,2.05000,-1.97000,-2.28000,-1.04000,-2.11000,-52.93000,-90.25000
0.58000,0.80000,2.06000,-1.64000,-2.22000,-1.09000,-2.11000,-52.93000,-90.25000
0.58000,0.79000,2.08000,-1.10000,-1.89000,-1.62000,-2.24000,-63.94000,-93.98000
0.58000,0.79000,2.09000,-1.12000,-1.97000,-2.90000,-2.95000,-63.94000,-93.98000
0.58000,0.79000,2.11000,-1.16000,-1.91000,-3.27000,-3.29000,-96.34000,-113.62000
0.59000,0.78000,2.11000,-1.74000,-2.16000,-3.12000,-3.09000,-96.34000,-113.62000
0.59000,0.78000,2.11000,-2.61000,-2.57000,-2.80000,-2.74000,-92.87000,-110.41000
0.59000,0.77000,2.11000,-2.86000,-2.55000,-2.82000,-2.76000,-92.87000,-110.41000
0.60000,0.77000,2.11000,-2.80000,-2.74000,-3.06000,-3.02000,-86.29000,-112.22000
0.60000,0.76000,2.12000,-2.47000,-2.95000,-3.09000,-3.05000,-86.29000,-112.22000
0.60000,0.76000,2.12000,-2.43000,-2.78000,-2.65000,-2.56000,-87.23000,-102.27000
0.61000,0.75000,2.11000,-2.80000,-2.28000,-2.30000,-1.80000,-87.23000,-102.27000
0.61000,0.75000,2.10000,-2.91000,-2.03000,-2.78000,-2.71000,-85.25000,-112.13000
0.61000,0.74000,2.08000,-2.88000,-2.12000,-3.27000,-3.24000,-85.25000,-112.13000
0.61000,0.74000,2.08000,-2.80000,-2.41000,-3.17000,-3.20000,-89.69000,-124.47000
0.62000,0.73000,2.07000,-2.90000,-2.72000,-2.92000,-2.96000,-89.69000,-124.47000
0.62000,0.73000,2.07000,-3.01000,-3.13000,-2.70000,-2.77000,-84.13000,-115.54000
0.62000,0.72000,2.08000,-3.05000,-3.42000,-2.81000,-2.87000,-84.13000,-115.54000
0.63000,0.71000,2.09000,-2.82000,-3.55000,-3.08000,-3.12000,-86.42000,-110.45000
0.63000,0.71000,2.11000,-2.55000,-3.63000,-3.29000,-3.27000,-86.42000,-110.45000
0.63000,0.70000,2.13000,-2.59000,-3.71000,-2.78000,-2.71000,-89.50000,-99.41000
0.64000,0.70000,2.14000,-3.07000,-3.46000,-2.11000,-1.09000,-89.50000,-99.41000
0.64000,0.69000,2.13000,-3.74000,-3.05000,-2.11000,-1.03000,-72.99000,-71.13000
0.65000,0.68000,2.11000,-3.53000,-2.43000,-2.12000,-1.14000,-72.99000,-71.13000
0.65000,0.68000,2.09000,-2.95000,-1.72000,-2.77000,-2.71000,-70.40000,-97.28000
0.65000,0.67000,2.08000,-2.36000,-1.93000,-3.27000,-3.29000,-70.40000,-97.28000
0.65000,0.67000,2.08000,-2.24000,-2.30000,-3.16000,-3.19000,-89.07000,-113.64000
0.66000,0.66000,2.08000,-2.66000,-2.88000,-3.18000,-3.21000,-89.07000,-113.64000
0.66000,0.66000,2.09000,-3.07000,-3.17000,-3.24000,-3.27000,-90.69000,-108.04000
0.66000,0.65000,2.09000,-3.36000,-3.42000,-3.26000,-3.28000,-90.69000,-108.04000
0.67000,0.65000,2.09000,-3.42000,-3.38000,-3.26000,-3.29000,-83.97000,-102.58000
0.67000,0.64000,2.08000,-3.44000,-3.17000,-3.26000,-3.28000,-83.97000,-102.58000
0.67000,0.63000,2.07000,-3.26000,-2.76000,-3.19000,-3.22000,-81.05000,-104.47000
0.68000,0.63000,2.06000,-3.15000,-2.47000,-2.88000,-2.93000,-81.05000,-104.47000
0.68000,0.62000,2.05000,-3.11000,-2.39000,-1.64000,-2.25000,-60.69000,-100.75000
0.68000,0.62000,2.04000,-2.76000,-2.34000,-1.05000,-2.11000,-60.69000,-100.75000
0.68000,0.61000,2.05000,-1.97000,-2.51000,-1.02000,-2.11000,-48.19000,-99.16000
0.69000,0.61000,2.08000,-1.04000,-2.59000,-1.04000,-2.11000,-48.19000,-99.16000
0.69000,0.61000,2.12000,-0.42000,-2.53000,-2.72000,-2.78000,-89.03000,-104.14000
0.69000,0.60000,2.14000,-1.00000,-2.30000,-2.90000,-2.85000,-89.03000,-104.14000
0.69000,0.60000,2.14000,-1.66000,-1.95000,-2.11000,-1.07000,-90.65000,-84.01000
0.69000,0.60000,2.13000,-2.12000,-1.54000,-2.11000,-1.03000,-90.65000,-84.01000
0.70000,0.59000,2.11000,-2.16000,-0.77000,-2.12000,-1.11000,-80.60000,-88.64000
0.70000,0.59000,2.08000,-1.89000,-0.39000,-2.98000,-2.93000,-80.60000,-88.64000
0.70000,0.59000,2.06000,-1.47000,-0.37000,-3.13000,-3.16000,-99.24000,-134.02000
0.70000,0.59000,2.05000,-1.87000,-1.41000,-1.62000,-2.24000,-99.24000,-134.02000
0.70000,0.58000,2.05000,-2.76000,-2.61000,-1.11000,-2.12000,-76.67000,-119.70000
0.71000,0.57000,2.05000,-2.80000,-2.82000,-1.04000,-2.11000,-76.67000,-119.70000
0.71000,0.57000,2.06000,-2.41000,-2.82000,-1.03000,-2.11000,-56.94000,-102.59000
0.71000,0.57000,2.08000,-1.58000,-2.51000,-1.05000,-2.11000,-56.94000,-102.59000
0.71000,0.56000,2.11000,-0.75000,-2.47000,-1.69000,-2.26000,-74.59000,-105.30000
0.71000,0.56000,2.13000,-0.95000,-2.41000,-3.27000,-3.30000,-74.59000,-105.30000
0.72000,0.56000,2.16000,-1.25000,-2.53000,-2.42000,-2.13000,-95.56000,-103.47000
0.72000,0.55000,2.16000,-1.95000,-2.41000,-2.11000,-1.02000,-95.56000,-103.47000
0.72000,0.55000,2.16000,-2.74000,-2.22000,-2.11000,-1.02000,-84.72000,-85.04000
0.73000,0.54000,2.14000,-2.82000,-1.93000,-2.11000,-1.02000,-84.72000,-85.04000
0.73000,0.54000,2.12000,-2.70000,-1.85000,-2.11000,-1.02000,-72.56000,-83.99000
0.73000,0.53000,2.11000,-2.35000,-1.47000,-2.11000,-1.08000,-72.56000,-83.99000
0.73000,0.53000,2.10000,-2.01000,-1.31000,-2.25000,-1.66000,-77.63000,-94.99000
0.73000,0.53000,2.09000,-1.99000,-1.64000,-2.75000,-2.68000,-77.63000,-94.99000
0.74000,0.52000,2.08000,-2.37000,-1.87000,-2.95000,-2.90000,-92.79000,-112.19000
0.74000,0.52000,2.07000,-2.99000,-2.57000,-3.16000,-3.13000,-92.79000,-112.19000
0.74000,0.51000,2.06000,-3.53000,-3.11000,-2.14000,-1.21000,-71.43000,-80.39000
0.75000,0.51000,2.06000,-3.36000,-2.86000,-2.27000,-1.72000,-71.43000,-80.39000
0.75000,0.50000,2.05000,-2.84000,-2.41000,-2.72000,-2.65000,-69.46000,-89.39000
0.75000,0.50000,2.04000,-2.59000,-2.28000,-3.08000,-3.05000,-69.46000,-89.39000
0.75000,0.49000,2.04000,-2.55000,-2.45000,-3.22000,-3.19000,-84.65000,-105.01000
0.76000,0.49000,2.04000,-2.66000,-2.82000,-3.25000,-3.22000,-84.65000,-105.01000
0.76000,0.48000,2.04000,-2.84000,-2.55000,-3.19000,-3.17000,-87.09000,-101.97000
0.76000,0.47000,2.03000,-2.92000,-2.36000,-3.27000,-3.25000,-87.09000,-101.97000
0.77000,0.47000,2.01000,-3.03000,-2.24000,-3.22000,-3.25000,-86.68000,-112.13000
0.77000,0.46000,2.00000,-3.09000,-2.18000,-2.68000,-2.75000,-86.68000,-112.13000
0.77000,0.46000,1.98000,-3.05000,-2.32000,-1.19000,-2.13000,-55.46000,-103.48000
0.77000,0.45000,1.98000,-2.55000,-2.55000,-1.02000,-2.11000,-55.46000,-103.48000
0.77000,0.45000,1.99000,-1.91000,-2.47000,-1.02000,-2.11000,-49.67000,-97.20000
0.78000,0.44000,2.01000,-1.41000,-2.28000,-1.08000,-2.11000,-49.67000,-97.20000
0.78000,0.44000,2.04000,-0.75000,-2.18000,-2.10000,-2.41000,-73.78000,-103.10000
0.78000,0.44000,2.05000,-1.04000,-2.01000,-3.27000,-3.29000,-73.78000,-103.10000
0.78000,0.44000,2.06000,-1.54000,-2.16000,-2.94000,-2.89000,-96.03000,-115.08000
0.78000,0.43000,2.07000,-1.99000,-2.49000,-2.31000,-1.85000,-96.03000,-115.08000
0.79000,0.43000,2.07000,-2.74000,-2.80000,-2.13000,-1.17000,-81.00000,-87.39000
0.79000,0.42000,2.07000,-2.49000,-2.32000,-2.12000,-1.12000,-81.00000,-87.39000
0.79000,0.42000,2.06000,-1.93000,-1.52000,-2.13000,-1.20000,-74.44000,-82.45000
0.79000,0.41000,2.06000,-1.47000,-1.35000,-2.27000,-1.72000,-74.44000,-82.45000
0.79000,0.41000,2.06000,-0.91000,-0.79000,-2.35000,-1.95000,-90.77000,-101.54000
0.79000,0.41000,2.05000,-1.12000,-0.73000,-2.45000,-2.20000,-90.77000,-101.54000
0.80000,0.41000,2.04000,-1.66000,-1.16000,-2.87000,-2.81000,-109.10000,-127.44000
0.80000,0.40000,2.03000,-2.66000,-2.07000,-3.19000,-3.16000,-109.10000,-127.44000
0.80000,0.40000,2.02000,-3.61000,-2.66000,-3.27000,-3.29000,-102.58000,-126.95000
0.80000,0.39000,2.00000,-3.86000,-2.76000,-2.83000,-2.88000,-102.58000,-126.95000
0.81000,0.38000,1.98000,-3.98000,-3.13000,-1.15000,-2.12000,-56.42000,-106.45000
0.81000,0.38000,1.98000,-3.24000,-3.20000,-1.02000,-2.11000,-56.42000,-106.45000
0.81000,0.37000,2.00000,-2.03000,-2.95000,-1.02000,-2.11000,-47.53000,-95.83000
0.81000,0.37000,2.03000,-0.98000,-2.68000,-1.10000,-2.12000,-47.53000,-95.83000
0.82000,0.37000,2.07000,-0.06000,-2.20000,-3.15000,-3.18000,-100.05000,-113.12000
0.82000,0.36000,2.09000,-1.02000,-2.07000,-2.31000,-1.83000,-100.05000,-113.12000
0.82000,0.36000,2.08000,-2.43000,-2.36000,-2.11000,-1.03000,-96.84000,-92.97000
0.82000,0.35000,2.07000,-3.13000,-2.49000,-2.11000,-1.03000,-96.84000,-92.97000
0.83000,0.35000,2.05000,-3.67000,-2.28000,-2.14000,-1.21000,-72.10000,-83.16000
0.83000,0.34000,2.02000,-3.80000,-2.18000,-3.12000,-3.08000,-72.10000,-83.16000
0.83000,0.33000,1.99000,-3.38000,-2.12000,-2.89000,-2.94000,-67.53000,-106.13000
0.83000,0.33000,1.99000,-2.78000,-2.49000,-1.11000,-2.12000,-67.53000,-106.13000
0.84000,0.32000,2.00000,-2.43000,-2.99000,-1.04000,-2.11000,-49.53000,-93.50000
0.84000,0.32000,2.02000,-1.76000,-2.92000,-1.21000,-2.14000,-49.53000,-93.50000
0.84000,0.31000,2.05000,-1.22000,-2.95000,-2.93000,-2.98000,-82.72000,-97.72000
0.84000,0.31000,2.07000,-1.68000,-2.72000,-3.03000,-2.99000,-82.72000,-97.72000
0.85000,0.31000,2.08000,-2.41000,-2.66000,-2.17000,-1.36000,-79.57000,-76.96000
0.85000,0.30000,2.07000,-2.45000,-2.18000,-2.12000,-1.14000,-79.57000,-76.96000
0.85000,0.30000,2.05000,-2.41000,-1.47000,-2.16000,-1.31000,-70.81000,-76.18000
0.85000,0.29000,2.03000,-2.20000,-1.08000,-2.88000,-2.83000,-70.81000,-76.18000
0.85000,0.29000,2.01000,-1.95000,-0.91000,-3.26000,-3.29000,-89.37000,-117.10000
0.86000,0.29000,2.00000,-2.16000,-1.49000,-2.66000,-2.74000,-89.37000,-117.10000
0.86000,0.28000,1.99000,-2.59000,-2.14000,-1.42000,-2.18000,-68.66000,-107.56000
0.86000,0.28000,1.99000,-2.53000,-2.28000,-1.08000,-2.11000,-68.66000,-107.56000
0.86000,0.27000,1.99000,-2.20000,-2.37000,-1.03000,-2.11000,-52.88000,-98.70000
0.86000,0.27000,2.00000,-1.74000,-2.39000,-1.05000,-2.11000,-52.88000,-98.70000
0.87000,0.26000,2.02000,-1.39000,-2.14000,-1.35000,-2.17000,-60.53000,-97.02000
0.87000,0.26000,2.03000,-1.16000,-1.74000,-2.66000,-2.73000,-60.53000,-97.02000
0.87000,0.26000,2.04000,-1.06000,-1.91000,-3.13000,-3.16000,-93.55000,-120.27000
0.87000,0.26000,2.05000,-1.76000,-2.05000,-3.27000,-3.24000,-93.55000,-120.27000
0.87000,0.25000,2.06000,-2.51000,-2.88000,-3.17000,-3.14000,-97.01000,-123.85000
0.88000,0.24000,2.06000,-2.90000,-3.30000,-2.94000,-2.89000,-97.01000,-123.85000
0.88000,0.24000,2.07000,-3.01000,-3.57000,-2.50000,-2.31000,-78.17000,-99.20000
0.88000,0.23000,2.09000,-2.57000,-3.34000,-2.15000,-1.27000,-78.17000,-99.20000
0.89000,0.23000,2.10000,-1.99000,-2.95000,-2.11000,-1.03000,-74.83000,-73.38000
0.89000,0.22000,2.11000,-1.66000,-1.99000,-2.11000,-1.01000,-74.83000,-73.38000
0.89000,0.22000,2.10000,-1.74000,-0.93000,-2.11000,-1.01000,-85.84000,-79.50000
0.89000,0.22000,2.06000,-1.99000,-0.17000,-2.11000,-1.02000,-85.84000,-79.50000
0.89000,0.22000,2.02000,-2.32000,-0.04000,-2.27000,-1.73000,-85.99000,-111.79000
0.89000,0.21000,1.99000,-2.45000,-0.50000,-3.11000,-3.14000,-85.99000,-111.79000
0.90000,0.21000,1.96000,-2.16000,-0.83000,-1.03000,-2.11000,-62.24000,-121.82000
0.90000,0.21000,1.96000,-1.58000,-1.47000,-1.01000,-2.11000,-62.24000,-121.82000
0.90000,0.20000,1.98000,-0.75000,-2.03000,-1.01000,-2.11000,-66.48000,-116.94000
0.90000,0.20000,2.01000,-0.66000,-2.34000,-1.02000,-2.11000,-66.48000,-116.94000
0.90000,0.20000,2.04000,-0.93000,-2.64000,-2.52000,-2.61000,-99.39000,-115.17000
0.90000,0.19000,2.06000,-1.83000,-2.68000,-3.22000,-3.19000,-99.39000,-115.17000
0.91000,0.19000,2.06000,-2.63000,-2.76000,-2.56000,-2.45000,-93.76000,-109.47000
0.91000,0.18000,2.06000,-3.09000,-2.80000,-2.41000,-2.11000,-93.76000,-109.47000
0.91000,0.18000,2.05000,-3.22000,-2.88000,-2.66000,-2.58000,-80.72000,-108.17000
0.92000,0.17000,2.05000,-3.11000,-3.03000,-2.96000,-2.91000,-80.72000,-108.17000
0.92000,0.16000,2.05000,-3.03000,-3.17000,-2.99000,-2.95000,-82.81000,-108.98000
0.92000,0.16000,2.05000,-3.36000,-3.28000,-2.84000,-2.78000,-82.81000,-108.98000
0.93000,0.15000,2.05000,-3.53000,-3.47000,-2.88000,-2.82000,-76.62000,-102.87000
0.93000,0.14000,2.05000,-3.32000,-3.42000,-2.89000,-2.84000,-76.62000,-102.87000
0.93000,0.14000,2.05000,-3.07000,-3.28000,-2.74000,-2.67000,-72.24000,-95.60000
0.94000,0.13000,2.06000,-2.95000,-2.99000,-2.45000,-2.21000,-72.24000,-95.60000
0.94000,0.13000,2.06000,-2.76000,-2.84000,-2.36000,-1.98000,-68.69000,-87.29000
0.94000,0.12000,2.06000,-2.34000,-2.30000,-2.26000,-1.68000,-68.69000,-87.29000
0.94000,0.12000,2.04000,-1.99000,-1.35000,-2.24000,-1.64000,-72.47000,-86.34000
0.94000,0.11000,2.03000,-1.76000,-0.89000,-2.80000,-2.73000,-72.47000,-86.34000
0.95000,0.11000,2.01000,-1.66000,-0.77000,-3.27000,-3.24000,-95.94000,-127.61000
0.95000,0.11000,2.00000,-2.12000,-1.58000,-3.10000,-3.13000,-95.94000,-127.61000
0.95000,0.10000,2.00000,-2.82000,-2.43000,-2.58000,-2.67000,-89.43000,-122.81000
0.95000,0.10000,1.99000,-3.17000,-2.78000,-1.68000,-2.26000,-89.43000,-122.81000
0.96000,0.09000,1.98000,-3.30000,-3.07000,-1.13000,-2.12000,-54.56000,-103.12000
0.96000,0.08000,1.99000,-2.76000,-2.84000,-1.04000,-2.11000,-54.56000,-103.12000
0.96000,0.08000,2.00000,-1.95000,-2.66000,-1.03000,-2.11000,-47.05000,-98.00000
0.96000,0.08000,2.02000,-1.08000,-2.34000,-1.18000,-2.13000,-47.05000,-98.00000
0.96000,0.07000,2.05000,-0.29000,-2.08000,-2.93000,-2.97000,-90.32000,-114.04000
0.96000,0.07000,2.09000,-0.75000,-2.49000,-3.00000,-2.96000,-90.32000,-114.04000
0.97000,0.07000,2.11000,-1.66000,-2.99000,-2.11000,-1.03000,-94.06000,-86.53000
0.97000,0.06000,2.12000,-2.26000,-2.80000,-2.11000,-1.01000,-94.06000,-86.53000
0.97000,0.06000,2.11000,-2.55000,-2.14000,-2.12000,-1.01000,-79.71000,-72.73000
0.97000,0.05000,2.10000,-2.37000,-1.70000,-2.12000,-1.01000,-79.71000,-72.73000
0.98000,0.05000,2.09000,-1.74000,-1.12000,-2.12000,-1.01000,-77.29000,-78.50000
0.98000,0.05000,2.08000,-1.29000,-0.73000,-2.12000,-1.01000,-77.29000,-78.50000
0.98000,0.05000,2.07000,-0.96000,-0.62000,-2.11000,-1.01000,-91.88000,-89.01000
0.98000,0.04000,2.06000,-1.33000,-0.89000,-2.11000,-1.01000,-91.88000,-89.01000
0.98000,0.04000,2.04000,-2.14000,-1.04000,-2.11000,-1.01000,-96.16000,-88.27000
0.98000,0.04000,2.01000,-2.72000,-0.91000,-2.11000,-1.02000,-96.16000,-88.27000
0.99000,0.03000,1.97000,-3.07000,-0.85000,-2.60000,-2.50000,-87.31000,-111.01000
0.99000,0.03000,1.94000,-2.95000,-1.22000,-3.00000,-3.04000,-87.31000,-111.01000
0.99000,0.03000,1.92000,-2.70000,-1.45000,-1.03000,-2.11000,-59.67000,-109.92000
0.99000,0.02000,1.91000,-2.20000,-1.62000,-1.01000,-2.11000,-59.67000,-109.92000
0.99000,0.02000,1.92000,-1.31000,-1.81000,-2.05000,-0.86000,-74.64000,-90.63000
0.99000,0.02000,1.93000,-1.04000,-1.54000,-2.02000,-0.84000,-74.64000,-90.63000
0.99000,0.01000,1.92000,-1.35000,-1.27000,-1.99000,-0.83000,-90.30000,-86.81000
0.99000,0.01000,1.90000,-1.89000,-0.79000,-1.99000,-0.82000,-90.30000,-86.81000
1.00000,0.01000,1.87000,-2.34000,-0.58000,-2.02000,-0.85000,-83.73000,-94.05000
1.00000,0.00000,1.84000,-2.57000,-0.87000,-2.08000,-0.87000,-83.73000,-94.05000
1.00000,-0.00000,1.82000,-2.78000,-1.41000,-2.11000,-0.89000,-75.62000,-93.79000
1.00000,-0.01000,1.80000,-2.88000,-1.95000,-2.14000,-0.90000,-75.62000,-93.79000
1.00000,-0.01000,1.79000,-2.88000,-2.32000,-2.15000,-0.90000,-68.69000,-77.87000
1.00000,-0.02000,1.78000,-2.82000,-2.39000,-2.15000,-0.90000,-68.69000,-77.87000
1.00000,-0.02000,1.77000,-2.61000,-2.01000,-2.15000,-0.90000,-65.24000,-65.04000
1.00000,-0.03000,1.75000,-1.99000,-0.91000,-2.15000,-0.90000,-65.24000,-65.04000
1.00000,-0.03000,1.74000,-1.60000,-0.75000,-2.16000,-0.90000,-73.89000,-78.25000
1.00000,-0.03000,1.72000,-1.68000,-0.58000,-2.17000,-0.90000,-73.89000,-78.25000
1.00000,-0.03000,1.68000,-2.01000,-0.21000,-2.18000,-0.91000,-79.87000,-83.21000
1.00000,-0.04000,1.65000,-2.10000,-0.02000,-2.20000,-0.90000,-79.87000,-83.21000
1.01000,-0.04000,1.61000,-2.22000,0.00000,-2.20000,-0.91000,-76.98000,-93.57000
1.01000,-0.04000,1.57000,-2.47000,-0.33000,-2.21000,-0.91000,-76.98000,-93.57000
1.01000,-0.05000,1.54000,-2.39000,-0.73000,-2.21000,-0.91000,-72.14000,-94.24000
1.00000,-0.05000,1.52000,-2.18000,-1.27000,-2.21000,-0.91000,-72.14000,-94.24000
1.00000,-0.05000,1.51000,-2.12000,-1.64000,-2.21000,-0.91000,-74.99000,-83.71000
1.00000,-0.06000,1.50000,-2.10000,-1.68000,-2.21000,-0.91000,-74.99000,-83.71000
1.00000,-0.06000,1.50000,-2.14000,-1.72000,-2.21000,-0.91000,-76.45000,-75.35000
1.00000,-0.07000,1.48000,-2.22000,-1.49000,-2.21000,-0.91000,-76.45000,-75.35000
1.00000,-0.07000,1.46000,-2.39000,-1.12000,-2.21000,-0.91000,-75.28000,-73.52000
1.00000,-0.07000,1.43000,-2.41000,-0.93000,-2.21000,-0.91000,-75.28000,-73.52000
1.00000,-0.08000,1.40000,-2.47000,-0.64000,-2.21000,-0.91000,-72.45000,-78.44000
1.00000,-0.08000,1.37000,-2.26000,-0.62000,-2.21000,-0.91000,-72.45000,-78.44000
1.00000,-0.08000,1.35000,-1.74000,-0.77000,-2.21000,-0.92000,-73.38000,-83.04000
1.00000,-0.09000,1.35000,-1.41000,-1.22000,-2.21000,-0.92000,-73.38000,-83.04000
1.00000,-0.09000,1.36000,-1.08000,-1.43000,-2.21000,-0.92000,-85.79000,-75.82000
1.00000,-0.09000,1.36000,-1.43000,-1.33000,-2.21000,-0.92000,-85.79000,-75.82000
1.00000,-0.09000,1.35000,-1.60000,-1.10000,-2.21000,-0.92000,-90.27000,-72.40000
1.00000,-0.10000,1.34000,-1.60000,-1.12000,-2.21000,-0.92000,-90.27000,-72.40000
1.00000,-0.10000,1.32000,-1.74000,-0.77000,-2.21000,-0.92000,-92.39000,-73.09000
1.00000,-0.10000,1.30000,-1.95000,-0.60000,-2.20000,-0.92000,-92.39000,-73.09000
1.00000,-0.11000,1.26000,-2.39000,-0.58000,-2.20000,-0.93000,-90.61000,-79.80000
0.99000,-0.11000,1.22000,-2.82000,-0.71000,-2.19000,-0.94000,-90.61000,-79.80000
0.99000,-0.11000,1.18000,-3.03000,-0.83000,-2.17000,-0.95000,-78.67000,-80.56000
0.99000,-0.12000,1.15000,-2.66000,-0.81000,-2.16000,-0.97000,-78.67000,-80.56000
0.99000,-0.12000,1.13000,-2.01000,-0.73000,-2.14000,-0.98000,-76.81000,-80.95000
0.99000,-0.12000,1.11000,-1.81000,-0.56000,-2.13000,-0.99000,-76.81000,-80.95000
0.99000,-0.13000,1.08000,-1.76000,-0.35000,-2.12000,-1.00000,-86.20000,-86.00000
0.99000,-0.13000,1.05000,-1.87000,-0.29000,-2.11000,-1.01000,-86.20000,-86.00000
0.99000,-0.13000,1.02000,-2.18000,-0.19000,-2.11000,-1.03000,-86.90000,-93.12000
0.98000,-0.13000,0.97000,-2.47000,0.00000,-3.10000,-3.07000,-86.90000,-93.12000
0.98000,-0.13000,0.93000,-2.68000,-0.21000,-1.50000,-2.21000,-70.23000,-119.55000
0.98000,-0.14000,0.90000,-2.28000,-1.04000,-1.01000,-2.11000,-70.23000,-119.55000
0.98000,-0.14000,0.91000,-1.99000,-2.10000,-1.00000,-2.12000,-59.75000,-115.98000
0.97000,-0.15000,0.92000,-1.74000,-2.74000,-1.00000,-2.12000,-59.75000,-115.98000
0.97000,-0.15000,0.95000,-1.66000,-2.97000,-1.01000,-2.12000,-60.27000,-96.88000
0.97000,-0.15000,0.96000,-1.70000,-2.68000,-1.02000,-2.11000,-60.27000,-96.88000
0.97000,-0.16000,0.97000,-1.95000,-2.37000,-1.06000,-2.11000,-57.30000,-93.97000
0.96000,-0.16000,0.98000,-1.74000,-1.97000,-1.24000,-2.14000,-57.30000,-93.97000
0.96000,-0.16000,0.98000,-1.49000,-1.72000,-1.49000,-2.20000,-59.19000,-102.53000
0.96000,-0.17000,0.99000,-1.37000,-1.70000,-1.87000,-2.32000,-59.19000,-102.53000
0.96000,-0.17000,0.99000,-1.41000,-1.76000,-2.53000,-2.62000,-78.88000,-114.20000
0.96000,-0.17000,1.00000,-1.54000,-2.10000,-2.92000,-2.97000,-78.88000,-114.20000
0.95000,-0.18000,1.01000,-1.99000,-2.59000,-3.22000,-3.24000,-93.68000,-123.20000
0.95000,-0.18000,1.03000,-2.61000,-3.24000,-3.27000,-3.24000,-93.68000,-123.20000
0.95000,-0.19000,1.03000,-3.15000,-3.61000,-2.99000,-2.95000,-84.22000,-108.55000
0.94000,-0.20000,1.04000,-3.15000,-3.49000,-2.51000,-2.34000,-84.22000,-108.55000
0.94000,-0.20000,1.04000,-3.24000,-3.40000,-2.23000,-1.60000,-67.01000,-82.80000
0.93000,-0.21000,1.04000,-2.88000,-2.64000,-2.16000,-1.32000,-67.01000,-82.80000
0.93000,-0.21000,1.02000,-2.30000,-1.35000,-2.24000,-1.62000,-65.63000,-84.55000
0.93000,-0.21000,1.00000,-1.91000,-0.68000,-3.07000,-3.03000,-65.63000,-84.55000
0.93000,-0.22000,0.97000,-1.62000,-0.29000,-3.18000,-3.21000,-90.53000,-131.60000
0.93000,-0.22000,0.96000,-1.99000,-1.06000,-1.46000,-2.20000,-90.53000,-131.60000
0.92000,-0.22000,0.95000,-2.70000,-2.26000,-1.03000,-2.11000,-64.60000,-124.57000
0.92000,-0.23000,0.95000,-2.80000,-2.95000,-1.02000,-2.11000,-64.60000,-124.57000
0.92000,-0.23000,0.97000,-2.30000,-3.40000,-1.02000,-2.11000,-46.55000,-102.55000
0.91000,-0.24000,1.01000,-1.29000,-3.42000,-1.16000,-2.13000,-46.55000,-102.55000
0.91000,-0.24000,1.06000,-0.29000,-3.01000,-3.27000,-3.30000,-92.35000,-108.17000
0.91000,-0.24000,1.10000,-0.56000,-2.70000,-2.11000,-1.03000,-92.35000,-108.17000
0.91000,-0.25000,1.12000,-1.76000,-2.84000,-2.12000,-1.01000,-97.88000,-84.00000
0.91000,-0.25000,1.13000,-2.30000,-2.72000,-2.13000,-1.00000,-97.88000,-84.00000
0.90000,-0.26000,1.12000,-2.80000,-2.22000,-2.13000,-0.99000,-81.26000,-73.33000
0.90000,-0.26000,1.11000,-2.32000,-1.81000,-2.13000,-1.00000,-81.26000,-73.33000
0.90000,-0.27000,1.10000,-1.91000,-1.35000,-2.12000,-1.00000,-79.82000,-76.79000
0.90000,-0.27000,1.08000,-1.83000,-1.10000,-2.12000,-1.00000,-79.82000,-76.79000
0.90000,-0.27000,1.07000,-1.99000,-1.12000,-2.12000,-1.01000,-85.97000,-82.68000
0.89000,-0.28000,1.04000,-2.24000,-1.00000,-2.11000,-1.01000,-85.97000,-82.68000
0.89000,-0.28000,1.02000,-2.47000,-1.24000,-2.11000,-1.04000,-81.33000,-84.12000
0.89000,-0.28000,1.01000,-2.39000,-1.60000,-2.49000,-2.29000,-81.33000,-84.12000
0.89000,-0.29000,1.00000,-2.12000,-1.60000,-3.15000,-3.12000,-94.05000,-106.59000
0.89000,-0.29000,1.00000,-2.36000,-2.18000,-3.29000,-3.26000,-94.05000,-106.59000
0.88000,-0.30000,0.99000,-2.78000,-2.61000,-3.27000,-3.29000,-100.66000,-109.57000
0.88000,-0.30000,0.99000,-3.07000,-2.78000,-3.24000,-3.27000,-100.66000,-109.57000
0.87000,-0.31000,0.97000,-3.24000,-2.28000,-3.14000,-3.17000,-93.64000,-105.46000
0.87000,-0.31000,0.95000,-3.24000,-2.05000,-1.95000,-2.35000,-93.64000,-105.46000
0.87000,-0.32000,0.92000,-3.32000,-2.01000,-1.03000,-2.11000,-59.84000,-102.69000
0.86000,-0.32000,0.91000,-2.90000,-2.20000,-1.01000,-2.11000,-59.84000,-102.69000
0.86000,-0.32000,0.91000,-2.20000,-2.18000,-1.01000,-2.12000,-51.28000,-101.04000
0.86000,-0.33000,0.92000,-1.62000,-2.12000,-1.01000,-2.12000,-51.28000,-101.04000
0.86000,-0.33000,0.94000,-1.27000,-2.24000,-1.01000,-2.12000,-59.21000,-101.78000
0.85000,-0.33000,0.95000,-1.24000,-2.10000,-1.01000,-2.11000,-59.21000,-101.78000
0.85000,-0.34000,0.97000,-1.20000,-1.89000,-1.02000,-2.11000,-61.32000,-101.91000
0.85000,-0.34000,0.97000,-1.27000,-1.74000,-1.06000,-2.11000,-61.32000,-101.91000
0.85000,-0.34000,0.98000,-1.25000,-1.60000,-1.26000,-2.15000,-63.24000,-107.88000
0.85000,-0.34000,0.99000,-1.08000,-1.72000,-1.70000,-2.27000,-63.24000,-107.88000
0.85000,-0.35000,1.01000,-1.12000,-2.24000,-2.80000,-2.86000,-89.09000,-121.24000
0.84000,-0.35000,1.03000,-1.91000,-2.76000,-3.29000,-3.27000,-89.09000,-121.24000
0.84000,-0.36000,1.04000,-2.61000,-3.15000,-2.95000,-2.91000,-89.32000,-113.29000
0.84000,-0.36000,1.04000,-2.95000,-3.28000,-2.37000,-2.01000,-89.32000,-113.29000
0.83000,-0.37000,1.05000,-3.11000,-3.22000,-2.16000,-1.33000,-68.16000,-82.79000
0.83000,-0.38000,1.05000,-2.76000,-2.72000,-2.13000,-1.17000,-68.16000,-82.79000
0.83000,-0.38000,1.04000,-2.26000,-1.89000,-2.12000,-1.15000,-65.67000,-76.69000
0.82000,-0.38000,1.02000,-1.74000,-0.71000,-2.18000,-1.42000,-65.67000,-76.69000
0.82000,-0.38000,1.00000,-1.20000,-0.06000,-3.03000,-2.99000,-90.64000,-125.05000
0.82000,-0.38000,0.97000,-1.64000,-0.10000,-3.23000,-3.26000,-90.64000,-125.05000
0.82000,-0.39000,0.95000,-2.14000,-1.04000,-1.38000,-2.18000,-75.24000,-135.60000
0.82000,-0.39000,0.95000,-2.28000,-2.16000,-1.02000,-2.11000,-75.24000,-135.60000
0.81000,-0.40000,0.96000,-2.32000,-2.86000,-1.02000,-2.11000,-58.59000,-116.20000
0.81000,-0.40000,0.98000,-2.03000,-3.26000,-1.02000,-2.11000,-58.59000,-116.20000
0.81000,-0.41000,1.01000,-1.49000,-3.24000,-1.48000,-2.20000,-61.70000,-100.79000
0.81000,-0.41000,1.05000,-1.18000,-3.03000,-3.26000,-3.29000,-61.70000,-100.79000
0.80000,-0.41000,1.08000,-0.77000,-2.63000,-2.23000,-1.57000,-82.31000,-88.43000
0.80000,-0.42000,1.10000,-1.04000,-2.37000,-2.11000,-1.01000,-82.31000,-88.43000
0.80000,-0.42000,1.11000,-1.58000,-2.18000,-2.12000,-1.01000,-89.17000,-81.17000
0.80000,-0.42000,1.12000,-1.72000,-1.83000,-2.13000,-1.00000,-89.17000,-81.17000
0.80000,-0.43000,1.11000,-2.01000,-1.66000,-2.13000,-1.00000,-85.51000,-80.95000
0.80000,-0.43000,1.11000,-1.74000,-1.49000,-2.13000,-1.00000,-85.51000,-80.95000
0.79000,-0.43000,1.10000,-1.49000,-1.45000,-2.13000,-1.00000,-87.63000,-80.95000
0.79000,-0.44000,1.10000,-1.62000,-1.35000,-2.13000,-0.99000,-87.63000,-80.95000
0.79000,-0.44000,1.09000,-1.62000,-1.24000,-2.13000,-0.99000,-91.83000,-80.10000
0.79000,-0.44000,1.08000,-2.18000,-1.24000,-2.13000,-0.99000,-91.83000,-80.10000
0.79000,-0.45000,1.05000,-2.76000,-1.18000,-2.13000,-1.00000,-86.44000,-79.62000
0.78000,-0.45000,1.02000,-2.88000,-1.27000,-2.12000,-1.01000,-86.44000,-79.62000
0.78000,-0.46000,0.99000,-3.01000,-1.41000,-2.11000,-1.02000,-75.29000,-78.09000
0.78000,-0.46000,0.97000,-2.66000,-1.41000,-2.12000,-1.14000,-75.29000,-78.09000
0.78000,-0.46000,0.95000,-2.12000,-1.41000,-2.80000,-2.74000,-84.42000,-100.22000
0.77000,-0.47000,0.95000,-1.95000,-1.97000,-3.21000,-3.18000,-84.42000,-100.22000
0.77000,-0.47000,0.96000,-1.81000,-2.16000,-3.18000,-3.15000,-101.57000,-105.96000
0.77000,-0.47000,0.96000,-2.39000,-2.07000,-2.92000,-2.87000,-101.57000,-105.96000
0.77000,-0.48000,0.94000,-2.95000,-1.85000,-3.04000,-3.01000,-100.39000,-109.32000
0.76000,-0.48000,0.90000,-3.32000,-1.56000,-3.26000,-3.28000,-100.39000,-109.32000
0.76000,-0.49000,0.87000,-3.65000,-1.68000,-0.96000,-2.17000,-59.08000,-110.08000
0.76000,-0.49000,0.85000,-3.32000,-2.14000,-0.95000,-2.18000,-59.08000,-110.08000
0.75000,-0.50000,0.84000,-2.53000,-2.43000,-0.94000,-2.19000,-44.57000,-105.38000
0.75000,-0.50000,0.86000,-1.66000,-2.49000,-0.93000,-2.19000,-44.57000,-105.38000
0.75000,-0.50000,0.89000,-0.83000,-2.55000,-0.94000,-2.19000,-55.21000,-100.35000
0.74000,-0.50000,0.92000,-0.71000,-2.43000,-0.95000,-2.17000,-55.21000,-100.35000
0.74000,-0.51000,0.95000,-0.91000,-2.24000,-0.96000,-2.16000,-65.56000,-99.12000
0.74000,-0.51000,0.96000,-1.16000,-2.18000,-0.97000,-2.15000,-65.56000,-99.12000
0.74000,-0.51000,0.98000,-1.35000,-1.99000,-0.98000,-2.14000,-60.51000,-100.99000
0.74000,-0.52000,0.99000,-1.27000,-1.97000,-0.99000,-2.14000,-60.51000,-100.99000
0.73000,-0.52000,1.01000,-1.24000,-2.28000,-0.99000,-2.14000,-58.01000,-103.76000
0.73000,-0.52000,1.03000,-1.22000,-2.41000,-1.00000,-2.13000,-58.01000,-103.76000
0.73000,-0.53000,1.05000,-1.37000,-2.51000,-1.01000,-2.12000,-57.24000,-97.98000
0.73000,-0.53000,1.07000,-1.35000,-2.24000,-1.01000,-2.11000,-57.24000,-97.98000
0.73000,-0.53000,1.08000,-1.16000,-1.93000,-1.02000,-2.11000,-54.27000,-98.54000
0.72000,-0.54000,1.09000,-1.08000,-1.78000,-1.09000,-2.11000,-54.27000,-98.54000
0.72000,-0.54000,1.11000,-0.91000,-2.10000,-1.83000,-2.31000,-68.52000,-107.60000
0.72000,-0.54000,1.13000,-0.79000,-1.91000,-3.20000,-3.23000,-68.52000,-107.60000
0.72000,-0.55000,1.15000,-1.12000,-1.89000,-3.10000,-3.06000,-96.38000,-120.20000
0.72000,-0.55000,1.15000,-1.91000,-1.95000,-2.38000,-2.04000,-96.38000,-120.20000
0.72000,-0.55000,1.14000,-2.74000,-2.22000,-2.34000,-1.92000,-82.07000,-109.42000
0.71000,-0.56000,1.13000,-2.95000,-2.30000,-2.85000,-2.80000,-82.07000,-109.42000
0.71000,-0.57000,1.12000,-2.95000,-2.41000,-3.23000,-3.20000,-82.44000,-123.14000
0.71000,-0.57000,1.12000,-2.86000,-2.76000,-3.26000,-3.29000,-82.44000,-123.14000
0.70000,-0.58000,1.12000,-2.95000,-3.09000,-3.24000,-3.27000,-85.62000,-122.73000
0.70000,-0.58000,1.12000,-3.17000,-3.40000,-3.26000,-3.29000,-85.62000,-122.73000
0.70000,-0.59000,1.14000,-3.22000,-3.90000,-3.29000,-3.26000,-83.87000,-116.00000
0.69000,-0.60000,1.16000,-2.90000,-4.23000,-3.03000,-2.99000,-83.87000,-116.00000
0.69000,-0.60000,1.19000,-2.43000,-4.23000,-2.12000,-1.13000,-71.09000,-70.71000
0.69000,-0.61000,1.22000,-1.89000,-3.51000,-2.11000,-1.01000,-71.09000,-70.71000
0.69000,-0.61000,1.24000,-1.14000,-2.34000,-2.12000,-1.00000,-81.69000,-61.06000
0.69000,-0.62000,1.25000,-1.18000,-1.52000,-2.13000,-0.99000,-81.69000,-61.06000
0.69000,-0.62000,1.24000,-1.20000,-0.68000,-2.14000,-0.99000,-93.88000,-75.72000
0.69000,-0.62000,1.22000,-1.58000,-0.48000,-2.13000,-0.99000,-93.88000,-75.72000
0.68000,-0.62000,1.19000,-2.30000,-0.58000,-2.12000,-1.00000,-93.50000,-88.30000
0.68000,-0.63000,1.16000,-2.84000,-1.18000,-2.11000,-1.01000,-93.50000,-88.30000
0.68000,-0.63000,1.13000,-3.22000,-1.49000,-2.11000,-1.05000,-77.53000,-81.54000
0.68000,-0.64000,1.10000,-2.90000,-1.58000,-3.05000,-3.01000,-77.53000,-81.54000
0.68000,-0.64000,1.08000,-2.47000,-1.39000,-3.15000,-3.18000,-87.90000,-106.88000
0.67000,-0.65000,1.06000,-2.41000,-1.20000,-1.76000,-2.28000,-87.90000,-106.88000
0.67000,-0.65000,1.04000,-2.57000,-1.41000,-1.02000,-2.11000,-64.91000,-105.94000
0.67000,-0.65000,1.03000,-2.08000,-1.35000,-1.01000,-2.11000,-64.91000,-105.94000
0.67000,-0.66000,1.03000,-1.25000,-1.45000,-1.01000,-2.12000,-61.36000,-109.38000
0.67000,-0.66000,1.05000,-0.75000,-1.66000,-1.01000,-2.12000,-61.36000,-109.38000
0.67000,-0.66000,1.07000,-0.60000,-1.89000,-1.01000,-2.11000,-74.95000,-109.18000
0.66000,-0.66000,1.09000,-0.83000,-1.97000,-1.04000,-2.11000,-74.95000,-109.18000
0.66000,-0.67000,1.11000,-1.06000,-1.91000,-2.29000,-2.49000,-94.45000,-112.87000
0.66000,-0.67000,1.11000,-1.91000,-2.22000,-3.16000,-3.19000,-94.45000,-112.87000
0.66000,-0.68000,1.11000,-2.93000,-2.68000,-3.25000,-3.27000,-101.39000,-124.04000
0.65000,-0.68000,1.09000,-3.88000,-2.84000,-3.18000,-3.21000,-101.39000,-124.04000
0.65000,-0.69000,1.06000,-4.52000,-3.11000,-1.95000,-2.35000,-60.38000,-107.16000
0.65000,-0.70000,1.05000,-3.86000,-3.15000,-1.02000,-2.11000,-60.38000,-107.16000
0.64000,-0.70000,1.06000,-2.74000,-3.13000,-1.01000,-2.11000,-35.06000,-95.92000
0.64000,-0.71000,1.08000,-1.49000,-2.59000,-1.02000,-2.11000,-35.06000,-95.92000
0.64000,-0.71000,1.11000,-0.21000,-2.14000,-1.06000,-2.11000,-54.19000,-98.06000
0.64000,-0.71000,1.15000,-0.10000,-2.03000,-3.18000,-3.21000,-54.19000,-98.06000
0.64000,-0.71000,1.18000,0.00000,-1.85000,-2.40000,-2.09000,-92.57000,-103.25000
0.64000,-0.72000,1.20000,-0.95000,-1.80000,-2.11000,-1.02000,-92.57000,-103.25000
0.64000,-0.72000,1.19000,-2.34000,-1.97000,-2.11000,-1.01000,-89.26000,-90.85000
0.63000,-0.73000,1.18000,-2.86000,-2.12000,-2.11000,-1.01000,-89.26000,-90.85000
0.63000,-0.73000,1.15000,-3.11000,-1.66000,-2.11000,-1.02000,-67.49000,-81.52000
0.63000,-0.73000,1.12000,-2.84000,-1.12000,-2.19000,-1.42000,-67.49000,-81.52000
0.63000,-0.74000,1.09000,-2.37000,-0.73000,-3.29000,-3.26000,-80.97000,-123.52000
0.63000,-0.74000,1.07000,-2.30000,-1.43000,-1.97000,-2.36000,-80.97000,-123.52000
0.62000,-0.75000,1.07000,-2.53000,-2.20000,-1.06000,-2.11000,-58.27000,-114.40000
0.62000,-0.75000,1.08000,-2.20000,-2.66000,-1.03000,-2.11000,-58.27000,-114.40000
0.62000,-0.76000,1.10000,-1.74000,-2.84000,-1.06000,-2.11000,-52.40000,-100.11000
0.62000,-0.76000,1.12000,-1.33000,-2.63000,-2.38000,-2.53000,-52.40000,-100.11000
0.61000,-0.76000,1.14000,-1.12000,-2.47000,-3.27000,-3.29000,-91.77000,-114.92000
0.61000,-0.77000,1.16000,-1.66000,-2.68000,-2.55000,-2.42000,-91.77000,-114.92000
0.61000,-0.77000,1.17000,-2.59000,-2.97000,-2.11000,-1.07000,-81.06000,-84.86000
0.61000,-0.78000,1.17000,-2.74000,-2.70000,-2.11000,-1.03000,-81.06000,-84.86000
0.61000,-0.78000,1.17000,-2.43000,-2.32000,-2.11000,-1.02000,-67.50000,-74.25000
0.60000,-0.79000,1.17000,-2.05000,-1.97000,-2.11000,-1.03000,-67.50000,-74.25000
0.60000,-0.79000,1.17000,-1.27000,-1.49000,-2.11000,-1.03000,-73.96000,-75.13000
0.60000,-0.79000,1.18000,-0.75000,-1.16000,-2.11000,-1.02000,-73.96000,-75.13000
0.60000,-0.79000,1.18000,-0.69000,-1.04000,-2.11000,-1.02000,-93.91000,-81.44000
0.60000,-0.80000,1.18000,-1.31000,-0.89000,-2.11000,-1.01000,-93.91000,-81.44000
0.60000,-0.80000,1.16000,-1.83000,-0.91000,-2.11000,-1.02000,-93.67000,-84.61000
0.60000,-0.80000,1.14000,-2.53000,-1.18000,-2.11000,-1.04000,-93.67000,-84.61000
0.60000,-0.81000,1.11000,-2.99000,-1.51000,-2.57000,-2.47000,-87.02000,-102.74000
0.59000,-0.81000,1.09000,-2.99000,-1.87000,-3.26000,-3.28000,-87.02000,-102.74000
0.59000,-0.82000,1.08000,-2.86000,-2.45000,-2.47000,-2.57000,-78.87000,-101.71000
0.59000,-0.82000,1.08000,-2.37000,-2.49000,-1.55000,-2.22000,-78.87000,-101.71000
0.59000,-0.83000,1.08000,-2.12000,-2.01000,-1.68000,-2.26000,-73.27000,-91.93000
0.58000,-0.83000,1.07000,-1.83000,-1.14000,-1.45000,-2.19000,-73.27000,-91.93000
0.58000,-0.83000,1.05000,-1.31000,-0.52000,-1.04000,-2.11000,-67.67000,-108.48000
0.58000,-0.83000,1.05000,-0.73000,-0.35000,-1.02000,-2.11000,-67.67000,-108.48000
0.58000,-0.83000,1.05000,-0.35000,-0.50000,-1.01000,-2.11000,-79.04000,-126.14000
0.58000,-0.83000,1.06000,-0.46000,-1.04000,-1.01000,-2.11000,-79.04000,-126.14000
0.58000,-0.84000,1.08000,-0.60000,-1.89000,-1.02000,-2.11000,-84.91000,-126.36000
0.58000,-0.84000,1.11000,-0.89000,-2.39000,-1.43000,-2.19000,-84.91000,-126.36000
0.58000,-0.84000,1.13000,-1.31000,-2.53000,-3.21000,-3.24000,-114.68000,-129.59000
0.57000,-0.85000,1.14000,-2.32000,-2.78000,-3.00000,-2.96000,-114.68000,-129.59000
0.57000,-0.86000,1.14000,-3.42000,-3.38000,-2.51000,-2.35000,-96.61000,-115.40000
0.57000,-0.86000,1.13000,-4.03000,-3.53000,-2.49000,-2.30000,-96.61000,-115.40000
0.56000,-0.87000,1.11000,-4.36000,-3.24000,-2.94000,-2.89000,-78.56000,-109.69000
0.56000,-0.88000,1.10000,-4.19000,-3.44000,-3.26000,-3.29000,-78.56000,-109.69000
0.56000,-0.89000,1.10000,-3.67000,-3.78000,-2.94000,-2.99000,-69.65000,-108.59000
0.55000,-0.89000,1.11000,-3.07000,-3.55000,-2.98000,-3.02000,-69.65000,-108.59000
0.55000,-0.90000,1.12000,-2.57000,-3.49000,-3.20000,-3.23000,-82.83000,-107.92000
0.55000,-0.91000,1.15000,-2.20000,-3.44000,-3.20000,-3.17000,-82.83000,-107.92000
0.54000,-0.91000,1.16000,-2.43000,-3.13000,-2.21000,-1.52000,-81.83000,-81.90000
0.54000,-0.92000,1.15000,-2.55000,-2.01000,-2.11000,-1.04000,-81.83000,-81.90000
0.54000,-0.92000,1.13000,-2.57000,-1.25000,-2.12000,-1.12000,-75.24000,-85.91000
0.54000,-0.92000,1.09000,-2.49000,-0.71000,-2.93000,-2.88000,-75.24000,-85.91000
0.54000,-0.93000,1.06000,-2.30000,-0.29000,-3.00000,-3.04000,-86.83000,-128.96000
0.54000,-0.93000,1.03000,-2.43000,-0.73000,-1.02000,-2.11000,-86.83000,-128.96000
0.53000,-0.93000,1.01000,-2.70000,-2.01000,-1.01000,-2.12000,-60.94000,-128.80000
0.53000,-0.94000,1.02000,-2.45000,-2.74000,-1.00000,-2.12000,-60.94000,-128.80000
0.53000,-0.94000,1.04000,-2.03000,-3.28000,-1.00000,-2.13000,-51.97000,-107.08000
0.52000,-0.95000,1.08000,-1.35000,-3.36000,-1.01000,-2.12000,-51.97000,-107.08000
0.52000,-0.95000,1.13000,-0.64000,-3.30000,-1.01000,-2.11000,-60.00000,-93.82000
0.52000,-0.95000,1.17000,-0.08000,-2.70000,-2.45000,-2.56000,-60.00000,-93.82000
0.52000,-0.96000,1.22000,0.00000,-2.32000,-2.62000,-2.53000,-101.03000,-102.53000
0.52000,-0.96000,1.24000,-0.95000,-2.51000,-2.11000,-1.01000,-101.03000,-102.53000
0.52000,-0.97000,1.25000,-2.24000,-2.76000,-2.12000,-1.00000,-95.75000,-81.44000
0.51000,-0.97000,1.25000,-2.80000,-2.47000,-2.13000,-0.99000,-95.75000,-81.44000
0.51000,-0.98000,1.23000,-2.97000,-2.24000,-2.14000,-0.99000,-75.33000,-72.77000
0.51000,-0.98000,1.22000,-2.26000,-1.62000,-2.15000,-0.98000,-75.33000,-72.77000
0.51000,-0.98000,1.22000,-1.60000,-1.35000,1.83000,0.71000,-19.93000,-51.16000
0.51000,-0.98000,1.22000,-0.25000,-0.50000,1.83000,0.71000,-19.93000,-51.16000
0.51000,-0.98000,1.22000,0.00000,0.00000,1.85000,0.73000,-25.25000,-53.73000
0.51000,-0.98000,1.22000,0.00000,0.00000,1.85000,0.73000,-25.25000,-53.73000
0.51000,-0.98000,1.22000,0.00000,0.00000,1.85000,0.73000,-16.39000,-53.84000
0.51000,-0.98000,1.22000,0.00000,0.00000,1.85000,0.73000,-16.39000,-53.84000
0.51000,-0.98000,1.22000,0.00000,0.00000,1.85000,0.73000,-5.30000,-49.47000
0.51000,-0.98000,1.22000,0.00000,0.00000,1.85000,0.73000,-5.30000,-49.47000
0.51000,-0.98000,1.22000,0.00000,0.00000,1.85000,0.73000,5.80000,-45.10000
0.51000,-0.98000,1.22000,0.00000,0.00000,1.85000,0.73000,5.80000,-45.10000
0.51000,-0.98000,1.22000,0.00000,0.00000,1.85000,0.73000,16.90000,-40.72000
0.51000,-0.98000,1.22000,0.00000,0.00000,1.85000,0.73000,16.90000,-40.72000
0.51000,-0.98000,1.22000,0.00000,0.00000,1.85000,0.73000,28.00000,-36.35000
0.51000,-0.98000,1.22000,0.00000,0.00000,1.85000,0.73000,28.00000,-36.35000
0.51000,-0.98000,1.22000,0.00000,0.00000,1.85000,0.73000,39.10000,-31.98000
0.51000,-0.98000,1.22000,0.00000,0.00000,1.85000,0.73000,39.10000,-31.98000
0.51000,-0.98000,1.22000,0.02000,0.00000,1.85000,0.73000,50.20000,-27.61000
0.51000,-0.98000,1.22000,0.00000,0.00000,1.85000,0.73000,50.20000,-27.61000
0.51000,-0.98000,1.22000,0.02000,0.00000,1.85000,0.73000,61.31000,-23.22000
0.51000,-0.98000,1.22000,0.00000,0.00000,1.85000,0.73000,61.31000,-23.22000
0.51000,-0.98000,1.23000,0.08000,0.00000,1.85000,0.73000,72.44000,-18.83000
0.51000,-0.98000,1.24000,0.75000,0.00000,1.86000,0.73000,72.44000,-18.83000
0.51000,-0.98000,1.25000,0.81000,0.00000,1.90000,0.77000,73.07000,-13.91000
0.51000,-0.98000,1.27000,0.96000,0.00000,1.94000,0.80000,73.07000,-13.91000
0.51000,-0.98000,1.29000,0.98000,0.00000,1.99000,0.82000,78.16000,-8.44000
0.51000,-0.98000,1.31000,1.18000,0.00000,2.02000,0.85000,78.16000,-8.44000
0.51000,-0.98000,1.34000,1.58000,0.00000,2.06000,0.87000,82.09000,-2.82000
0.51000,-0.98000,1.37000,1.74000,0.00000,2.10000,0.89000,82.09000,-2.82000
0.51000,-0.97000,1.41000,2.10000,0.00000,2.14000,0.90000,80.08000,2.82000
0.51000,-0.97000,1.45000,2.20000,0.00000,2.17000,0.90000,80.08000,2.82000
0.51000,-0.97000,1.49000,2.41000,0.00000,2.19000,0.91000,76.35000,8.32000
0.51000,-0.97000,1.54000,2.53000,0.00000,2.20000,0.91000,76.35000,8.32000
0.51000,-0.96000,1.59000,2.74000,0.00000,2.21000,0.91000,71.62000,13.78000
0.51000,-0.96000,1.64000,2.91000,0.00000,2.21000,0.91000,71.62000,13.78000
0.51000,-0.96000,1.69000,2.91000,0.00000,2.21000,0.91000,64.12000,19.28000
0.51000,-0.95000,1.74000,2.78000,0.00000,2.21000,0.91000,64.12000,19.28000
0.51000,-0.95000,1.79000,2.49000,0.00000,2.20000,0.92000,61.70000,24.90000
0.51000,-0.95000,1.83000,2.41000,0.00000,2.19000,0.93000,61.70000,24.90000
0.51000,-0.95000,1.87000,2.33000,0.00000,2.17000,0.96000,63.30000,30.94000
0.51000,-0.94000,1.91000,1.89000,0.00000,2.14000,0.99000,63.30000,30.94000
0.51000,-0.94000,1.94000,1.93000,0.00000,2.10000,1.02000,68.66000,37.69000
0.51000,-0.94000,1.98000,2.12000,0.00000,2.05000,1.07000,68.66000,37.69000
0.51000,-0.94000,2.02000,2.28000,0.02000,1.98000,1.14000,64.68000,45.65000
0.51000,-0.93000,2.06000,2.28000,0.02000,1.88000,1.25000,64.68000,45.65000
0.51000,-0.93000,2.10000,2.28000,0.00000,1.75000,1.41000,57.98000,56.13000
0.50000,-0.93000,2.14000,2.03000,0.00000,3.27000,3.27000,57.98000,56.13000
0.50000,-0.93000,2.17000,1.72000,0.00000,1.63000,1.90000,56.61000,72.11000
0.50000,-0.93000,2.20000,1.39000,0.00000,1.31000,1.81000,56.61000,72.11000
0.50000,-0.93000,2.22000,1.25000,0.02000,1.23000,1.89000,57.93000,83.44000
0.50000,-0.93000,2.24000,0.96000,0.00000,1.17000,1.95000,57.93000,83.44000
0.50000,-0.92000,2.25000,0.83000,0.00000,1.13000,1.99000,62.01000,96.30000
0.50000,-0.92000,2.27000,0.87000,0.00000,1.10000,2.02000,62.01000,96.30000
0.50000,-0.92000,2.29000,1.08000,0.02000,1.07000,2.05000,63.41000,109.13000
0.50000,-0.92000,2.29000,1.24000,0.91000,1.04000,2.08000,63.41000,109.13000
0.50000,-0.92000,2.28000,1.20000,1.93000,1.03000,2.09000,58.45000,108.36000
0.49000,-0.91000,2.25000,1.31000,2.59000,1.05000,2.07000,58.45000,108.36000
0.49000,-0.91000,2.22000,1.02000,3.09000,1.08000,2.04000,57.01000,89.44000
0.49000,-0.91000,2.18000,0.71000,3.01000,1.16000,1.97000,57.01000,89.44000
0.48000,-0.90000,2.14000,0.64000,2.80000,1.27000,1.85000,67.48000,77.10000
0.48000,-0.90000,2.11000,0.93000,2.41000,1.46000,1.77000,67.48000,77.10000
0.48000,-0.90000,2.09000,1.06000,1.91000,3.06000,3.07000,94.23000,97.40000
0.48000,-0.90000,2.09000,1.64000,1.97000,3.28000,3.28000,94.23000,97.40000
0.48000,-0.89000,2.10000,2.66000,2.28000,3.21000,3.20000,98.67000,109.93000
0.47000,-0.88000,2.10000,3.20000,2.80000,3.28000,3.28000,98.67000,109.93000
0.47000,-0.88000,2.12000,3.65000,2.95000,3.24000,3.24000,85.16000,105.44000
0.47000,-0.87000,2.13000,3.61000,2.78000,2.81000,2.84000,85.16000,105.44000
0.46000,-0.87000,2.14000,3.32000,3.01000,1.62000,1.89000,54.93000,88.15000
0.46000,-0.86000,2.13000,2.72000,3.01000,1.45000,1.77000,54.93000,88.15000
0.46000,-0.86000,2.11000,1.89000,2.82000,1.56000,1.84000,55.46000,78.67000
0.45000,-0.85000,2.09000,1.12000,2.37000,2.79000,2.81000,55.46000,78.67000
0.45000,-0.85000,2.07000,0.71000,2.12000,3.27000,3.27000,98.12000,102.68000
0.45000,-0.85000,2.05000,1.37000,2.30000,2.17000,1.95000,98.12000,102.68000
0.45000,-0.84000,2.04000,2.37000,2.66000,1.75000,1.39000,84.56000,80.89000
0.44000,-0.84000,2.04000,2.61000,2.68000,1.77000,1.36000,84.56000,80.89000
0.44000,-0.83000,2.05000,2.57000,2.26000,1.77000,1.35000,68.47000,69.24000
0.44000,-0.83000,2.06000,2.53000,1.91000,1.76000,1.37000,68.47000,69.24000
0.44000,-0.82000,2.08000,2.43000,1.39000,1.79000,1.49000,64.93000,74.81000
0.44000,-0.82000,2.10000,2.30000,1.29000,2.77000,2.74000,64.93000,74.81000
0.43000,-0.82000,2.12000,2.16000,0.87000,3.28000,3.28000,86.22000,108.47000
0.43000,-0.81000,2.14000,2.61000,1.74000,2.63000,2.66000,86.22000,108.47000
0.43000,-0.81000,2.14000,3.15000,2.64000,1.50000,1.80000,60.76000,91.44000
0.42000,-0.80000,2.15000,2.99000,2.72000,1.38000,1.76000,60.76000,91.44000
0.42000,-0.80000,2.15000,2.68000,2.80000,1.35000,1.77000,46.27000,76.72000
0.42000,-0.79000,2.14000,1.97000,2.53000,1.36000,1.77000,46.27000,76.72000
0.42000,-0.79000,2.12000,1.31000,2.16000,1.42000,1.76000,52.65000,73.60000
0.42000,-0.79000,2.11000,0.95000,1.76000,2.02000,2.24000,52.65000,73.60000
0.41000,-0.78000,2.10000,0.95000,1.49000,3.05000,3.06000,89.12000,100.09000
0.41000,-0.78000,2.10000,1.87000,1.76000,3.26000,3.26000,89.12000,100.09000
0.41000,-0.78000,2.11000,2.95000,2.41000,3.24000,3.24000,90.79000,110.56000
0.40000,-0.77000,2.12000,3.63000,2.80000,2.97000,2.98000,90.79000,110.56000
0.40000,-0.76000,2.14000,4.07000,3.45000,1.78000,2.03000,50.74000,85.69000
0.40000,-0.76000,2.14000,3.53000,3.34000,1.41000,1.76000,50.74000,85.69000
0.39000,-0.75000,2.13000,2.61000,3.09000,1.38000,1.76000,35.17000,68.86000
0.39000,-0.75000,2.11000,1.58000,2.64000,1.45000,1.77000,35.17000,68.86000
0.39000,-0.74000,2.08000,0.54000,2.01000,2.62000,2.66000,70.19000,83.48000
0.39000,-0.74000,2.07000,0.85000,1.87000,3.25000,3.25000,70.19000,83.48000
0.39000,-0.74000,2.06000,1.56000,1.74000,2.54000,2.48000,86.08000,92.50000
0.38000,-0.73000,2.06000,2.28000,2.16000,2.30000,2.09000,86.08000,92.50000
0.38000,-0.73000,2.08000,2.99000,2.26000,2.43000,2.26000,73.10000,88.49000
0.38000,-0.72000,2.09000,3.01000,2.26000,3.09000,3.08000,73.10000,88.49000
0.37000,-0.72000,2.10000,2.70000,2.45000,3.28000,3.28000,75.88000,102.88000
0.37000,-0.71000,2.09000,2.51000,2.66000,3.25000,3.25000,75.88000,102.88000
0.37000,-0.71000,2.08000,2.45000,2.93000,3.27000,3.27000,84.84000,102.97000
0.37000,-0.70000,2.07000,2.55000,3.24000,3.24000,3.23000,84.84000,102.97000
0.36000,-0.70000,2.06000,2.68000,3.30000,2.84000,2.82000,82.37000,91.18000
0.36000,-0.69000,2.05000,2.72000,3.26000,2.07000,1.83000,82.37000,91.18000
0.36000,-0.68000,2.05000,2.84000,2.97000,1.76000,1.44000,65.41000,67.60000
0.35000,-0.68000,2.05000,2.53000,2.32000,1.75000,1.40000,65.41000,67.60000
0.35000,-0.68000,2.06000,2.24000,1.83000,1.76000,1.43000,62.43000,70.52000
0.35000,-0.67000,2.06000,1.72000,1.49000,1.85000,1.57000,62.43000,70.52000
0.35000,-0.67000,2.06000,1.20000,1.18000,1.98000,1.73000,73.25000,82.07000
0.35000,-0.67000,2.06000,0.95000,1.16000,1.98000,1.72000,73.25000,82.07000
0.35000,-0.67000,2.05000,1.02000,1.43000,1.83000,1.54000,84.06000,85.69000
0.34000,-0.66000,2.05000,1.52000,1.70000,1.75000,1.40000,84.06000,85.69000
0.34000,-0.66000,2.05000,1.76000,1.62000,1.76000,1.38000,79.82000,77.39000
0.34000,-0.66000,2.06000,2.10000,1.83000,1.75000,1.39000,79.82000,77.39000
0.34000,-0.65000,2.07000,2.30000,1.78000,1.76000,1.41000,72.54000,74.15000
0.34000,-0.65000,2.09000,2.53000,1.43000,1.87000,1.59000,72.54000,74.15000
0.33000,-0.64000,2.11000,2.59000,1.47000,2.98000,2.96000,82.29000,100.80000
0.33000,-0.64000,2.13000,2.86000,1.74000,3.26000,3.26000,82.29000,100.80000
0.33000,-0.63000,2.14000,3.24000,2.28000,2.35000,2.47000,70.59000,97.97000
0.32000,-0.63000,2.16000,3.40000,2.57000,1.42000,1.76000,70.59000,97.97000
0.32000,-0.62000,2.16000,3.09000,2.86000,1.33000,1.79000,44.12000,79.71000
0.32000,-0.62000,2.16000,2.41000,2.74000,1.31000,1.82000,44.12000,79.71000
0.32000,-0.61000,2.14000,1.52000,2.43000,1.32000,1.81000,46.42000,72.72000
0.31000,-0.61000,2.12000,0.98000,2.01000,1.37000,1.76000,46.42000,72.72000
0.31000,-0.61000,2.11000,0.79000,1.62000,1.75000,2.00000,67.82000,80.92000
0.31000,-0.61000,2.10000,1.12000,1.35000,2.89000,2.91000,67.82000,80.92000
0.31000,-0.60000,2.10000,1.41000,1.37000,3.05000,3.06000,89.85000,106.78000
0.31000,-0.60000,2.11000,2.34000,2.18000,3.01000,3.02000,89.85000,106.78000
0.30000,-0.59000,2.12000,3.17000,2.74000,2.84000,2.86000,79.89000,101.58000
0.30000,-0.59000,2.13000,3.57000,2.99000,2.07000,2.28000,79.89000,101.58000
0.30000,-0.58000,2.13000,3.57000,3.09000,1.46000,1.77000,43.75000,77.21000
0.29000,-0.58000,2.13000,2.74000,2.76000,1.36000,1.77000,43.75000,77.21000
0.29000,-0.57000,2.12000,1.70000,2.34000,1.35000,1.78000,41.89000,73.38000
0.29000,-0.57000,2.10000,1.00000,2.10000,1.39000,1.75000,41.89000,73.38000
0.29000,-0.57000,2.08000,0.42000,1.70000,1.97000,2.20000,69.04000,83.73000
0.29000,-0.56000,2.06000,0.79000,1.78000,3.23000,3.24000,69.04000,83.73000
0.28000,-0.56000,2.05000,1.45000,1.78000,3.12000,3.11000,95.20000,102.70000
0.28000,-0.56000,2.06000,2.34000,2.20000,2.85000,2.83000,95.20000,102.70000
0.28000,-0.55000,2.07000,3.38000,2.68000,2.91000,2.89000,82.77000,101.21000
0.27000,-0.54000,2.08000,3.57000,2.82000,3.23000,3.23000,82.77000,101.21000
0.27000,-0.54000,2.09000,3.42000,3.05000,3.23000,3.24000,72.60000,101.17000
0.27000,-0.53000,2.09000,2.95000,3.24000,3.04000,3.05000,72.60000,101.17000
0.26000,-0.53000,2.07000,2.32000,3.09000,3.12000,3.13000,78.25000,95.84000
0.26000,-0.52000,2.06000,2.22000,2.91000,3.28000,3.28000,78.25000,95.84000
0.26000,-0.52000,2.05000,2.28000,2.88000,3.09000,3.08000,89.69000,99.38000
0.26000,-0.51000,2.04000,2.53000,2.88000,3.09000,3.10000,89.69000,99.38000
0.25000,-0.51000,2.04000,2.93000,2.91000,3.23000,3.24000,92.38000,103.11000
0.25000,-0.50000,2.05000,3.32000,3.05000,3.22000,3.23000,92.38000,103.11000
0.25000,-0.49000,2.05000,3.40000,3.24000,3.11000,3.12000,82.98000,101.03000
0.24000,-0.49000,2.05000,3.05000,3.20000,3.00000,3.02000,82.98000,101.03000
0.24000,-0.48000,2.04000,2.64000,3.11000,3.09000,3.10000,85.45000,98.95000
0.24000,-0.47000,2.03000,2.84000,3.38000,3.26000,3.26000,85.45000,98.95000
0.23000,-0.47000,2.02000,3.13000,3.36000,3.24000,3.24000,91.05000,97.62000
0.23000,-0.46000,2.03000,3.57000,3.22000,3.16000,3.15000,91.05000,97.62000
0.23000,-0.45000,2.05000,3.96000,3.16000,3.26000,3.26000,82.89000,99.60000
0.22000,-0.45000,2.06000,3.98000,3.11000,3.14000,3.15000,82.89000,99.60000
0.22000,-0.44000,2.07000,3.90000,3.26000,2.12000,2.33000,57.69000,87.43000
0.22000,-0.43000,2.07000,3.05000,3.01000,1.48000,1.78000,57.69000,87.43000
0.21000,-0.43000,2.06000,2.22000,2.74000,1.45000,1.77000,50.49000,75.92000
0.21000,-0.43000,2.05000,1.39000,2.30000,1.78000,2.02000,50.49000,75.92000
0.21000,-0.42000,2.03000,0.93000,1.83000,3.00000,3.01000,89.01000,97.71000
0.21000,-0.42000,2.03000,1.78000,1.97000,3.28000,3.28000,89.01000,97.71000
0.21000,-0.41000,2.04000,2.66000,2.30000,3.26000,3.25000,96.60000,110.55000
0.20000,-0.41000,2.05000,3.38000,2.82000,3.28000,3.28000,96.60000,110.55000
0.20000,-0.40000,2.06000,4.07000,3.26000,3.10000,3.11000,79.20000,103.40000
0.20000,-0.39000,2.07000,4.09000,3.45000,2.11000,2.32000,79.20000,103.40000
0.19000,-0.39000,2.07000,3.65000,3.55000,1.47000,1.78000,42.45000,75.82000
0.19000,-0.38000,2.07000,2.97000,3.38000,1.43000,1.76000,42.45000,75.82000
0.19000,-0.37000,2.05000,1.81000,2.89000,1.59000,1.87000,45.36000,68.09000
0.18000,-0.37000,2.03000,1.12000,2.14000,2.97000,2.98000,45.36000,68.09000
0.18000,-0.37000,2.01000,0.39000,1.56000,3.27000,3.27000,90.03000,98.71000
0.18000,-0.37000,1.99000,1.10000,1.85000,2.52000,2.44000,90.03000,98.71000
0.18000,-0.36000,1.99000,2.28000,2.24000,1.81000,1.51000,81.24000,83.42000
0.18000,-0.36000,2.00000,2.53000,2.45000,1.81000,1.51000,81.24000,83.42000
0.17000,-0.35000,2.01000,2.91000,1.95000,1.83000,1.54000,64.39000,72.89000
0.17000,-0.35000,2.03000,2.57000,1.70000,2.80000,2.78000,64.39000,72.89000
0.17000,-0.34000,2.03000,1.95000,1.62000,3.26000,3.26000,81.04000,104.43000
0.17000,-0.34000,2.04000,1.89000,1.87000,3.27000,3.28000,81.04000,104.43000
0.17000,-0.34000,2.03000,2.05000,2.53000,3.27000,3.27000,95.58000,111.49000
0.16000,-0.33000,2.02000,2.61000,3.05000,3.24000,3.23000,95.58000,111.49000
0.16000,-0.32000,2.01000,3.20000,3.49000,3.05000,3.03000,89.61000,98.59000
0.16000,-0.32000,2.01000,3.55000,3.63000,2.79000,2.76000,89.61000,98.59000
0.15000,-0.31000,2.01000,3.63000,3.53000,2.66000,2.63000,72.45000,83.68000
0.15000,-0.30000,2.01000,3.09000,3.32000,2.75000,2.72000,72.45000,83.68000
0.15000,-0.30000,2.00000,2.47000,2.95000,2.46000,2.32000,70.91000,77.76000
0.15000,-0.29000,1.99000,2.20000,2.57000,1.90000,1.63000,70.91000,77.76000
0.14000,-0.29000,2.00000,2.24000,2.10000,1.76000,1.44000,70.07000,69.69000
0.14000,-0.28000,2.01000,2.39000,1.83000,1.78000,1.47000,70.07000,69.69000
0.14000,-0.28000,2.03000,2.39000,1.22000,2.12000,1.88000,69.99000,80.80000
0.14000,-0.28000,2.05000,2.45000,1.33000,3.19000,3.18000,69.99000,80.80000
0.14000,-0.27000,2.07000,2.53000,1.58000,3.12000,3.13000,82.52000,107.34000
0.13000,-0.27000,2.08000,2.78000,2.12000,1.95000,2.18000,82.52000,107.34000
0.13000,-0.26000,2.08000,3.13000,2.84000,1.44000,1.76000,56.27000,85.79000
0.13000,-0.26000,2.08000,2.84000,2.84000,1.38000,1.76000,56.27000,85.79000
0.12000,-0.25000,2.08000,2.41000,2.78000,1.38000,1.76000,46.37000,72.70000
0.12000,-0.25000,2.06000,1.70000,2.35000,1.42000,1.76000,46.37000,72.70000
0.12000,-0.24000,2.05000,1.12000,1.99000,1.73000,1.99000,60.03000,77.08000
0.12000,-0.24000,2.04000,1.04000,1.70000,2.93000,2.95000,60.03000,77.08000
0.12000,-0.24000,2.03000,1.33000,1.76000,3.25000,3.26000,92.97000,103.61000
0.12000,-0.23000,2.03000,2.07000,1.99000,3.27000,3.27000,92.97000,103.61000
0.11000,-0.23000,2.04000,2.93000,2.55000,3.28000,3.28000,91.09000,108.91000
0.11000,-0.22000,2.05000,3.42000,2.97000,3.25000,3.25000,91.09000,108.91000
0.11000,-0.21000,2.05000,3.82000,3.34000,3.06000,3.07000,74.76000,98.86000
0.10000,-0.21000,2.06000,3.63000,3.51000,2.56000,2.60000,74.76000,98.86000
0.10000,-0.20000,2.05000,3.26000,3.59000,2.23000,2.42000,57.04000,81.57000
0.10000,-0.19000,2.04000,2.70000,3.26000,2.71000,2.74000,57.04000,81.57000
0.09000,-0.19000,2.03000,2.24000,2.68000,3.13000,3.14000,76.21000,89.68000
0.09000,-0.18000,2.03000,2.16000,2.45000,3.27000,3.27000,76.21000,89.68000
0.09000,-0.18000,2.02000,2.26000,2.37000,3.28000,3.28000,89.06000,103.12000
0.09000,-0.17000,2.02000,2.59000,2.72000,3.26000,3.26000,89.06000,103.12000
0.08000,-0.17000,2.02000,2.99000,3.05000,3.24000,3.23000,88.62000,103.37000
0.08000,-0.16000,2.02000,3.15000,3.28000,3.21000,3.21000,88.62000,103.37000
0.08000,-0.16000,2.01000,3.13000,3.38000,3.16000,3.15000,82.95000,96.88000
0.07000,-0.15000,2.01000,3.09000,3.44000,3.01000,2.99000,82.95000,96.88000
0.07000,-0.14000,2.01000,2.99000,3.16000,2.62000,2.58000,75.86000,85.10000
0.07000,-0.14000,2.00000,2.91000,2.99000,2.37000,2.17000,75.86000,85.10000
0.07000,-0.13000,2.00000,2.62000,2.74000,2.18000,1.95000,69.14000,77.26000
0.06000,-0.13000,2.00000,2.37000,2.32000,1.97000,1.72000,69.14000,77.26000
0.06000,-0.12000,2.00000,1.79000,2.01000,1.95000,1.69000,69.48000,77.11000
0.06000,-0.12000,1.99000,1.47000,1.89000,1.80000,1.50000,69.48000,77.11000
0.06000,-0.12000,1.98000,0.98000,1.62000,1.75000,1.39000,77.43000,75.32000
0.06000,-0.11000,1.97000,1.14000,1.49000,1.79000,1.33000,77.43000,75.32000
0.06000,-0.11000,1.97000,1.52000,1.41000,1.82000,1.31000,85.03000,77.00000
0.05000,-0.11000,1.99000,1.99000,1.20000,1.82000,1.31000,85.03000,77.00000
0.05000,-0.10000,2.02000,2.74000,1.29000,1.78000,1.35000,75.70000,80.90000
0.05000,-0.10000,2.04000,2.90000,1.31000,2.08000,1.84000,75.70000,80.90000
0.05000,-0.09000,2.07000,2.99000,1.33000,3.27000,3.27000,83.18000,109.05000
0.05000,-0.09000,2.09000,3.20000,2.10000,2.06000,2.27000,83.18000,109.05000
0.04000,-0.08000,2.11000,3.45000,2.80000,1.37000,1.76000,52.55000,86.32000
0.04000,-0.08000,2.11000,2.97000,2.99000,1.31000,1.81000,52.55000,86.32000
0.04000,-0.07000,2.09000,2.14000,2.84000,1.30000,1.82000,43.90000,71.86000
0.03000,-0.07000,2.07000,1.37000,2.35000,1.33000,1.80000,43.90000,71.86000
0.03000,-0.07000,2.05000,0.71000,1.85000,1.39000,1.75000,59.20000,73.49000
0.03000,-0.06000,2.04000,0.71000,1.54000,2.05000,2.26000,59.20000,73.49000
0.03000,-0.06000,2.03000,1.10000,1.37000,3.05000,3.07000,94.25000,101.75000
0.03000,-0.06000,2.04000,2.12000,1.66000,3.18000,3.18000,94.25000,101.75000
0.03000,-0.05000,2.06000,3.09000,2.34000,2.85000,2.88000,84.20000,106.22000
0.02000,-0.05000,2.07000,3.53000,2.78000,1.65000,1.92000,84.20000,106.22000
0.02000,-0.04000,2.08000,3.76000,3.22000,1.36000,1.77000,45.08000,80.06000
0.02000,-0.03000,2.08000,3.01000,3.03000,1.29000,1.83000,45.08000,80.06000
0.01000,-0.03000,2.06000,1.95000,2.74000,1.26000,1.87000,38.27000,71.79000
0.01000,-0.03000,2.04000,1.12000,2.28000,1.26000,1.87000,38.27000,71.79000
0.01000,-0.02000,2.01000,0.17000,1.81000,1.29000,1.84000,56.55000,75.52000
