0.00000,0.00000,0.00000,0.00000,0.00000,0.30000,-0.29000,4.54000,-4.42000
0.00000,0.00000,0.00000,0.00000,0.00000,0.30000,-0.29000,4.54000,-4.42000
0.00000,0.00000,0.00000,0.00000,0.00000,0.30000,-0.29000,6.36000,-6.19000
0.00000,0.00000,0.00000,0.00000,0.00000,0.30000,-0.29000,6.36000,-6.19000
0.00000,0.00000,0.00000,0.00000,0.00000,0.30000,-0.29000,8.18000,-7.95000
0.00000,0.00000,0.00000,0.00000,0.00000,0.30000,-0.29000,8.18000,-7.95000
0.00000,0.00000,0.00000,0.00000,0.00000,0.30000,-0.29000,10.00000,-9.72000
0.00000,0.00000,0.00000,0.00000,0.00000,0.30000,-0.29000,10.00000,-9.72000
0.00000,0.00000,0.00000,0.00000,0.00000,0.30000,-0.29000,11.82000,-11.49000
0.00000,0.00000,0.00000,0.00000,0.00000,0.30000,-0.29000,11.82000,-11.49000
0.00000,0.00000,0.00000,0.00000,0.00000,0.30000,-0.29000,13.63000,-13.26000
0.00000,0.00000,0.00000,0.00000,0.00000,0.30000,-0.29000,13.63000,-13.26000
0.00000,0.00000,0.00000,0.00000,0.00000,0.30000,-0.29000,15.45000,-15.02000
0.00000,0.00000,0.00000,0.00000,0.00000,0.30000,-0.29000,15.45000,-15.02000
0.00000,0.00000,0.00000,0.00000,0.00000,0.30000,-0.29000,17.27000,-16.79000
0.00000,0.00000,0.00000,0.00000,0.00000,0.30000,-0.29000,17.27000,-16.79000
0.00000,0.00000,0.00000,0.00000,0.00000,0.30000,-0.29000,19.09000,-18.56000
0.00000,0.00000,0.00000,0.00000,0.00000,0.30000,-0.29000,19.09000,-18.56000
0.00000,0.00000,0.00000,0.00000,0.00000,0.30000,-0.29000,20.91000,-20.32000
0.00000,0.00000,0.00000,0.00000,0.00000,0.30000,-0.29000,20.91000,-20.32000
0.00000,0.00000,0.00000,0.00000,0.00000,0.30000,-0.29000,22.72000,-22.09000
0.00000,0.00000,0.00000,0.00000,0.00000,0.30000,-0.29000,22.72000,-22.09000
0.00000,0.00000,0.00000,0.00000,0.00000,0.30000,-0.29000,24.54000,-23.86000
0.00000,0.00000,0.00000,0.00000,0.00000,0.30000,-0.29000,24.54000,-23.86000
0.00000,0.00000,0.00000,0.00000,0.00000,0.30000,-0.29000,26.36000,-25.63000
0.00000,0.00000,0.00000,0.00000,0.00000,0.30000,-0.29000,26.36000,-25.63000
0.00000,0.00000,0.00000,0.00000,0.00000,0.30000,-0.29000,28.18000,-27.39000
0.00000,0.00000,0.00000,0.00000,0.00000,0.30000,-0.29000,28.18000,-27.39000
0.00000,0.00000,0.00000,0.00000,0.00000,0.30000,-0.29000,30.00000,-29.16000
0.00000,0.00000,0.00000,0.02000,0.00000,0.30000,-0.29000,30.00000,-29.16000
0.00000,0.00000,0.00000,0.00000,0.00000,0.30000,-0.30000,31.51000,-30.94000
0.00000,0.00000,0.00000,0.00000,0.00000,0.30000,-0.30000,31.51000,-30.94000
0.00000,0.00000,0.00000,0.00000,0.00000,0.30000,-0.30000,33.52000,-32.71000
0.00000,0.00000,0.00000,0.00000,0.00000,0.30000,-0.30000,33.52000,-32.71000
0.00000,0.00000,0.00000,0.00000,0.00000,0.30000,-0.30000,35.34000,-34.48000
0.00000,0.00000,0.00000,0.00000,0.00000,0.30000,-0.30000,35.34000,-34.48000
0.00000,0.00000,0.00000,0.00000,0.00000,0.30000,-0.30000,37.16000,-36.25000
0.00000,0.00000,0.00000,0.00000,0.00000,0.30000,-0.30000,37.16000,-36.25000
0.00000,0.00000,0.00000,0.00000,0.00000,0.30000,-0.30000,38.98000,-38.02000
0.00000,0.00000,0.00000,0.00000,0.00000,0.30000,-0.30000,38.98000,-38.02000
0.00000,0.00000,0.00000,0.00000,0.00000,0.30000,-0.30000,40.80000,-39.79000
0.00000,0.00000,0.00000,0.02000,0.00000,0.30000,-0.30000,40.80000,-39.79000
0.00000,0.00000,0.00000,0.00000,0.00000,0.30000,-0.30000,42.32000,-41.56000
0.00000,0.00000,0.00000,0.00000,0.00000,0.30000,-0.30000,42.32000,-41.56000
0.00000,0.00000,0.00000,0.00000,0.00000,0.30000,-0.30000,44.33000,-43.34000
0.00000,0.00000,0.00000,0.00000,0.00000,0.30000,-0.30000,44.33000,-43.34000
0.00000,0.00000,0.00000,0.00000,0.00000,0.30000,-0.30000,46.15000,-45.11000
0.00000,0.00000,0.00000,0.00000,0.00000,0.30000,-0.30000,46.15000,-45.11000
0.00000,0.00000,0.00000,0.00000,0.00000,0.30000,-0.30000,47.98000,-46.88000
0.00000,0.00000,0.00000,0.00000,0.00000,0.30000,-0.30000,47.98000,-46.88000
0.00000,0.00000,0.00000,0.15000,0.00000,0.30000,-0.30000,49.80000,-48.66000
0.00000,0.00000,0.01000,0.35000,-0.02000,0.31000,-0.30000,49.80000,-48.66000
0.00000,0.00000,0.02000,0.37000,0.00000,0.32000,-0.31000,46.52000,-50.29000
0.00000,0.00000,0.02000,0.33000,0.00000,0.33000,-0.32000,46.52000,-50.29000
0.00000,0.00000,0.03000,0.21000,0.00000,0.33000,-0.32000,46.87000,-52.56000
0.00000,0.00000,0.03000,0.15000,0.00000,0.34000,-0.33000,46.87000,-52.56000
0.00000,0.00000,0.03000,0.10000,0.00000,0.34000,-0.33000,49.81000,-54.61000
0.00000,0.00000,0.03000,0.12000,0.00000,0.34000,-0.33000,49.81000,-54.61000
0.00000,0.00000,0.04000,0.23000,0.00000,0.35000,-0.34000,51.38000,-56.66000
0.00000,0.00000,0.05000,0.48000,0.00000,0.35000,-0.34000,51.38000,-56.66000
0.00000,0.00000,0.06000,0.66000,0.00000,0.36000,-0.35000,47.68000,-58.89000
0.00000,0.00000,0.07000,0.69000,0.00000,0.38000,-0.36000,47.68000,-58.89000
0.00000,0.00000,0.08000,0.52000,0.00000,0.40000,-0.38000,44.35000,-61.38000
0.01000,0.00000,0.09000,0.42000,0.00000,0.41000,-0.39000,44.35000,-61.38000
0.01000,0.00000,0.09000,0.25000,0.00000,0.42000,-0.39000,46.97000,-63.89000
0.01000,0.00000,0.10000,0.25000,0.00000,0.42000,-0.40000,46.97000,-63.89000
0.01000,0.00000,0.10000,0.04000,0.00000,0.43000,-0.40000,49.63000,-66.36000
0.01000,0.00000,0.10000,0.37000,0.00000,0.43000,-0.40000,49.63000,-66.36000
0.01000,0.00000,0.11000,0.58000,0.00000,0.44000,-0.41000,48.96000,-68.86000
0.01000,0.00000,0.13000,0.60000,0.00000,0.45000,-0.42000,48.96000,-68.86000
0.01000,0.00000,0.14000,0.64000,0.00000,0.46000,-0.42000,46.27000,-71.54000
0.01000,0.00000,0.15000,0.75000,0.00000,0.47000,-0.43000,46.27000,-71.54000
0.01000,0.00000,0.16000,0.71000,0.00000,0.49000,-0.44000,43.64000,-74.29000
0.01000,0.00000,0.17000,0.58000,0.00000,0.50000,-0.44000,43.64000,-74.29000
0.01000,0.00000,0.18000,0.58000,0.00000,0.51000,-0.45000,44.92000,-77.04000
0.01000,0.00000,0.20000,0.60000,0.00000,0.52000,-0.45000,44.92000,-77.04000
0.01000,0.00000,0.21000,0.60000,0.00000,0.53000,-0.45000,44.49000,-79.77000
0.01000,0.00000,0.22000,0.54000,0.00000,0.54000,-0.45000,44.49000,-79.77000
0.01000,0.00000,0.23000,0.66000,0.00000,0.55000,-0.45000,45.29000,-82.44000
0.01000,0.00000,0.24000,0.71000,-0.02000,0.56000,-0.45000,45.29000,-82.44000
0.02000,0.00000,0.25000,0.71000,0.00000,0.58000,-0.44000,43.25000,-84.70000
0.02000,0.00000,0.27000,0.66000,-0.29000,0.59000,-0.43000,43.25000,-84.70000
0.02000,0.00000,0.29000,0.62000,-0.39000,0.61000,-0.42000,43.64000,-82.83000
0.02000,0.00000,0.30000,0.42000,0.00000,0.64000,-0.39000,43.64000,-82.83000
0.02000,0.00000,0.30000,0.21000,0.00000,0.65000,-0.38000,47.66000,-87.45000
0.02000,0.00000,0.31000,0.37000,0.00000,0.66000,-0.38000,47.66000,-87.45000
0.02000,0.00000,0.31000,0.37000,0.00000,0.67000,-0.37000,49.95000,-89.54000
0.02000,0.00000,0.32000,0.17000,0.00000,0.68000,-0.36000,49.95000,-89.54000
0.02000,0.00000,0.32000,0.00000,0.00000,0.68000,-0.35000,55.07000,-91.53000
0.02000,0.00000,0.32000,0.00000,0.00000,0.68000,-0.35000,55.07000,-91.53000
0.02000,0.00000,0.32000,0.00000,0.00000,0.68000,-0.35000,60.67000,-93.65000
0.02000,0.00000,0.33000,0.48000,0.00000,0.68000,-0.35000,60.67000,-93.65000
0.02000,0.00000,0.34000,1.00000,0.00000,0.70000,-0.34000,57.85000,-95.54000
0.02000,0.00000,0.36000,1.08000,0.00000,0.74000,-0.30000,57.85000,-95.54000
0.02000,0.00000,0.38000,0.85000,0.00000,0.78000,-0.25000,51.42000,-96.27000
0.02000,0.00000,0.39000,0.64000,0.00000,0.83000,-0.21000,51.42000,-96.27000
0.02000,0.00000,0.40000,0.27000,0.00000,0.86000,-0.17000,57.38000,-96.52000
0.02000,0.00000,0.40000,0.04000,0.00000,0.88000,-0.15000,57.38000,-96.52000
0.02000,0.00000,0.40000,0.02000,0.00000,0.88000,-0.15000,68.02000,-97.24000
0.02000,0.00000,0.40000,0.39000,0.00000,0.88000,-0.15000,68.02000,-97.24000
0.02000,0.00000,0.42000,0.66000,0.00000,0.91000,-0.12000,68.15000,-97.72000
0.02000,0.01000,0.43000,0.98000,0.00000,0.95000,-0.07000,68.15000,-97.72000
0.03000,0.01000,0.46000,1.29000,0.00000,1.02000,0.00000,64.27000,-96.60000
0.03000,0.01000,0.48000,1.43000,0.00000,1.14000,0.12000,64.27000,-96.60000
0.03000,0.01000,0.51000,1.35000,0.00000,1.27000,0.25000,61.33000,-92.80000
0.03000,0.01000,0.53000,1.22000,0.00000,1.41000,0.38000,61.33000,-92.80000
0.03000,0.01000,0.55000,1.33000,0.00000,1.53000,0.48000,67.46000,-87.94000
0.03000,0.01000,0.58000,1.66000,0.00000,1.65000,0.57000,67.46000,-87.94000
0.03000,0.01000,0.62000,1.89000,0.00000,1.78000,0.67000,66.42000,-82.14000
0.04000,0.01000,0.66000,2.22000,0.00000,1.89000,0.76000,66.42000,-82.14000
0.04000,0.01000,0.70000,2.57000,0.00000,1.99000,0.83000,61.91000,-75.80000
0.04000,0.02000,0.75000,2.49000,0.00000,2.07000,0.87000,61.91000,-75.80000
0.04000,0.02000,0.79000,2.30000,0.00000,2.12000,0.89000,58.50000,-69.84000
0.04000,0.02000,0.83000,2.24000,0.00000,2.16000,0.90000,58.50000,-69.84000
0.05000,0.02000,0.87000,2.14000,0.00000,2.18000,0.91000,60.90000,-64.30000
0.05000,0.02000,0.91000,2.05000,0.00000,2.20000,0.90000,60.90000,-64.30000
0.05000,0.02000,0.94000,2.10000,0.00000,2.20000,0.91000,63.68000,-58.86000
0.05000,0.03000,0.99000,2.32000,0.00000,2.21000,0.91000,63.68000,-58.86000
0.05000,0.03000,1.03000,2.51000,0.00000,2.21000,0.91000,60.64000,-53.39000
0.05000,0.03000,1.08000,2.47000,0.00000,2.21000,0.91000,60.64000,-53.39000
0.05000,0.03000,1.12000,2.39000,0.00000,2.21000,0.91000,57.79000,-47.88000
0.06000,0.04000,1.16000,2.30000,0.00000,2.21000,0.92000,57.79000,-47.88000
0.06000,0.04000,1.20000,2.24000,0.00000,2.20000,0.92000,58.58000,-42.26000
0.06000,0.04000,1.24000,2.20000,0.00000,2.19000,0.93000,58.58000,-42.26000
0.06000,0.04000,1.28000,2.24000,0.00000,2.17000,0.95000,59.10000,-36.29000
0.06000,0.05000,1.32000,2.32000,0.00000,2.15000,0.98000,59.10000,-36.29000
0.06000,0.05000,1.37000,2.32000,0.00000,2.11000,1.02000,56.08000,-29.58000
0.06000,0.05000,1.41000,2.35000,0.00000,2.05000,1.07000,56.08000,-29.58000
0.06000,0.05000,1.45000,2.30000,0.00000,1.97000,1.15000,52.37000,-21.42000
0.06000,0.06000,1.49000,2.08000,0.00000,1.86000,1.27000,52.37000,-21.42000
0.06000,0.06000,1.52000,1.60000,0.00000,1.76000,1.42000,50.98000,-10.52000
0.06000,0.06000,1.54000,1.31000,0.00000,3.05000,3.04000,50.98000,-10.52000
0.06000,0.06000,1.56000,0.98000,0.00000,3.17000,3.17000,81.72000,24.30000
0.06000,0.06000,1.58000,1.41000,0.00000,2.07000,2.28000,81.72000,24.30000
0.06000,0.06000,1.63000,2.57000,0.00000,1.36000,1.77000,64.17000,22.30000
0.06000,0.07000,1.68000,2.91000,0.00000,1.21000,1.92000,64.17000,22.30000
0.06000,0.07000,1.73000,2.72000,0.00000,1.09000,2.04000,37.38000,36.95000
0.06000,0.07000,1.77000,1.87000,0.00000,1.01000,2.11000,37.38000,36.95000
0.06000,0.07000,1.78000,0.89000,0.00000,0.98000,2.15000,40.40000,50.82000
0.06000,0.07000,1.79000,0.31000,0.00000,0.96000,2.16000,40.40000,50.82000
0.06000,0.07000,1.79000,0.04000,0.00000,0.96000,2.16000,58.14000,63.95000
0.06000,0.07000,1.79000,0.00000,0.00000,0.96000,2.16000,58.14000,63.95000
0.06000,0.07000,1.79000,0.25000,0.00000,0.96000,2.16000,66.69000,76.95000
0.06000,0.08000,1.81000,1.02000,0.00000,0.96000,2.17000,66.69000,76.95000
0.06000,0.08000,1.84000,1.64000,0.00000,0.95000,2.18000,56.98000,90.16000
0.06000,0.08000,1.88000,1.89000,0.00000,0.93000,2.19000,56.98000,90.16000
0.06000,0.08000,1.91000,1.85000,0.00000,0.92000,2.20000,43.11000,103.60000
0.06000,0.08000,1.93000,1.37000,0.00000,0.92000,2.21000,43.11000,103.60000
0.06000,0.08000,1.95000,0.83000,0.00000,0.91000,2.21000,44.96000,116.93000
0.06000,0.08000,1.96000,0.42000,0.00000,0.91000,2.21000,44.96000,116.93000
0.06000,0.08000,1.96000,0.02000,0.00000,0.91000,2.21000,56.51000,130.21000
0.06000,0.08000,1.96000,0.02000,0.00000,0.91000,2.21000,56.51000,130.21000
0.06000,0.08000,1.96000,0.00000,0.00000,0.91000,2.21000,65.40000,143.48000
0.06000,0.08000,1.95000,0.00000,0.21000,0.91000,2.21000,65.40000,143.48000
0.06000,0.09000,1.92000,0.02000,1.83000,0.91000,2.21000,71.06000,153.63000
0.06000,0.09000,1.89000,0.81000,2.63000,0.91000,2.21000,71.06000,153.63000
0.05000,0.09000,1.86000,1.47000,3.11000,0.92000,2.21000,64.46000,129.22000
0.05000,0.10000,1.83000,1.43000,2.93000,0.92000,2.21000,64.46000,129.22000
0.05000,0.10000,1.81000,1.24000,2.66000,0.92000,2.20000,55.86000,122.20000
0.05000,0.11000,1.77000,0.75000,2.51000,0.93000,2.20000,55.86000,122.20000
0.05000,0.11000,1.74000,0.50000,2.45000,0.94000,2.19000,63.29000,123.89000
0.05000,0.11000,1.70000,0.42000,2.51000,0.95000,2.17000,63.29000,123.89000
0.05000,0.12000,1.67000,0.66000,2.45000,0.97000,2.15000,69.97000,121.39000
0.05000,0.12000,1.64000,0.91000,2.39000,1.00000,2.12000,69.97000,121.39000
0.05000,0.12000,1.62000,1.24000,2.41000,1.02000,2.10000,66.62000,120.35000
0.05000,0.13000,1.60000,1.33000,2.39000,1.05000,2.08000,66.62000,120.35000
0.05000,0.13000,1.59000,1.56000,2.37000,1.07000,2.05000,61.73000,117.94000
0.05000,0.14000,1.57000,1.64000,2.28000,1.09000,2.04000,61.73000,117.94000
0.05000,0.14000,1.56000,1.60000,2.26000,1.10000,2.02000,56.00000,117.04000
0.05000,0.15000,1.55000,1.56000,2.20000,1.12000,2.01000,56.00000,117.04000
0.05000,0.15000,1.54000,1.58000,2.20000,1.13000,1.99000,54.51000,116.24000
0.05000,0.16000,1.53000,1.56000,2.28000,1.15000,1.97000,54.51000,116.24000
0.05000,0.16000,1.51000,1.51000,2.30000,1.17000,1.95000,52.58000,113.13000
0.05000,0.16000,1.50000,1.56000,2.20000,1.20000,1.92000,52.58000,113.13000
0.05000,0.17000,1.49000,1.52000,2.20000,1.23000,1.90000,51.09000,111.60000
0.05000,0.17000,1.47000,1.37000,2.20000,1.26000,1.87000,51.09000,111.60000
0.05000,0.18000,1.46000,1.33000,2.14000,1.29000,1.83000,52.91000,108.73000
0.05000,0.18000,1.45000,1.33000,2.05000,1.34000,1.79000,52.91000,108.73000
0.05000,0.18000,1.43000,1.29000,2.03000,1.39000,1.75000,54.50000,107.58000
0.05000,0.19000,1.42000,1.22000,2.03000,1.61000,1.89000,54.50000,107.58000
0.05000,0.19000,1.41000,1.35000,1.97000,2.70000,2.73000,76.02000,120.66000
0.05000,0.19000,1.40000,1.87000,2.22000,3.16000,3.16000,76.02000,120.66000
0.05000,0.20000,1.40000,2.53000,2.41000,3.26000,3.26000,83.66000,130.06000
0.05000,0.21000,1.41000,3.20000,2.61000,3.23000,3.23000,83.66000,130.06000
0.06000,0.21000,1.43000,3.78000,2.76000,2.88000,2.90000,66.44000,125.00000
0.06000,0.22000,1.45000,3.65000,2.78000,1.51000,1.81000,66.44000,125.00000
0.06000,0.23000,1.46000,3.24000,2.74000,1.34000,1.78000,34.62000,107.41000
0.06000,0.23000,1.46000,2.47000,2.47000,1.29000,1.83000,34.62000,107.41000
0.06000,0.24000,1.44000,1.31000,2.24000,1.28000,1.85000,37.53000,107.05000
0.06000,0.24000,1.41000,0.54000,2.12000,1.32000,1.80000,37.53000,107.05000
0.06000,0.24000,1.37000,0.12000,2.10000,1.51000,1.80000,62.75000,107.98000
0.06000,0.25000,1.34000,0.21000,2.05000,3.27000,3.27000,62.75000,107.98000
0.06000,0.25000,1.32000,1.08000,2.10000,2.09000,1.85000,82.23000,107.68000
0.06000,0.25000,1.32000,2.12000,2.08000,1.76000,1.37000,82.23000,107.68000
0.06000,0.26000,1.34000,3.20000,2.01000,1.77000,1.35000,60.19000,98.69000
0.06000,0.26000,1.37000,3.26000,1.87000,1.77000,1.46000,60.19000,98.69000
0.07000,0.27000,1.38000,2.55000,1.76000,2.74000,2.71000,55.53000,117.88000
0.07000,0.27000,1.38000,1.83000,2.03000,3.19000,3.18000,55.53000,117.88000
0.07000,0.28000,1.36000,1.39000,2.32000,3.05000,3.04000,78.56000,125.36000
0.07000,0.28000,1.35000,1.76000,2.59000,1.94000,1.67000,78.56000,125.36000
0.07000,0.29000,1.34000,2.32000,2.72000,1.19000,1.93000,58.98000,106.37000
0.07000,0.29000,1.34000,2.28000,2.49000,1.21000,1.92000,58.98000,106.37000
0.07000,0.30000,1.33000,1.99000,2.24000,1.21000,1.92000,48.03000,103.71000
0.07000,0.30000,1.32000,1.49000,2.14000,1.22000,1.91000,48.03000,103.71000
0.07000,0.30000,1.30000,1.08000,2.03000,1.25000,1.88000,53.95000,105.05000
0.07000,0.31000,1.29000,1.04000,2.05000,1.29000,1.83000,53.95000,105.05000
0.07000,0.31000,1.27000,1.08000,2.10000,1.35000,1.77000,60.94000,103.12000
0.08000,0.32000,1.25000,1.25000,2.03000,1.55000,1.83000,60.94000,103.12000
0.08000,0.32000,1.25000,1.62000,1.99000,2.56000,2.60000,77.77000,114.13000
0.08000,0.32000,1.25000,2.39000,2.18000,2.95000,2.96000,77.77000,114.13000
0.08000,0.33000,1.26000,2.93000,2.32000,2.71000,2.74000,70.84000,117.48000
0.08000,0.34000,1.27000,2.78000,2.43000,1.73000,1.98000,70.84000,117.48000
0.08000,0.34000,1.27000,2.41000,2.49000,1.46000,1.78000,48.17000,102.67000
0.09000,0.34000,1.25000,1.62000,2.28000,1.47000,1.78000,48.17000,102.67000
0.09000,0.35000,1.23000,0.62000,1.99000,2.00000,2.22000,65.72000,107.57000
0.09000,0.35000,1.20000,0.50000,1.97000,3.26000,3.26000,65.72000,107.57000
0.09000,0.35000,1.18000,0.87000,2.08000,2.57000,2.53000,93.44000,116.53000
0.09000,0.36000,1.17000,1.80000,2.30000,1.75000,1.40000,93.44000,116.53000
0.09000,0.36000,1.18000,3.11000,2.41000,1.78000,1.35000,74.36000,97.16000
0.10000,0.37000,1.21000,3.76000,2.14000,1.75000,1.40000,74.36000,97.16000
0.10000,0.37000,1.25000,3.74000,1.85000,2.89000,2.86000,61.55000,116.68000
0.10000,0.38000,1.27000,3.40000,2.07000,2.97000,2.99000,61.55000,116.68000
0.10000,0.39000,1.28000,3.03000,2.32000,1.45000,1.77000,40.05000,105.54000
0.10000,0.39000,1.29000,2.32000,2.24000,1.35000,1.78000,40.05000,105.54000
0.10000,0.40000,1.27000,1.41000,2.12000,1.33000,1.79000,42.79000,101.53000
0.10000,0.40000,1.25000,0.79000,1.99000,1.38000,1.76000,42.79000,101.53000
0.11000,0.40000,1.23000,0.54000,1.91000,2.02000,2.24000,70.14000,109.24000
0.11000,0.40000,1.21000,1.14000,2.03000,3.26000,3.26000,70.14000,109.24000
0.11000,0.41000,1.21000,1.93000,2.12000,3.10000,3.09000,88.52000,122.96000
0.11000,0.41000,1.22000,2.93000,2.37000,2.96000,2.94000,88.52000,122.96000
0.11000,0.42000,1.24000,3.84000,2.57000,3.22000,3.22000,75.32000,126.20000
0.12000,0.43000,1.26000,3.98000,2.70000,2.98000,3.00000,75.32000,126.20000
0.12000,0.43000,1.28000,3.84000,2.76000,1.45000,1.77000,34.68000,104.64000
0.12000,0.44000,1.29000,3.01000,2.47000,1.32000,1.81000,34.68000,104.64000
0.12000,0.44000,1.28000,1.68000,2.18000,1.27000,1.86000,31.32000,103.81000
0.12000,0.45000,1.26000,0.66000,1.99000,1.28000,1.85000,31.32000,103.81000
0.12000,0.45000,1.23000,0.06000,1.91000,1.34000,1.78000,57.21000,106.13000
0.12000,0.45000,1.19000,0.02000,1.97000,2.32000,2.46000,57.21000,106.13000
0.12000,0.45000,1.16000,0.60000,2.08000,3.17000,3.17000,98.39000,125.97000
0.13000,0.46000,1.16000,2.20000,2.43000,1.82000,1.52000,98.39000,125.97000
0.13000,0.47000,1.18000,3.90000,2.68000,1.75000,1.40000,63.33000,99.76000
0.13000,0.47000,1.21000,3.86000,2.41000,1.99000,1.74000,63.33000,99.76000
0.13000,0.48000,1.22000,2.95000,2.07000,3.09000,3.08000,55.82000,119.15000
0.14000,0.48000,1.23000,2.28000,2.22000,3.28000,3.28000,55.82000,119.15000
0.14000,0.49000,1.21000,1.74000,2.57000,1.03000,2.09000,43.97000,111.19000
0.14000,0.49000,1.18000,0.95000,2.53000,1.04000,2.08000,43.97000,111.19000
0.14000,0.49000,1.14000,0.25000,2.45000,1.08000,2.04000,57.10000,105.02000
0.14000,0.50000,1.10000,0.00000,2.26000,1.15000,1.97000,57.10000,105.02000
0.14000,0.50000,1.06000,0.06000,2.16000,1.26000,1.87000,74.84000,103.50000
0.14000,0.50000,1.04000,0.89000,2.03000,1.39000,1.75000,74.84000,103.50000
0.15000,0.50000,1.04000,1.81000,1.91000,2.12000,2.33000,82.00000,111.49000
0.15000,0.51000,1.05000,2.68000,2.01000,2.22000,2.41000,82.00000,111.49000
0.15000,0.51000,1.07000,3.32000,2.18000,1.48000,1.78000,52.90000,105.40000
0.15000,0.52000,1.09000,3.05000,2.18000,1.32000,1.80000,52.90000,105.40000
0.16000,0.52000,1.10000,2.45000,2.10000,1.26000,1.86000,36.89000,102.70000
0.16000,0.53000,1.09000,1.52000,2.01000,1.23000,1.89000,36.89000,102.70000
0.16000,0.53000,1.06000,0.33000,1.97000,1.25000,1.88000,48.99000,103.52000
0.16000,0.53000,1.02000,0.04000,1.93000,1.34000,1.79000,48.99000,103.52000
0.16000,0.53000,0.99000,0.02000,1.93000,2.28000,2.44000,85.02000,112.38000
0.16000,0.54000,0.97000,0.91000,2.12000,3.19000,3.18000,85.02000,112.38000
0.17000,0.54000,0.96000,2.01000,2.28000,2.03000,1.78000,81.59000,102.78000
0.17000,0.54000,0.97000,2.47000,2.10000,1.80000,1.50000,81.59000,102.78000
0.17000,0.55000,0.98000,2.76000,1.99000,1.92000,1.66000,63.32000,99.19000
0.17000,0.55000,0.99000,2.49000,1.95000,2.65000,2.61000,63.32000,99.19000
0.18000,0.56000,1.00000,2.24000,1.83000,3.06000,3.05000,76.85000,119.67000
0.18000,0.56000,1.01000,2.59000,2.12000,3.22000,3.22000,76.85000,119.67000
0.18000,0.57000,1.02000,3.05000,2.45000,3.28000,3.28000,82.00000,127.23000
0.19000,0.57000,1.03000,3.49000,2.68000,3.10000,3.11000,82.00000,127.23000
0.19000,0.58000,1.06000,4.03000,2.76000,1.96000,2.19000,52.97000,109.42000
0.19000,0.59000,1.08000,3.70000,2.57000,1.34000,1.78000,52.97000,109.42000
0.20000,0.59000,1.08000,2.80000,2.39000,1.24000,1.89000,29.82000,103.55000
0.20000,0.59000,1.08000,1.72000,2.18000,1.16000,1.96000,29.82000,103.55000
0.20000,0.60000,1.05000,0.60000,2.05000,0.91000,2.21000,39.77000,110.21000
0.20000,0.60000,1.01000,0.10000,2.08000,0.91000,2.21000,39.77000,110.21000
0.20000,0.60000,0.97000,0.00000,2.24000,0.91000,2.21000,59.21000,111.93000
0.20000,0.60000,0.94000,0.41000,2.24000,0.92000,2.21000,59.21000,111.93000
0.21000,0.61000,0.92000,1.18000,2.28000,0.92000,2.20000,59.51000,110.17000
0.21000,0.61000,0.91000,1.54000,2.24000,0.92000,2.20000,59.51000,110.17000
0.21000,0.61000,0.90000,1.74000,2.24000,0.92000,2.20000,45.73000,109.95000
0.21000,0.62000,0.89000,1.64000,2.22000,0.92000,2.21000,45.73000,109.95000
0.22000,0.62000,0.87000,1.29000,2.22000,0.92000,2.21000,40.44000,110.09000
0.22000,0.62000,0.85000,0.83000,2.24000,0.92000,2.21000,40.44000,110.09000
0.22000,0.62000,0.82000,0.48000,1.87000,0.92000,2.21000,48.26000,109.70000
0.22000,0.63000,0.80000,0.54000,1.83000,0.92000,2.21000,48.26000,109.70000
0.23000,0.63000,0.77000,0.66000,2.10000,0.92000,2.20000,53.19000,115.66000
0.23000,0.63000,0.75000,0.87000,2.26000,0.92000,2.20000,53.19000,115.66000
0.23000,0.63000,0.72000,1.18000,2.43000,0.92000,2.20000,50.54000,111.34000
0.23000,0.64000,0.70000,1.27000,2.47000,0.92000,2.20000,50.54000,111.34000
0.24000,0.64000,0.68000,1.16000,2.39000,0.92000,2.20000,44.92000,107.89000
0.24000,0.64000,0.66000,1.02000,2.28000,0.92000,2.20000,44.92000,107.89000
0.24000,0.64000,0.63000,0.87000,2.26000,0.92000,2.21000,46.55000,109.13000
0.25000,0.65000,0.60000,0.75000,2.28000,0.92000,2.21000,46.55000,109.13000
0.25000,0.65000,0.58000,0.66000,2.28000,0.92000,2.21000,50.00000,108.70000
0.25000,0.65000,0.55000,0.83000,2.28000,0.92000,2.21000,50.00000,108.70000
0.25000,0.65000,0.53000,0.91000,2.24000,0.92000,2.21000,49.74000,108.29000
0.26000,0.65000,0.50000,0.93000,2.22000,0.91000,2.21000,49.74000,108.29000
0.26000,0.66000,0.48000,0.98000,2.26000,0.90000,2.19000,48.53000,108.55000
0.26000,0.66000,0.46000,1.08000,2.20000,0.90000,2.19000,48.53000,108.55000
0.27000,0.66000,0.44000,1.00000,2.16000,0.90000,2.19000,46.19000,108.69000
0.27000,0.66000,0.41000,0.83000,2.16000,0.91000,2.19000,46.19000,108.69000
0.27000,0.66000,0.39000,0.79000,2.14000,0.91000,2.19000,48.87000,109.26000
0.28000,0.66000,0.36000,0.71000,2.22000,0.90000,2.19000,48.87000,109.26000
0.28000,0.66000,0.33000,0.66000,2.20000,0.90000,2.19000,51.19000,108.55000
0.28000,0.66000,0.31000,0.75000,2.18000,0.90000,2.19000,51.19000,108.55000
0.28000,0.67000,0.28000,0.75000,2.18000,0.90000,2.19000,51.77000,109.03000
0.29000,0.67000,0.25000,0.50000,2.08000,0.90000,2.19000,51.77000,109.03000
0.29000,0.67000,0.23000,0.31000,1.66000,0.90000,2.20000,56.44000,110.69000
0.29000,0.67000,0.21000,0.42000,1.41000,0.90000,2.20000,56.44000,110.69000
0.29000,0.67000,0.19000,0.60000,1.51000,0.90000,2.20000,60.13000,121.40000
0.30000,0.67000,0.18000,0.71000,1.74000,0.90000,2.20000,60.13000,121.40000
0.30000,0.67000,0.15000,0.85000,2.28000,0.90000,2.19000,58.71000,121.08000
0.30000,0.67000,0.12000,0.79000,2.53000,0.91000,2.19000,58.71000,121.08000
0.31000,0.67000,0.08000,0.64000,2.68000,0.91000,2.19000,58.67000,111.87000
0.31000,0.67000,0.05000,0.64000,2.51000,0.91000,2.18000,58.67000,111.87000
0.31000,0.67000,0.02000,0.89000,2.34000,0.91000,2.18000,61.55000,110.01000
0.32000,0.67000,0.00000,1.12000,2.26000,0.90000,2.17000,61.55000,110.01000
0.32000,0.67000,-0.02000,1.22000,2.20000,0.90000,2.14000,55.84000,111.13000
0.33000,0.67000,-0.03000,1.14000,1.97000,0.88000,2.08000,55.84000,111.13000
0.33000,0.67000,-0.04000,1.04000,1.64000,0.83000,1.99000,53.12000,112.50000
0.33000,0.67000,-0.06000,0.89000,1.89000,0.72000,1.84000,53.12000,112.50000
0.34000,0.67000,-0.09000,0.77000,2.16000,0.52000,1.59000,50.40000,107.86000
0.34000,0.67000,-0.11000,0.68000,2.22000,0.21000,1.23000,50.40000,107.86000
0.34000,0.67000,-0.14000,0.58000,2.18000,-0.12000,0.91000,41.62000,90.85000
0.34000,0.67000,-0.17000,0.23000,1.91000,-0.33000,0.70000,41.62000,90.85000
0.35000,0.67000,-0.20000,0.00000,1.27000,0.90000,2.19000,59.04000,106.91000
0.35000,0.67000,-0.22000,0.00000,1.18000,0.90000,2.20000,59.04000,106.91000
0.35000,0.67000,-0.24000,0.29000,1.66000,0.91000,2.20000,66.53000,119.64000
0.35000,0.67000,-0.27000,0.83000,2.20000,0.91000,2.20000,66.53000,119.64000
0.36000,0.67000,-0.28000,1.45000,2.45000,0.91000,2.21000,59.53000,110.59000
0.36000,0.66000,-0.30000,1.76000,2.51000,0.91000,2.21000,59.53000,110.59000
0.37000,0.66000,-0.31000,1.76000,2.39000,0.91000,2.20000,45.97000,105.89000
0.37000,0.66000,-0.32000,1.45000,2.24000,0.90000,2.20000,45.97000,105.89000
0.37000,0.66000,-0.34000,1.12000,2.18000,0.90000,2.19000,45.48000,107.95000
0.38000,0.66000,-0.37000,0.79000,2.22000,0.91000,2.19000,45.48000,107.95000
0.38000,0.66000,-0.40000,0.58000,2.20000,0.91000,2.19000,52.16000,107.95000
0.38000,0.66000,-0.43000,0.64000,2.16000,0.90000,2.19000,52.16000,107.95000
0.38000,0.66000,-0.44000,0.81000,1.76000,0.90000,2.19000,55.03000,108.76000
0.39000,0.66000,-0.46000,0.79000,1.89000,0.90000,2.19000,55.03000,108.76000
0.39000,0.65000,-0.48000,0.79000,2.01000,0.91000,2.19000,54.43000,112.98000
0.39000,0.65000,-0.51000,0.71000,2.18000,0.91000,2.19000,54.43000,112.98000
0.40000,0.65000,-0.55000,0.37000,2.32000,0.91000,2.19000,56.37000,110.42000
0.40000,0.65000,-0.59000,0.10000,2.26000,0.90000,2.19000,56.37000,110.42000
0.40000,0.65000,-0.62000,0.02000,2.16000,0.90000,2.20000,66.59000,109.35000
0.40000,0.65000,-0.66000,0.00000,2.14000,0.91000,2.20000,66.59000,109.35000
0.40000,0.65000,-0.70000,0.00000,1.99000,0.91000,2.21000,72.98000,110.95000
0.41000,0.64000,-0.72000,0.58000,1.60000,0.91000,2.21000,72.98000,110.95000
0.41000,0.64000,-0.73000,1.18000,1.60000,0.91000,2.21000,69.70000,119.48000
0.41000,0.64000,-0.74000,1.24000,2.07000,0.91000,2.20000,69.70000,119.48000
0.41000,0.64000,-0.76000,1.22000,2.39000,0.90000,2.19000,61.68000,115.79000
0.42000,0.63000,-0.78000,1.08000,2.39000,0.91000,2.18000,61.68000,115.79000
0.42000,0.63000,-0.81000,0.95000,2.41000,0.90000,2.16000,62.07000,111.35000
0.42000,0.63000,-0.84000,0.83000,2.39000,0.90000,2.14000,62.07000,111.35000
0.42000,0.63000,-0.87000,0.73000,2.30000,0.88000,2.09000,64.44000,108.96000
0.43000,0.62000,-0.89000,0.95000,2.24000,0.85000,2.03000,64.44000,108.96000
0.43000,0.62000,-0.91000,1.18000,2.18000,0.75000,1.88000,60.93000,106.19000
0.43000,0.62000,-0.93000,1.25000,2.14000,0.46000,1.52000,60.93000,106.19000
0.43000,0.61000,-0.94000,1.37000,2.07000,-0.07000,0.96000,43.10000,91.80000
0.44000,0.61000,-0.95000,1.10000,1.78000,1.15000,1.97000,43.10000,91.80000
0.44000,0.61000,-0.97000,0.62000,1.45000,1.17000,1.95000,56.00000,104.86000
0.44000,0.61000,-0.98000,0.64000,1.41000,1.21000,1.92000,56.00000,104.86000
0.44000,0.61000,-0.99000,1.06000,1.62000,1.24000,1.89000,64.32000,110.48000
0.44000,0.60000,-1.00000,1.47000,1.93000,1.26000,1.86000,64.32000,110.48000
0.44000,0.60000,-1.00000,1.79000,2.16000,1.28000,1.84000,56.03000,104.92000
0.45000,0.59000,-1.01000,1.91000,2.14000,1.29000,1.83000,56.03000,104.92000
0.45000,0.59000,-1.01000,1.74000,1.99000,1.29000,1.83000,48.52000,101.08000
0.45000,0.59000,-1.02000,1.25000,1.89000,1.30000,1.83000,48.52000,101.08000
0.45000,0.59000,-1.04000,0.83000,1.74000,1.33000,1.80000,55.29000,102.48000
0.45000,0.58000,-1.05000,0.95000,1.68000,1.39000,1.75000,55.29000,102.48000
0.46000,0.58000,-1.06000,1.18000,1.64000,1.58000,1.86000,63.93000,105.98000
0.46000,0.58000,-1.07000,1.31000,1.74000,1.99000,2.21000,63.93000,105.98000
0.46000,0.57000,-1.07000,1.66000,1.89000,2.62000,2.65000,77.94000,118.02000
0.46000,0.57000,-1.07000,2.32000,2.14000,2.81000,2.83000,77.94000,118.02000
0.46000,0.56000,-1.06000,2.80000,2.37000,2.44000,2.52000,67.98000,115.55000
0.47000,0.56000,-1.06000,2.82000,2.39000,1.63000,1.90000,67.98000,115.55000
0.47000,0.55000,-1.05000,2.72000,2.37000,1.39000,1.75000,45.46000,102.63000
0.47000,0.55000,-1.05000,2.28000,2.16000,1.34000,1.79000,45.46000,102.63000
0.47000,0.55000,-1.06000,1.45000,1.91000,1.31000,1.82000,43.68000,103.19000
0.48000,0.54000,-1.07000,1.00000,1.83000,1.31000,1.81000,43.68000,103.19000
0.48000,0.54000,-1.09000,0.75000,1.85000,1.35000,1.78000,57.70000,105.57000
0.48000,0.54000,-1.11000,0.79000,1.89000,1.44000,1.76000,57.70000,105.57000
0.48000,0.54000,-1.13000,1.08000,1.93000,2.24000,2.42000,76.39000,113.99000
0.48000,0.53000,-1.13000,1.87000,2.05000,2.04000,1.09000,76.39000,113.99000
0.48000,0.53000,-1.12000,2.72000,2.18000,2.05000,1.07000,66.05000,94.46000
0.49000,0.52000,-1.10000,2.91000,1.97000,2.05000,1.08000,66.05000,94.46000
0.49000,0.52000,-1.08000,2.84000,1.66000,2.03000,1.10000,51.25000,90.16000
0.49000,0.51000,-1.06000,2.49000,1.47000,2.00000,1.13000,51.25000,90.16000
0.49000,0.51000,-1.05000,1.81000,1.39000,1.97000,1.15000,51.32000,93.26000
0.49000,0.51000,-1.06000,1.16000,1.41000,1.96000,1.16000,51.32000,93.26000
0.50000,0.51000,-1.07000,0.85000,1.45000,1.98000,1.15000,68.25000,92.15000
0.50000,0.50000,-1.08000,1.04000,1.43000,2.01000,1.12000,68.25000,92.15000
0.50000,0.50000,-1.08000,1.25000,1.39000,2.03000,1.10000,75.78000,89.50000
0.50000,0.50000,-1.07000,1.70000,1.33000,2.04000,1.08000,75.78000,89.50000
0.50000,0.49000,-1.05000,2.35000,1.20000,2.04000,1.09000,71.92000,88.88000
0.50000,0.49000,-1.03000,2.53000,1.14000,2.01000,1.11000,71.92000,88.88000
0.51000,0.49000,-1.00000,2.51000,0.98000,1.97000,1.15000,60.48000,91.23000
0.51000,0.48000,-0.97000,2.41000,1.02000,1.92000,1.21000,60.48000,91.23000
0.51000,0.48000,-0.95000,2.28000,1.06000,1.86000,1.27000,57.24000,94.92000
0.51000,0.48000,-0.94000,2.08000,1.29000,1.79000,1.33000,57.24000,94.92000
0.51000,0.47000,-0.93000,1.99000,1.41000,1.76000,1.38000,57.45000,93.98000
0.52000,0.47000,-0.92000,1.95000,1.37000,1.77000,1.44000,57.45000,93.98000
0.52000,0.47000,-0.91000,1.87000,1.41000,1.96000,1.70000,60.45000,98.16000
0.52000,0.47000,-0.91000,1.60000,1.49000,2.38000,2.18000,60.45000,98.16000
0.52000,0.46000,-0.91000,1.31000,1.58000,2.41000,2.22000,72.57000,106.08000
0.52000,0.46000,-0.92000,1.25000,1.54000,1.98000,1.73000,72.57000,106.08000
0.53000,0.46000,-0.92000,1.29000,1.45000,1.78000,1.47000,73.29000,98.56000
0.53000,0.46000,-0.92000,1.54000,1.51000,1.75000,1.40000,73.29000,98.56000
0.53000,0.45000,-0.92000,1.81000,1.56000,1.76000,1.38000,71.76000,97.18000
0.53000,0.45000,-0.91000,1.99000,1.60000,1.75000,1.39000,71.76000,97.18000
0.54000,0.45000,-0.90000,2.10000,1.49000,1.75000,1.40000,66.21000,95.46000
0.54000,0.44000,-0.88000,2.26000,1.47000,1.79000,1.49000,66.21000,95.46000
0.54000,0.44000,-0.86000,2.47000,1.41000,2.16000,1.93000,66.80000,104.04000
0.54000,0.44000,-0.84000,2.53000,1.18000,3.03000,3.02000,66.80000,104.04000
0.55000,0.43000,-0.81000,2.57000,1.18000,1.20000,1.93000,47.72000,111.11000
0.55000,0.43000,-0.80000,2.24000,1.35000,1.13000,2.00000,47.72000,111.11000
0.55000,0.43000,-0.79000,1.74000,1.49000,1.09000,2.03000,42.47000,114.69000
0.55000,0.43000,-0.80000,1.18000,1.62000,1.07000,2.05000,42.47000,114.69000
0.56000,0.42000,-0.82000,0.77000,1.58000,1.08000,2.04000,51.31000,114.87000
0.56000,0.42000,-0.83000,0.79000,1.68000,1.10000,2.02000,51.31000,114.87000
0.56000,0.42000,-0.85000,0.91000,1.99000,1.13000,2.00000,57.33000,115.80000
0.56000,0.42000,-0.87000,1.12000,1.95000,1.16000,1.96000,57.33000,115.80000
0.56000,0.41000,-0.88000,1.45000,2.16000,1.19000,1.93000,55.37000,112.65000
0.57000,0.41000,-0.89000,1.58000,2.24000,1.22000,1.91000,55.37000,112.65000
0.57000,0.41000,-0.90000,1.49000,2.16000,1.24000,1.88000,49.71000,107.47000
0.57000,0.40000,-0.92000,1.41000,2.10000,1.27000,1.86000,49.71000,107.47000
0.57000,0.40000,-0.93000,1.25000,2.03000,1.30000,1.82000,51.01000,106.63000
0.58000,0.40000,-0.95000,1.10000,1.99000,1.34000,1.79000,51.01000,106.63000
0.58000,0.40000,-0.96000,1.08000,2.03000,1.41000,1.75000,56.67000,105.50000
0.58000,0.39000,-0.98000,1.31000,1.99000,2.00000,2.22000,56.67000,105.50000
0.58000,0.39000,-0.99000,1.49000,2.01000,2.91000,2.93000,77.94000,121.70000
0.59000,0.39000,-0.99000,2.03000,2.24000,3.19000,3.20000,77.94000,121.70000
0.59000,0.38000,-0.98000,2.78000,2.47000,3.25000,3.25000,81.71000,128.41000
0.59000,0.37000,-0.97000,3.40000,2.68000,3.13000,3.14000,81.71000,128.41000
0.60000,0.37000,-0.96000,3.59000,2.86000,2.24000,2.42000,53.36000,115.48000
0.60000,0.36000,-0.95000,3.22000,2.68000,1.43000,1.76000,53.36000,115.48000
0.60000,0.36000,-0.94000,2.53000,2.39000,1.34000,1.78000,35.68000,104.38000
0.61000,0.36000,-0.95000,1.62000,2.16000,1.31000,1.82000,35.68000,104.38000
0.61000,0.35000,-0.98000,0.58000,2.01000,1.32000,1.81000,48.03000,107.14000
0.61000,0.35000,-1.01000,0.12000,1.99000,1.42000,1.76000,48.03000,107.14000
0.61000,0.35000,-1.05000,0.04000,2.01000,3.11000,3.12000,95.55000,127.24000
0.61000,0.35000,-1.07000,1.20000,2.32000,2.54000,2.50000,95.55000,127.24000
0.62000,0.34000,-1.06000,2.63000,2.24000,1.75000,1.39000,76.95000,103.03000
0.62000,0.34000,-1.04000,2.84000,1.62000,1.94000,1.19000,76.95000,103.03000
0.62000,0.33000,-1.01000,2.82000,1.37000,1.89000,1.24000,57.64000,105.79000
0.62000,0.33000,-0.99000,2.32000,1.20000,1.81000,1.31000,57.64000,105.79000
0.62000,0.33000,-0.98000,1.78000,1.27000,1.76000,1.38000,57.70000,111.91000
0.63000,0.32000,-0.98000,1.58000,1.39000,1.78000,1.47000,57.70000,111.91000
0.63000,0.32000,-0.98000,1.35000,1.41000,1.82000,1.53000,66.50000,112.37000
0.63000,0.32000,-0.98000,1.51000,1.49000,1.79000,1.48000,66.50000,112.37000
0.63000,0.32000,-0.97000,1.87000,1.39000,1.78000,1.46000,68.23000,110.66000
0.63000,0.31000,-0.96000,2.24000,1.39000,1.97000,1.72000,68.23000,110.66000
0.64000,0.31000,-0.94000,2.41000,1.41000,2.88000,2.86000,75.44000,132.96000
0.64000,0.30000,-0.92000,2.66000,1.70000,3.28000,3.28000,75.44000,132.96000
0.64000,0.30000,-0.91000,2.74000,1.99000,2.92000,2.94000,73.72000,138.34000
0.65000,0.30000,-0.91000,2.41000,2.18000,1.78000,2.03000,73.72000,138.34000
0.65000,0.29000,-0.91000,2.12000,2.26000,1.52000,1.81000,57.92000,121.66000
0.65000,0.29000,-0.91000,1.70000,2.03000,1.53000,1.82000,57.92000,121.66000
0.65000,0.29000,-0.93000,1.16000,1.91000,1.69000,1.95000,65.76000,123.71000
0.66000,0.28000,-0.94000,1.04000,1.89000,2.69000,2.72000,65.76000,123.71000
0.66000,0.28000,-0.95000,1.29000,1.89000,3.23000,3.24000,98.79000,144.68000
0.66000,0.28000,-0.95000,2.36000,2.16000,3.26000,3.25000,98.79000,144.68000
0.66000,0.27000,-0.93000,3.61000,2.35000,3.28000,3.28000,92.79000,149.40000
0.67000,0.26000,-0.90000,4.23000,2.53000,2.61000,2.65000,92.79000,149.40000
0.67000,0.26000,-0.86000,4.53000,2.53000,1.34000,1.78000,41.21000,128.03000
0.68000,0.25000,-0.84000,3.74000,2.39000,1.20000,1.93000,41.21000,128.03000
0.68000,0.25000,-0.84000,2.18000,2.18000,1.10000,2.03000,27.62000,129.42000
0.68000,0.25000,-0.86000,0.89000,2.14000,1.05000,2.07000,27.62000,129.42000
0.69000,0.25000,-0.90000,0.04000,2.18000,1.34000,1.78000,58.11000,127.31000
0.69000,0.24000,-0.93000,0.25000,2.16000,2.79000,2.82000,58.11000,127.31000
0.69000,0.24000,-0.96000,0.75000,2.10000,3.01000,2.99000,95.44000,143.02000
0.69000,0.24000,-0.96000,2.05000,2.24000,1.77000,1.46000,95.44000,143.02000
0.70000,0.23000,-0.94000,3.36000,2.45000,1.75000,1.40000,66.11000,122.89000
0.70000,0.23000,-0.92000,3.47000,2.26000,2.04000,1.79000,66.11000,122.89000
0.70000,0.22000,-0.90000,3.07000,2.01000,3.14000,3.13000,63.95000,143.52000
0.71000,0.22000,-0.89000,2.86000,2.24000,3.21000,3.21000,63.95000,143.52000
0.71000,0.21000,-0.89000,2.59000,2.51000,2.78000,2.80000,65.55000,144.09000
0.71000,0.21000,-0.90000,2.43000,2.95000,2.59000,2.63000,65.55000,144.09000
0.72000,0.20000,-0.91000,2.49000,3.32000,3.02000,3.04000,75.29000,140.40000
0.72000,0.20000,-0.93000,2.76000,3.42000,3.28000,3.28000,75.29000,140.40000
0.73000,0.19000,-0.93000,2.89000,3.32000,3.12000,3.12000,75.39000,134.97000
0.73000,0.19000,-0.94000,2.82000,3.24000,2.72000,2.69000,75.39000,134.97000
0.73000,0.18000,-0.95000,2.68000,3.11000,2.05000,1.81000,60.54000,116.29000
0.74000,0.18000,-0.96000,2.28000,2.91000,1.76000,1.42000,60.54000,116.29000
0.74000,0.17000,-0.97000,1.76000,2.55000,1.79000,1.33000,60.11000,105.58000
0.74000,0.17000,-0.99000,1.54000,2.16000,1.86000,1.26000,60.11000,105.58000
0.74000,0.17000,-0.99000,1.41000,1.76000,1.92000,1.20000,70.32000,105.39000
0.75000,0.16000,-0.99000,1.62000,1.70000,1.96000,1.16000,70.32000,105.39000
0.75000,0.16000,-0.99000,1.83000,1.60000,2.00000,1.12000,72.64000,105.31000
0.75000,0.16000,-0.98000,2.22000,1.56000,2.10000,1.02000,72.64000,105.31000
0.75000,0.15000,-0.96000,2.53000,1.58000,2.10000,1.03000,67.31000,102.62000
0.76000,0.15000,-0.94000,2.64000,1.56000,2.08000,1.04000,67.31000,102.62000
0.76000,0.14000,-0.92000,2.70000,1.56000,2.07000,1.06000,59.88000,99.88000
0.76000,0.14000,-0.90000,2.43000,1.49000,2.05000,1.08000,59.88000,99.88000
0.76000,0.14000,-0.90000,1.76000,1.49000,2.03000,1.10000,59.02000,98.42000
0.77000,0.14000,-0.90000,1.20000,1.39000,2.03000,1.10000,59.02000,98.42000
0.77000,0.13000,-0.92000,0.54000,1.39000,2.04000,1.08000,75.21000,97.34000
0.77000,0.13000,-0.93000,0.50000,1.35000,2.07000,1.05000,75.21000,97.34000
0.77000,0.13000,-0.94000,1.08000,1.29000,2.10000,1.02000,91.70000,95.26000
0.77000,0.13000,-0.92000,1.91000,1.27000,2.11000,1.01000,91.70000,95.26000
0.77000,0.12000,-0.90000,2.80000,1.20000,2.11000,1.02000,80.28000,94.44000
0.78000,0.12000,-0.86000,3.05000,1.16000,2.09000,1.04000,80.28000,94.44000
0.78000,0.12000,-0.83000,3.15000,1.16000,2.05000,1.07000,63.52000,95.31000
0.78000,0.11000,-0.80000,2.86000,1.20000,2.01000,1.12000,63.52000,95.31000
0.79000,0.11000,-0.77000,2.59000,1.27000,1.96000,1.16000,58.98000,95.47000
0.79000,0.11000,-0.76000,2.22000,1.35000,1.93000,1.20000,58.98000,95.47000
0.79000,0.11000,-0.74000,2.08000,1.25000,1.90000,1.22000,62.34000,93.98000
0.80000,0.10000,-0.72000,2.22000,1.20000,1.88000,1.25000,62.34000,93.98000
0.80000,0.10000,-0.71000,2.10000,1.16000,1.84000,1.28000,59.50000,96.28000
0.80000,0.10000,-0.69000,1.91000,1.25000,1.81000,1.32000,59.50000,96.28000
0.80000,0.10000,-0.68000,1.95000,1.29000,1.78000,1.34000,61.04000,97.02000
0.81000,0.09000,-0.67000,2.07000,1.33000,1.76000,1.37000,61.04000,97.02000
0.81000,0.09000,-0.66000,2.03000,1.37000,1.76000,1.42000,57.39000,97.50000
0.81000,0.09000,-0.64000,1.99000,1.29000,1.83000,1.54000,57.39000,97.50000
0.82000,0.09000,-0.63000,1.91000,1.35000,1.81000,1.52000,57.55000,100.15000
0.82000,0.08000,-0.63000,1.85000,1.45000,2.22000,2.00000,57.55000,100.15000
0.82000,0.08000,-0.62000,1.78000,1.43000,2.63000,2.59000,70.92000,115.16000
0.82000,0.08000,-0.61000,2.01000,1.72000,2.95000,2.93000,70.92000,115.16000
0.83000,0.08000,-0.61000,2.37000,1.93000,3.11000,3.10000,80.38000,125.63000
0.83000,0.07000,-0.60000,2.78000,2.20000,3.25000,3.25000,80.38000,125.63000
0.84000,0.07000,-0.58000,3.34000,2.41000,3.24000,3.24000,77.38000,128.88000
0.84000,0.07000,-0.56000,3.67000,2.53000,2.52000,2.57000,77.38000,128.88000
0.85000,0.06000,-0.54000,3.57000,2.66000,1.39000,1.75000,39.02000,107.81000
0.85000,0.06000,-0.54000,2.53000,2.41000,1.30000,1.82000,39.02000,107.81000
0.86000,0.06000,-0.56000,1.08000,2.08000,1.28000,1.85000,40.71000,106.40000
0.86000,0.06000,-0.59000,0.08000,1.97000,1.32000,1.80000,40.71000,106.40000
0.86000,0.06000,-0.63000,0.00000,1.95000,1.74000,2.00000,76.94000,111.83000
0.86000,0.05000,-0.65000,0.54000,1.97000,3.28000,3.27000,76.94000,111.83000
0.87000,0.05000,-0.66000,1.39000,1.99000,2.20000,1.98000,86.93000,111.71000
0.87000,0.05000,-0.66000,2.26000,2.05000,1.76000,1.43000,86.93000,111.71000
0.88000,0.05000,-0.64000,2.93000,2.05000,1.76000,1.41000,64.36000,102.02000
0.88000,0.04000,-0.63000,2.84000,1.93000,1.87000,1.59000,64.36000,102.02000
0.88000,0.04000,-0.62000,2.41000,1.78000,2.44000,2.28000,62.86000,113.07000
0.89000,0.04000,-0.61000,2.18000,1.97000,2.13000,1.00000,62.86000,113.07000
0.89000,0.03000,-0.61000,2.10000,2.14000,2.14000,0.99000,65.86000,95.18000
0.89000,0.03000,-0.61000,2.24000,1.87000,2.15000,0.98000,65.86000,95.18000
0.90000,0.03000,-0.59000,2.45000,1.62000,2.15000,0.97000,64.93000,90.59000
0.90000,0.03000,-0.57000,2.41000,1.39000,2.15000,0.97000,64.93000,90.59000
0.91000,0.02000,-0.56000,2.10000,1.27000,2.15000,0.98000,61.86000,92.43000
0.91000,0.02000,-0.55000,1.64000,1.24000,2.15000,0.98000,61.86000,92.43000
0.91000,0.02000,-0.55000,1.25000,1.27000,2.15000,0.97000,71.87000,92.08000
0.91000,0.02000,-0.55000,1.24000,1.22000,2.16000,0.96000,71.87000,92.08000
0.92000,0.02000,-0.54000,1.58000,1.22000,2.17000,0.96000,81.09000,90.51000
0.92000,0.02000,-0.53000,2.07000,1.20000,2.17000,0.95000,81.09000,90.51000
0.92000,0.01000,-0.50000,2.53000,1.18000,2.17000,0.95000,74.28000,89.12000
0.93000,0.01000,-0.47000,3.01000,1.14000,2.17000,0.95000,74.28000,89.12000
0.93000,0.01000,-0.43000,3.40000,1.06000,2.17000,0.95000,60.82000,88.59000
0.94000,0.01000,-0.39000,3.32000,1.06000,2.16000,0.96000,60.82000,88.59000
0.94000,0.01000,-0.35000,3.01000,1.06000,2.16000,0.96000,50.99000,88.85000
0.94000,0.00000,-0.32000,2.66000,1.06000,2.16000,0.96000,50.99000,88.85000
0.95000,0.00000,-0.30000,2.24000,1.10000,2.17000,0.95000,54.12000,88.15000
0.95000,0.00000,-0.29000,1.91000,1.16000,2.19000,0.93000,54.12000,88.15000
0.95000,0.00000,-0.28000,1.78000,1.14000,2.19000,0.94000,62.71000,85.68000
0.96000,-0.00000,-0.26000,1.99000,1.06000,2.19000,0.94000,62.71000,85.68000
0.96000,-0.00000,-0.24000,2.20000,1.02000,2.19000,0.94000,63.13000,85.90000
0.96000,-0.00000,-0.22000,2.24000,0.95000,2.19000,0.94000,63.13000,85.90000
0.97000,-0.00000,-0.19000,2.28000,0.91000,2.18000,0.94000,60.46000,86.85000
0.97000,-0.00000,-0.16000,2.39000,0.93000,2.17000,0.95000,60.46000,86.85000
0.97000,-0.00000,-0.14000,2.34000,1.00000,2.17000,0.96000,57.72000,87.28000
0.98000,-0.00000,-0.12000,2.28000,1.00000,2.16000,0.96000,57.72000,87.28000
0.98000,-0.00000,-0.09000,2.28000,1.02000,2.16000,0.97000,57.80000,86.68000
0.99000,-0.01000,-0.07000,2.24000,1.00000,2.15000,0.98000,57.80000,86.68000
0.99000,-0.01000,-0.05000,2.12000,1.02000,2.15000,0.98000,57.51000,86.69000
0.99000,-0.01000,-0.03000,2.24000,0.97000,2.14000,0.98000,57.51000,86.69000
1.00000,-0.01000,-0.01000,2.12000,0.98000,2.14000,0.99000,56.81000,87.02000
1.00000,-0.01000,0.01000,1.95000,1.00000,2.13000,0.99000,56.81000,87.02000
1.00000,-0.01000,0.02000,1.74000,1.02000,2.14000,0.99000,60.51000,86.81000
1.01000,-0.01000,0.03000,1.60000,0.95000,2.14000,0.99000,60.51000,86.81000
1.01000,-0.01000,0.04000,1.43000,0.98000,2.15000,0.98000,67.09000,87.24000
1.01000,-0.01000,0.05000,1.29000,1.00000,2.16000,0.97000,67.09000,87.24000
1.01000,-0.01000,0.06000,1.58000,0.93000,2.17000,0.96000,75.33000,86.45000
1.02000,-0.01000,0.08000,2.03000,0.89000,2.18000,0.95000,75.33000,86.45000
1.02000,-0.00000,0.10000,2.26000,0.91000,2.18000,0.95000,69.60000,87.60000
1.02000,-0.00000,0.13000,2.34000,0.95000,2.17000,0.95000,69.60000,87.60000
1.03000,-0.00000,0.16000,2.53000,0.93000,2.16000,0.96000,65.55000,87.24000
1.03000,-0.00000,0.19000,2.61000,1.00000,2.15000,0.98000,65.55000,87.24000
1.04000,-0.00000,0.22000,2.64000,0.98000,2.13000,0.99000,59.97000,87.10000
1.04000,-0.00000,0.25000,2.59000,1.00000,2.11000,1.01000,59.97000,87.10000
1.04000,-0.00000,0.27000,2.47000,0.98000,2.09000,1.03000,56.78000,87.71000
1.05000,0.00000,0.29000,2.01000,1.00000,2.07000,1.06000,56.78000,87.71000
1.05000,0.00000,0.30000,1.45000,1.00000,2.05000,1.07000,61.86000,88.52000
1.05000,0.00000,0.30000,1.08000,0.98000,2.05000,1.08000,61.86000,88.52000
1.05000,0.00000,0.30000,0.91000,1.02000,2.05000,1.07000,76.15000,89.23000
1.06000,0.00000,0.30000,1.27000,1.02000,2.07000,1.06000,76.15000,89.23000
1.06000,0.00000,0.32000,1.76000,1.02000,2.07000,1.05000,79.46000,88.93000
1.06000,0.01000,0.34000,2.30000,1.00000,2.07000,1.06000,79.46000,88.93000
1.07000,0.01000,0.37000,2.72000,0.98000,2.05000,1.08000,68.37000,89.82000
1.07000,0.01000,0.41000,2.91000,1.00000,2.02000,1.11000,68.37000,89.82000
1.07000,0.01000,0.44000,2.99000,1.02000,1.97000,1.15000,56.66000,91.43000
1.08000,0.01000,0.48000,2.84000,1.04000,1.92000,1.21000,56.66000,91.43000
1.08000,0.01000,0.50000,2.51000,1.10000,1.86000,1.27000,50.29000,93.47000
1.09000,0.02000,0.52000,2.20000,1.18000,1.81000,1.32000,50.29000,93.47000
1.09000,0.02000,0.53000,1.87000,1.22000,1.78000,1.35000,52.81000,93.90000
1.09000,0.02000,0.54000,1.64000,1.31000,1.88000,1.25000,52.81000,93.90000
1.09000,0.02000,0.54000,1.47000,1.25000,1.87000,1.26000,60.02000,91.68000
1.10000,0.02000,0.55000,1.64000,1.27000,1.86000,1.26000,60.02000,91.68000
1.10000,0.02000,0.56000,1.89000,1.27000,1.85000,1.28000,61.09000,92.28000
1.10000,0.03000,0.57000,1.99000,1.27000,1.82000,1.30000,61.09000,92.28000
1.11000,0.03000,0.59000,2.10000,1.27000,1.78000,1.34000,56.10000,93.30000
1.11000,0.03000,0.60000,2.14000,1.33000,1.75000,1.40000,56.10000,93.30000
1.11000,0.03000,0.61000,1.87000,1.33000,1.98000,1.73000,55.66000,98.63000
1.11000,0.03000,0.62000,1.76000,1.41000,2.52000,2.45000,55.66000,98.63000
1.12000,0.04000,0.62000,1.81000,1.54000,2.86000,2.84000,73.48000,116.43000
1.12000,0.04000,0.63000,2.20000,1.85000,3.03000,3.02000,73.48000,116.43000
1.13000,0.04000,0.64000,2.55000,2.20000,3.19000,3.18000,78.45000,123.61000
1.13000,0.04000,0.63000,2.10000,2.34000,3.27000,3.27000,78.45000,123.61000
1.13000,0.05000,0.62000,2.03000,2.53000,3.20000,3.20000,86.18000,124.41000
1.14000,0.05000,0.62000,2.53000,2.59000,2.88000,2.86000,86.18000,124.41000
1.14000,0.06000,0.63000,3.28000,2.59000,2.69000,2.65000,78.51000,117.59000
1.15000,0.06000,0.65000,3.57000,2.55000,3.10000,3.09000,78.51000,117.59000
1.15000,0.06000,0.67000,3.36000,2.45000,3.26000,3.27000,72.54000,127.77000
1.16000,0.07000,0.68000,2.95000,2.55000,2.67000,2.70000,72.54000,127.77000
1.16000,0.07000,0.68000,2.82000,2.72000,1.90000,1.23000,59.58000,101.46000
1.17000,0.07000,0.68000,2.53000,2.34000,1.91000,1.22000,59.58000,101.46000
1.17000,0.08000,0.68000,2.12000,1.93000,1.91000,1.21000,59.73000,96.43000
1.18000,0.08000,0.69000,1.87000,1.66000,1.92000,1.21000,59.73000,96.43000
1.18000,0.08000,0.69000,1.89000,1.56000,1.92000,1.21000,66.02000,99.86000
1.18000,0.08000,0.71000,2.18000,1.51000,1.91000,1.22000,66.02000,99.86000
1.18000,0.09000,0.72000,2.30000,1.60000,1.89000,1.24000,61.24000,99.75000
1.19000,0.09000,0.73000,2.34000,1.54000,1.86000,1.26000,61.24000,99.75000
1.19000,0.09000,0.75000,2.24000,1.54000,1.83000,1.29000,56.11000,98.61000
1.19000,0.10000,0.75000,1.66000,1.54000,1.80000,1.32000,56.11000,98.61000
1.20000,0.10000,0.74000,1.00000,1.49000,1.80000,1.32000,62.88000,97.58000
1.20000,0.10000,0.72000,0.54000,1.45000,1.84000,1.28000,62.88000,97.58000
1.20000,0.10000,0.71000,0.50000,1.37000,1.90000,1.23000,82.00000,96.12000
1.20000,0.10000,0.70000,1.12000,1.33000,1.95000,1.18000,82.00000,96.12000
1.20000,0.10000,0.71000,1.89000,1.33000,1.97000,1.15000,82.47000,95.55000
1.21000,0.11000,0.73000,2.47000,1.33000,1.96000,1.16000,82.47000,95.55000
1.21000,0.11000,0.76000,2.76000,1.27000,1.93000,1.19000,66.80000,95.08000
1.21000,0.11000,0.78000,2.64000,1.35000,1.88000,1.24000,66.80000,95.08000
1.22000,0.12000,0.81000,2.62000,1.33000,1.83000,1.29000,59.61000,95.39000
1.22000,0.12000,0.83000,2.59000,1.33000,1.78000,1.34000,59.61000,95.39000
1.22000,0.12000,0.85000,2.39000,1.37000,1.77000,1.46000,54.52000,97.88000
1.23000,0.13000,0.86000,2.12000,1.37000,2.36000,2.16000,54.52000,97.88000
1.23000,0.13000,0.87000,2.03000,1.39000,2.96000,2.95000,74.62000,120.40000
1.23000,0.13000,0.88000,2.41000,1.89000,3.23000,3.22000,74.62000,120.40000
1.23000,0.14000,0.90000,2.86000,2.24000,3.14000,3.13000,77.98000,124.83000
1.24000,0.14000,0.91000,3.34000,2.37000,3.28000,3.28000,77.98000,124.83000
1.24000,0.15000,0.93000,3.55000,2.51000,2.88000,2.90000,64.55000,121.72000
1.25000,0.15000,0.94000,3.28000,2.57000,1.51000,1.81000,64.55000,121.72000
1.25000,0.16000,0.95000,2.99000,2.55000,1.36000,1.77000,39.85000,104.80000
1.25000,0.16000,0.95000,2.32000,2.26000,1.32000,1.81000,39.85000,104.80000
1.26000,0.16000,0.94000,1.45000,1.99000,1.30000,1.82000,41.80000,105.42000
1.26000,0.17000,0.92000,0.85000,1.89000,1.33000,1.80000,41.80000,105.42000
1.26000,0.17000,0.90000,0.56000,1.85000,1.40000,1.75000,59.27000,107.37000
1.26000,0.17000,0.88000,0.87000,1.87000,2.55000,2.59000,59.27000,107.37000
1.26000,0.17000,0.87000,1.29000,1.91000,3.24000,3.25000,89.88000,129.28000
1.27000,0.18000,0.87000,2.37000,2.26000,3.24000,3.24000,89.88000,129.28000
1.27000,0.18000,0.89000,3.63000,2.55000,3.26000,3.26000,81.96000,131.80000
1.28000,0.19000,0.92000,3.92000,2.68000,3.00000,3.01000,81.96000,131.80000
1.28000,0.20000,0.93000,3.69000,2.72000,1.47000,1.78000,37.07000,109.36000
1.28000,0.20000,0.94000,2.57000,2.41000,1.32000,1.80000,37.07000,109.36000
1.29000,0.20000,0.92000,1.04000,2.14000,1.29000,1.84000,39.85000,108.88000
1.29000,0.20000,0.88000,0.10000,2.03000,1.33000,1.79000,39.85000,108.88000
1.29000,0.21000,0.85000,0.02000,1.95000,2.05000,2.27000,80.65000,117.50000
1.29000,0.21000,0.83000,0.93000,2.01000,3.24000,3.24000,80.65000,117.50000
1.29000,0.21000,0.82000,1.93000,2.18000,2.39000,2.19000,84.90000,118.01000
1.30000,0.22000,0.83000,2.57000,2.24000,1.88000,1.61000,84.90000,118.01000
1.30000,0.22000,0.85000,3.15000,2.24000,1.84000,1.56000,60.86000,106.18000
1.31000,0.23000,0.86000,3.15000,2.10000,1.91000,1.21000,60.86000,106.18000
1.31000,0.23000,0.88000,2.68000,1.97000,1.87000,1.26000,48.15000,99.78000
1.31000,0.23000,0.88000,2.14000,1.78000,1.84000,1.29000,48.15000,99.78000
1.31000,0.24000,0.89000,1.72000,1.60000,1.82000,1.30000,55.03000,100.02000
1.32000,0.24000,0.88000,1.47000,1.62000,1.82000,1.30000,55.03000,100.02000
1.32000,0.24000,0.88000,1.20000,1.60000,1.84000,1.28000,63.34000,99.37000
1.32000,0.24000,0.87000,1.14000,1.54000,1.87000,1.26000,63.34000,99.37000
1.32000,0.25000,0.86000,1.20000,1.54000,1.90000,1.23000,71.39000,97.78000
1.32000,0.25000,0.86000,1.20000,1.45000,1.92000,1.20000,71.39000,97.78000
1.33000,0.25000,0.86000,1.35000,1.45000,1.94000,1.18000,75.64000,96.51000
1.33000,0.25000,0.86000,1.70000,1.37000,1.95000,1.17000,75.64000,96.51000
1.33000,0.26000,0.87000,1.95000,1.31000,1.95000,1.18000,72.71000,96.02000
1.33000,0.26000,0.89000,2.03000,1.39000,1.93000,1.19000,72.71000,96.02000
1.34000,0.26000,0.90000,2.32000,1.33000,1.91000,1.21000,68.66000,95.12000
1.34000,0.26000,0.93000,2.57000,1.35000,1.87000,1.25000,68.66000,95.12000
1.34000,0.27000,0.95000,2.66000,1.35000,1.82000,1.31000,58.40000,96.08000
1.34000,0.27000,0.97000,2.41000,1.33000,1.75000,1.39000,58.40000,96.08000
1.35000,0.28000,0.99000,2.28000,1.33000,2.09000,1.85000,60.50000,104.36000
1.35000,0.28000,1.00000,2.32000,1.49000,3.03000,3.02000,60.50000,104.36000
1.35000,0.28000,1.01000,2.24000,1.62000,3.28000,3.28000,77.70000,126.44000
1.35000,0.29000,1.02000,2.61000,2.10000,3.14000,3.14000,77.70000,126.44000
1.36000,0.29000,1.04000,3.15000,2.45000,2.65000,2.68000,69.61000,119.17000
1.36000,0.30000,1.05000,3.15000,2.49000,1.52000,1.82000,69.61000,119.17000
1.36000,0.30000,1.06000,3.07000,2.35000,1.35000,1.78000,42.24000,103.16000
1.37000,0.31000,1.07000,2.53000,2.03000,1.27000,1.85000,42.24000,103.16000
1.37000,0.31000,1.07000,1.66000,1.87000,1.21000,1.92000,38.62000,107.84000
1.37000,0.31000,1.05000,0.93000,1.78000,1.20000,1.92000,38.62000,107.84000
1.37000,0.32000,1.02000,0.39000,1.83000,1.24000,1.89000,55.14000,110.41000
1.37000,0.32000,1.00000,0.58000,1.95000,1.32000,1.81000,55.14000,110.41000
1.37000,0.32000,0.98000,0.95000,2.05000,1.45000,1.77000,65.41000,106.78000
1.38000,0.32000,0.97000,1.45000,1.99000,2.64000,2.68000,65.41000,106.78000
1.38000,0.33000,0.97000,2.03000,1.91000,3.10000,3.11000,82.23000,125.11000
1.38000,0.33000,0.98000,2.74000,2.20000,3.00000,3.01000,82.23000,125.11000
1.38000,0.34000,1.00000,3.36000,2.55000,2.25000,2.43000,60.15000,118.49000
1.39000,0.34000,1.01000,3.30000,2.55000,1.43000,1.76000,60.15000,118.49000
1.39000,0.35000,1.02000,2.84000,2.45000,1.34000,1.79000,35.13000,104.95000
1.39000,0.35000,1.01000,1.91000,2.26000,1.30000,1.82000,35.13000,104.95000
1.40000,0.35000,0.98000,0.46000,2.03000,1.31000,1.81000,43.83000,105.07000
1.40000,0.36000,0.95000,0.02000,1.95000,1.49000,1.79000,43.83000,105.07000
1.40000,0.36000,0.91000,0.02000,1.93000,3.26000,3.26000,97.75000,128.78000
1.40000,0.36000,0.89000,1.24000,2.30000,2.07000,1.83000,97.75000,128.78000
1.40000,0.37000,0.90000,2.70000,2.53000,1.76000,1.37000,76.41000,102.94000
1.41000,0.37000,0.91000,3.18000,2.26000,1.77000,1.36000,76.41000,102.94000
1.41000,0.38000,0.93000,2.97000,1.97000,1.78000,1.47000,50.79000,99.44000
1.41000,0.38000,0.94000,2.37000,1.74000,2.48000,2.36000,50.79000,99.44000
1.42000,0.38000,0.94000,1.58000,1.66000,3.01000,3.00000,73.09000,125.47000
1.42000,0.39000,0.94000,1.74000,2.03000,2.91000,2.89000,73.09000,125.47000
1.42000,0.39000,0.93000,2.24000,2.49000,2.51000,2.43000,78.77000,120.11000
1.43000,0.39000,0.94000,2.80000,2.53000,2.05000,1.80000,78.77000,120.11000
1.43000,0.40000,0.95000,3.26000,2.49000,2.10000,1.86000,61.28000,106.44000
1.43000,0.40000,0.96000,3.03000,2.28000,2.70000,2.67000,61.28000,106.44000
1.44000,0.41000,0.96000,2.16000,2.08000,3.13000,3.12000,69.17000,125.11000
1.44000,0.41000,0.95000,1.68000,2.28000,3.12000,3.11000,69.17000,125.11000
1.44000,0.42000,0.94000,1.60000,2.34000,3.21000,3.22000,91.20000,131.55000
1.44000,0.42000,0.93000,1.99000,2.34000,3.24000,3.24000,91.20000,131.55000
1.45000,0.42000,0.94000,2.80000,2.61000,3.10000,3.09000,94.00000,134.27000
1.45000,0.43000,0.95000,3.49000,2.78000,3.17000,3.16000,94.00000,134.27000
1.46000,0.44000,0.97000,3.84000,2.93000,3.27000,3.27000,80.85000,135.00000
1.46000,0.44000,0.99000,4.05000,3.01000,2.79000,2.81000,80.85000,135.00000
1.46000,0.45000,1.01000,4.03000,2.82000,1.46000,1.78000,44.03000,112.08000
1.47000,0.45000,1.02000,3.28000,2.57000,1.31000,1.81000,44.03000,112.08000
1.47000,0.46000,1.02000,2.12000,2.24000,1.26000,1.87000,36.98000,112.58000
1.47000,0.46000,1.00000,1.18000,2.14000,1.25000,1.88000,36.98000,112.58000
1.47000,0.46000,0.97000,0.52000,2.16000,1.29000,1.83000,56.78000,114.33000
1.48000,0.47000,0.94000,0.56000,2.24000,1.40000,1.75000,56.78000,114.33000
1.48000,0.47000,0.92000,0.91000,2.28000,2.96000,2.98000,91.82000,128.13000
1.48000,0.47000,0.91000,2.07000,2.47000,3.20000,3.20000,91.82000,128.13000
1.48000,0.48000,0.92000,3.40000,2.66000,2.97000,2.95000,83.66000,128.81000
1.49000,0.49000,0.94000,3.69000,2.78000,3.26000,3.26000,83.66000,128.81000
1.49000,0.49000,0.96000,3.78000,2.72000,3.11000,3.12000,66.89000,129.56000
1.50000,0.50000,0.98000,3.74000,2.74000,1.68000,1.94000,66.89000,129.56000
1.50000,0.50000,0.98000,3.13000,2.80000,1.34000,1.78000,36.17000,112.15000
1.50000,0.51000,0.97000,2.10000,2.62000,1.28000,1.85000,36.17000,112.15000
1.51000,0.51000,0.95000,1.10000,2.37000,1.17000,1.95000,43.84000,110.82000
1.51000,0.51000,0.92000,0.68000,2.24000,1.22000,1.90000,43.84000,110.82000
1.51000,0.52000,0.89000,0.42000,2.22000,1.30000,1.82000,61.40000,110.50000
1.51000,0.52000,0.86000,0.75000,2.16000,1.50000,1.80000,61.40000,110.50000
1.51000,0.52000,0.85000,1.31000,2.14000,3.06000,3.07000,90.58000,128.00000
1.52000,0.52000,0.85000,2.28000,2.39000,3.28000,3.28000,90.58000,128.00000
1.52000,0.53000,0.85000,3.07000,2.64000,3.27000,3.27000,84.55000,132.97000
1.53000,0.53000,0.86000,3.26000,2.70000,3.25000,3.26000,84.55000,132.97000
1.53000,0.54000,0.87000,3.38000,2.82000,3.00000,3.01000,71.81000,129.79000
1.54000,0.54000,0.88000,3.07000,2.89000,2.16000,2.36000,71.81000,129.79000
1.54000,0.55000,0.88000,2.76000,2.86000,1.74000,1.99000,54.08000,113.50000
1.54000,0.55000,0.87000,2.39000,2.55000,1.69000,1.95000,54.08000,113.50000
1.55000,0.56000,0.87000,1.97000,2.32000,1.70000,1.96000,55.88000,112.71000
1.55000,0.56000,0.86000,1.64000,2.18000,1.97000,2.20000,55.88000,112.71000
1.55000,0.56000,0.85000,1.52000,2.14000,2.69000,2.72000,77.70000,126.09000
1.56000,0.57000,0.84000,2.03000,2.37000,3.13000,3.14000,77.70000,126.09000
1.56000,0.57000,0.84000,2.43000,2.64000,3.23000,3.24000,86.28000,134.33000
1.56000,0.58000,0.83000,2.59000,2.80000,3.27000,3.27000,86.28000,134.33000
1.57000,0.58000,0.83000,2.76000,2.95000,3.28000,3.28000,85.83000,133.71000
1.57000,0.59000,0.83000,2.78000,2.97000,3.27000,3.26000,85.83000,133.71000
1.58000,0.59000,0.82000,2.88000,2.99000,3.21000,3.20000,86.08000,132.94000
1.58000,0.60000,0.83000,3.30000,2.88000,1.10000,2.03000,86.08000,132.94000
1.59000,0.60000,0.85000,3.80000,2.80000,1.06000,2.06000,48.68000,118.43000
1.59000,0.61000,0.86000,3.36000,2.61000,1.02000,2.10000,48.68000,118.43000
1.59000,0.61000,0.86000,2.41000,2.43000,0.99000,2.14000,33.21000,118.67000
1.60000,0.61000,0.85000,1.47000,2.39000,0.98000,2.15000,33.21000,118.67000
1.60000,0.62000,0.82000,0.58000,2.18000,0.98000,2.15000,47.14000,119.41000
1.60000,0.62000,0.78000,0.21000,2.28000,0.99000,2.13000,47.14000,119.41000
1.60000,0.62000,0.74000,0.35000,2.32000,1.03000,2.10000,63.88000,118.80000
1.61000,0.62000,0.72000,0.91000,2.39000,1.06000,2.06000,63.88000,118.80000
1.61000,0.63000,0.70000,1.54000,2.34000,1.09000,2.03000,59.20000,115.14000
1.61000,0.63000,0.69000,1.70000,2.20000,1.10000,2.03000,59.20000,115.14000
1.62000,0.63000,0.69000,1.85000,2.08000,1.09000,2.03000,48.46000,115.82000
1.62000,0.63000,0.68000,1.64000,2.12000,1.08000,2.05000,48.46000,115.82000
1.62000,0.64000,0.66000,1.20000,2.20000,1.06000,2.06000,45.31000,116.46000
1.62000,0.64000,0.64000,0.87000,2.26000,1.07000,2.06000,45.31000,116.46000
1.63000,0.64000,0.61000,0.66000,2.28000,1.09000,2.04000,53.69000,113.65000
1.63000,0.64000,0.58000,0.68000,2.18000,1.11000,2.01000,53.69000,113.65000
1.63000,0.64000,0.56000,0.81000,2.16000,1.14000,1.99000,58.56000,112.77000
1.64000,0.65000,0.54000,1.12000,2.05000,1.16000,1.97000,58.56000,112.77000
1.64000,0.65000,0.53000,1.43000,2.05000,0.93000,2.19000,51.70000,116.54000
1.64000,0.65000,0.51000,1.29000,2.20000,0.93000,2.19000,51.70000,116.54000
1.65000,0.65000,0.49000,1.16000,2.26000,0.93000,2.19000,48.09000,115.17000
1.65000,0.65000,0.47000,1.06000,2.28000,0.94000,2.19000,48.09000,115.17000
1.65000,0.66000,0.44000,0.91000,2.34000,0.94000,2.19000,49.50000,113.80000
1.66000,0.66000,0.42000,0.81000,2.32000,0.95000,2.18000,49.50000,113.80000
1.66000,0.66000,0.39000,0.85000,2.26000,0.95000,2.17000,52.71000,112.38000
1.66000,0.66000,0.37000,0.98000,2.28000,0.96000,2.16000,52.71000,112.38000
1.67000,0.66000,0.34000,1.02000,2.26000,0.97000,2.16000,51.30000,111.89000
1.67000,0.66000,0.32000,1.08000,2.22000,0.97000,2.15000,51.30000,111.89000
1.67000,0.66000,0.30000,1.16000,2.26000,0.98000,2.15000,49.84000,111.94000
1.68000,0.66000,0.28000,1.12000,2.28000,0.98000,2.15000,49.84000,111.94000
1.68000,0.67000,0.26000,1.00000,2.24000,0.98000,2.14000,48.68000,110.50000
1.68000,0.67000,0.24000,0.95000,2.20000,0.99000,2.14000,48.68000,110.50000
1.69000,0.67000,0.22000,0.93000,2.07000,0.99000,2.14000,50.44000,110.81000
1.69000,0.67000,0.20000,0.89000,2.14000,0.99000,2.14000,50.44000,110.81000
1.69000,0.67000,0.17000,0.93000,2.18000,0.99000,2.13000,51.61000,111.32000
1.70000,0.67000,0.15000,1.02000,2.18000,0.99000,2.14000,51.61000,111.32000
1.70000,0.67000,0.13000,1.04000,2.22000,0.98000,2.14000,50.24000,110.80000
1.70000,0.67000,0.11000,0.91000,2.24000,0.91000,2.20000,50.24000,110.80000
1.71000,0.67000,0.08000,0.87000,2.22000,0.91000,2.20000,50.42000,110.56000
1.71000,0.67000,0.06000,0.87000,2.20000,0.91000,2.21000,50.42000,110.56000
1.71000,0.67000,0.03000,0.66000,2.20000,0.91000,2.21000,51.01000,111.00000
1.72000,0.67000,-0.00000,0.33000,2.16000,0.91000,2.21000,51.01000,111.00000
1.72000,0.67000,-0.03000,0.17000,1.79000,0.91000,2.21000,59.32000,111.70000
1.72000,0.67000,-0.06000,0.00000,1.33000,0.91000,2.21000,59.32000,111.70000
1.72000,0.67000,-0.08000,0.08000,1.27000,0.91000,2.21000,67.77000,124.49000
1.72000,0.67000,-0.09000,0.64000,1.39000,0.91000,2.21000,67.77000,124.49000
1.73000,0.67000,-0.10000,1.16000,1.49000,0.91000,2.21000,63.58000,128.86000
1.73000,0.67000,-0.11000,1.18000,1.66000,0.91000,2.21000,63.58000,128.86000
1.73000,0.67000,-0.12000,0.91000,1.72000,0.91000,2.21000,57.06000,129.73000
1.74000,0.67000,-0.14000,0.73000,1.72000,0.91000,2.21000,57.06000,129.73000
1.74000,0.67000,-0.16000,0.58000,1.72000,0.91000,2.21000,62.26000,132.10000
1.74000,0.67000,-0.18000,0.54000,1.83000,0.91000,2.21000,62.26000,132.10000
1.74000,0.67000,-0.20000,0.73000,1.87000,0.91000,2.21000,66.15000,133.47000
1.75000,0.67000,-0.22000,1.04000,1.87000,0.91000,2.21000,66.15000,133.47000
1.75000,0.67000,-0.23000,1.20000,1.91000,0.91000,2.21000,60.89000,135.15000
1.75000,0.67000,-0.25000,1.08000,1.93000,0.91000,2.21000,60.89000,135.15000
1.76000,0.67000,-0.26000,1.00000,1.97000,0.91000,2.21000,59.47000,136.23000
1.76000,0.66000,-0.28000,1.04000,2.03000,0.91000,2.21000,59.47000,136.23000
1.76000,0.66000,-0.30000,0.91000,2.08000,0.91000,2.20000,59.04000,136.25000
1.77000,0.66000,-0.32000,0.93000,2.07000,0.90000,2.20000,59.04000,136.25000
1.77000,0.66000,-0.34000,1.02000,2.08000,0.91000,2.19000,59.80000,136.47000
1.77000,0.66000,-0.36000,1.04000,2.05000,0.90000,2.18000,59.80000,136.47000
1.78000,0.66000,-0.38000,1.04000,2.05000,0.90000,2.16000,58.01000,136.96000
1.78000,0.66000,-0.39000,1.20000,1.95000,0.89000,2.12000,58.01000,136.96000
1.78000,0.66000,-0.41000,1.31000,2.01000,0.86000,2.04000,54.07000,137.45000
1.79000,0.65000,-0.42000,1.18000,2.03000,0.75000,1.88000,54.07000,137.45000
1.79000,0.65000,-0.44000,1.12000,2.08000,0.50000,1.56000,46.87000,129.46000
1.79000,0.65000,-0.46000,1.00000,1.99000,0.05000,1.07000,46.87000,129.46000
1.80000,0.65000,-0.48000,0.64000,1.93000,-0.29000,0.74000,33.71000,115.03000
1.80000,0.65000,-0.51000,0.10000,1.74000,0.91000,2.18000,33.71000,115.03000
1.80000,0.65000,-0.54000,0.00000,1.62000,0.90000,2.19000,57.33000,132.99000
1.80000,0.65000,-0.57000,0.37000,1.85000,0.90000,2.20000,57.33000,132.99000
1.80000,0.65000,-0.59000,0.68000,1.97000,0.91000,2.20000,58.11000,134.31000
1.81000,0.64000,-0.61000,0.89000,1.99000,0.91000,2.21000,58.11000,134.31000
1.81000,0.64000,-0.63000,1.04000,2.08000,0.91000,2.21000,53.53000,134.33000
1.81000,0.64000,-0.65000,0.81000,2.12000,0.91000,2.21000,53.53000,134.33000
1.81000,0.64000,-0.68000,0.31000,1.99000,0.91000,2.21000,54.87000,133.78000
1.82000,0.64000,-0.72000,0.04000,1.97000,0.91000,2.21000,54.87000,133.78000
1.82000,0.64000,-0.75000,0.00000,2.03000,0.91000,2.21000,67.00000,136.54000
1.82000,0.63000,-0.79000,0.00000,2.10000,0.91000,2.21000,67.00000,136.54000
1.82000,0.63000,-0.83000,0.00000,2.12000,0.91000,2.21000,72.87000,136.12000
1.82000,0.63000,-0.86000,0.50000,2.16000,0.91000,2.21000,72.87000,136.12000
1.82000,0.63000,-0.88000,0.89000,2.16000,0.92000,2.21000,70.94000,135.84000
1.83000,0.62000,-0.90000,1.02000,2.08000,0.92000,2.21000,70.94000,135.84000
1.83000,0.62000,-0.92000,0.95000,2.07000,0.92000,2.21000,65.71000,137.33000
1.83000,0.62000,-0.94000,1.00000,2.16000,0.92000,2.20000,65.71000,137.33000
1.83000,0.62000,-0.97000,0.79000,2.51000,0.92000,2.20000,65.50000,136.80000
1.84000,0.61000,-1.01000,0.66000,2.72000,0.93000,2.20000,65.50000,136.80000
1.84000,0.61000,-1.05000,0.77000,2.80000,0.94000,2.19000,70.30000,128.44000
1.84000,0.61000,-1.08000,0.89000,2.72000,0.95000,2.17000,70.30000,128.44000
1.84000,0.60000,-1.11000,1.00000,2.45000,0.97000,2.16000,68.95000,124.81000
1.84000,0.60000,-1.13000,1.20000,2.45000,0.98000,2.14000,68.95000,124.81000
1.85000,0.60000,-1.15000,1.49000,2.47000,0.99000,2.13000,65.09000,125.13000
1.85000,0.59000,-1.16000,1.56000,2.53000,1.00000,2.13000,65.09000,125.13000
1.85000,0.59000,-1.18000,1.64000,2.61000,1.00000,2.12000,58.71000,121.80000
1.85000,0.58000,-1.20000,1.78000,2.53000,1.01000,2.12000,58.71000,121.80000
1.85000,0.58000,-1.21000,1.72000,2.51000,1.01000,2.12000,52.05000,119.26000
1.85000,0.57000,-1.23000,1.56000,2.49000,1.01000,2.12000,52.05000,119.26000
1.86000,0.57000,-1.25000,1.41000,2.49000,1.01000,2.11000,50.87000,117.35000
1.86000,0.57000,-1.27000,1.33000,2.41000,1.02000,2.11000,50.87000,117.35000
1.86000,0.56000,-1.29000,1.12000,2.41000,1.02000,2.10000,51.19000,116.16000
1.86000,0.56000,-1.31000,1.04000,2.34000,1.03000,2.09000,51.19000,116.16000
1.86000,0.55000,-1.34000,1.04000,2.32000,1.05000,2.08000,54.08000,114.92000
1.86000,0.55000,-1.36000,1.12000,2.34000,1.06000,2.07000,54.08000,114.92000
1.86000,0.55000,-1.38000,1.16000,2.28000,1.07000,2.06000,53.21000,112.98000
1.86000,0.54000,-1.40000,1.16000,2.20000,1.07000,2.05000,53.21000,112.98000
1.86000,0.54000,-1.41000,1.16000,2.12000,1.08000,2.05000,52.38000,113.32000
1.86000,0.54000,-1.43000,1.12000,2.14000,1.07000,2.05000,52.38000,113.32000
1.86000,0.53000,-1.45000,1.00000,2.12000,1.06000,2.06000,52.33000,113.49000
1.86000,0.53000,-1.47000,1.04000,2.10000,2.07000,1.05000,52.33000,113.49000
1.87000,0.53000,-1.49000,1.04000,2.12000,2.10000,1.02000,68.78000,98.13000
1.87000,0.52000,-1.50000,1.37000,1.91000,2.13000,1.00000,68.78000,98.13000
1.87000,0.52000,-1.50000,1.91000,1.60000,2.14000,0.99000,70.76000,93.94000
1.87000,0.51000,-1.48000,2.28000,1.47000,2.14000,0.99000,70.76000,93.94000
1.87000,0.51000,-1.46000,2.53000,1.31000,2.13000,1.00000,61.50000,95.10000
1.87000,0.51000,-1.44000,2.41000,1.31000,2.11000,1.02000,61.50000,95.10000
1.87000,0.50000,-1.42000,2.28000,1.33000,2.09000,1.04000,58.13000,95.34000
1.87000,0.50000,-1.41000,2.20000,1.33000,2.07000,1.06000,58.13000,95.34000
1.87000,0.49000,-1.39000,2.01000,1.35000,2.05000,1.08000,58.72000,93.98000
1.87000,0.49000,-1.38000,1.95000,1.35000,2.03000,1.09000,58.72000,93.98000
1.87000,0.49000,-1.37000,1.97000,1.29000,2.02000,1.11000,61.11000,92.63000
1.87000,0.48000,-1.36000,2.03000,1.31000,2.00000,1.13000,61.11000,92.63000
1.87000,0.48000,-1.35000,2.03000,1.33000,1.98000,1.15000,59.62000,92.42000
1.87000,0.48000,-1.33000,2.07000,1.24000,1.95000,1.17000,59.62000,92.42000
1.87000,0.47000,-1.32000,1.93000,1.22000,1.92000,1.21000,57.81000,93.27000
1.87000,0.47000,-1.31000,1.51000,1.22000,1.89000,1.24000,57.81000,93.27000
1.87000,0.47000,-1.31000,1.16000,1.14000,1.88000,1.25000,64.67000,93.98000
1.88000,0.46000,-1.31000,1.06000,1.14000,1.88000,1.25000,64.67000,93.98000
1.88000,0.46000,-1.32000,0.93000,1.14000,1.89000,1.24000,73.87000,95.20000
1.88000,0.46000,-1.31000,1.29000,1.12000,1.90000,1.22000,73.87000,95.20000
1.88000,0.46000,-1.30000,1.83000,1.12000,1.90000,1.23000,75.58000,95.92000
1.88000,0.45000,-1.28000,2.24000,1.22000,1.87000,1.26000,75.58000,95.92000
1.88000,0.45000,-1.26000,2.41000,1.29000,1.81000,1.31000,63.65000,96.25000
1.88000,0.44000,-1.24000,2.32000,1.22000,1.76000,1.38000,63.65000,96.25000
1.88000,0.44000,-1.23000,2.14000,1.20000,2.17000,1.95000,65.25000,106.34000
1.88000,0.44000,-1.21000,2.18000,1.41000,3.09000,3.08000,65.25000,106.34000
1.88000,0.43000,-1.20000,2.20000,1.62000,3.28000,3.28000,83.13000,127.88000
1.89000,0.43000,-1.19000,2.80000,2.03000,3.12000,3.13000,83.13000,127.88000
1.89000,0.42000,-1.17000,3.30000,2.45000,2.19000,2.39000,64.10000,116.42000
1.89000,0.42000,-1.17000,2.70000,2.45000,1.42000,1.76000,64.10000,116.42000
1.89000,0.41000,-1.18000,1.83000,2.28000,1.37000,1.76000,49.69000,102.87000
1.89000,0.41000,-1.19000,1.08000,1.99000,1.41000,1.76000,49.69000,102.87000
1.90000,0.41000,-1.22000,0.21000,1.58000,2.02000,2.24000,75.68000,112.72000
1.90000,0.41000,-1.24000,0.50000,1.49000,3.26000,3.27000,75.68000,112.72000
1.90000,0.40000,-1.24000,1.16000,1.54000,3.03000,3.02000,105.29000,133.43000
1.90000,0.40000,-1.23000,2.30000,1.87000,2.66000,2.63000,105.29000,133.43000
1.90000,0.39000,-1.21000,3.51000,2.18000,3.02000,3.01000,93.23000,136.79000
1.90000,0.39000,-1.18000,4.17000,2.28000,3.19000,3.20000,93.23000,136.79000
1.91000,0.38000,-1.14000,4.59000,2.45000,1.41000,1.76000,45.41000,118.63000
1.91000,0.37000,-1.11000,3.74000,2.28000,1.25000,1.88000,45.41000,118.63000
1.91000,0.37000,-1.10000,2.45000,2.01000,1.15000,1.97000,31.47000,118.70000
1.91000,0.36000,-1.11000,1.33000,1.91000,1.12000,2.01000,31.47000,118.70000
1.91000,0.36000,-1.14000,0.33000,1.99000,1.12000,2.01000,51.60000,122.96000
1.92000,0.36000,-1.18000,0.21000,1.99000,1.17000,1.95000,51.60000,122.96000
1.92000,0.36000,-1.20000,0.42000,1.91000,1.25000,1.88000,69.08000,120.39000
1.92000,0.35000,-1.22000,1.10000,1.91000,1.32000,1.80000,69.08000,120.39000
1.92000,0.35000,-1.22000,1.83000,2.14000,1.36000,1.77000,63.57000,119.32000
1.92000,0.35000,-1.23000,2.05000,2.24000,1.36000,1.77000,63.57000,119.32000
1.92000,0.34000,-1.23000,2.16000,2.30000,1.35000,1.78000,50.63000,113.65000
1.92000,0.34000,-1.23000,1.99000,2.18000,1.33000,1.80000,50.63000,113.65000
1.93000,0.33000,-1.24000,1.49000,1.93000,1.30000,1.82000,46.69000,112.40000
1.93000,0.33000,-1.25000,1.12000,1.74000,1.18000,1.94000,46.69000,112.40000
1.93000,0.33000,-1.27000,0.87000,1.62000,1.21000,1.92000,54.22000,118.23000
1.93000,0.32000,-1.28000,0.91000,1.70000,1.25000,1.88000,54.22000,118.23000
1.93000,0.32000,-1.29000,0.95000,1.74000,1.29000,1.84000,59.03000,118.68000
1.93000,0.32000,-1.30000,1.27000,1.70000,1.33000,1.79000,59.03000,118.68000
1.93000,0.31000,-1.30000,1.58000,1.72000,1.36000,1.77000,57.10000,118.45000
1.93000,0.31000,-1.31000,1.60000,1.76000,1.37000,1.76000,57.10000,118.45000
1.93000,0.31000,-1.31000,1.58000,1.72000,1.38000,1.76000,53.02000,117.74000
1.93000,0.30000,-1.31000,1.62000,1.70000,1.40000,1.75000,53.02000,117.74000
1.93000,0.30000,-1.32000,1.49000,1.72000,1.40000,1.75000,51.74000,118.60000
1.94000,0.30000,-1.32000,1.27000,1.70000,1.45000,1.77000,51.74000,118.60000
1.94000,0.29000,-1.34000,1.18000,1.85000,1.67000,1.93000,59.67000,121.56000
1.94000,0.29000,-1.35000,1.39000,2.14000,2.64000,2.67000,59.67000,121.56000
1.94000,0.29000,-1.36000,1.56000,2.30000,3.20000,3.20000,83.16000,135.48000
1.94000,0.28000,-1.37000,2.20000,2.51000,3.25000,3.24000,83.16000,135.48000
1.94000,0.27000,-1.36000,2.86000,2.61000,3.14000,3.13000,81.03000,135.22000
1.94000,0.27000,-1.36000,2.93000,2.47000,3.23000,3.22000,81.03000,135.22000
1.94000,0.26000,-1.35000,2.78000,2.26000,3.28000,3.28000,77.86000,141.78000
1.94000,0.26000,-1.33000,2.86000,2.24000,3.13000,3.14000,77.86000,141.78000
1.95000,0.25000,-1.32000,2.86000,2.20000,2.56000,2.61000,70.19000,139.95000
1.95000,0.25000,-1.31000,2.68000,2.24000,1.59000,1.87000,70.19000,139.95000
1.95000,0.24000,-1.31000,2.59000,2.32000,1.41000,1.75000,53.88000,129.37000
1.95000,0.24000,-1.31000,2.34000,2.20000,1.37000,1.76000,53.88000,129.37000
1.95000,0.23000,-1.31000,1.91000,2.18000,1.36000,1.77000,50.45000,127.32000
1.95000,0.23000,-1.32000,1.49000,2.16000,1.37000,1.76000,50.45000,127.32000
1.95000,0.22000,-1.34000,1.16000,2.08000,1.49000,1.79000,59.31000,125.73000
1.95000,0.22000,-1.36000,1.12000,1.99000,2.58000,2.62000,59.31000,125.73000
1.95000,0.22000,-1.37000,1.08000,1.99000,3.22000,3.23000,90.88000,147.55000
1.96000,0.21000,-1.39000,1.60000,2.47000,3.17000,3.16000,90.88000,147.55000
1.96000,0.21000,-1.40000,2.39000,2.78000,2.40000,2.21000,84.05000,132.49000
1.96000,0.20000,-1.40000,2.61000,2.82000,1.91000,1.64000,84.05000,132.49000
1.96000,0.20000,-1.40000,2.66000,2.76000,1.79000,1.49000,64.43000,114.80000
1.96000,0.19000,-1.40000,2.49000,2.51000,1.76000,1.43000,64.43000,114.80000
1.96000,0.19000,-1.40000,2.32000,2.20000,1.76000,1.42000,60.83000,110.40000
1.96000,0.18000,-1.40000,2.12000,2.10000,1.76000,1.43000,60.83000,110.40000
1.96000,0.18000,-1.40000,1.95000,1.72000,1.76000,1.42000,62.05000,110.13000
1.96000,0.17000,-1.38000,2.08000,1.49000,1.78000,1.46000,62.05000,110.13000
1.96000,0.17000,-1.37000,2.10000,1.43000,2.11000,1.87000,65.79000,121.89000
1.96000,0.16000,-1.36000,2.05000,1.56000,2.85000,2.83000,65.79000,121.89000
1.96000,0.16000,-1.35000,2.24000,1.64000,3.17000,3.16000,82.20000,142.55000
1.97000,0.16000,-1.34000,2.76000,1.97000,3.28000,3.28000,82.20000,142.55000
1.97000,0.15000,-1.32000,3.15000,2.28000,2.99000,3.00000,75.62000,143.60000
1.97000,0.14000,-1.31000,3.24000,2.39000,1.75000,2.00000,75.62000,143.60000
1.97000,0.14000,-1.29000,3.30000,2.35000,1.38000,1.76000,45.66000,124.87000
1.97000,0.13000,-1.28000,2.68000,2.10000,1.30000,1.82000,45.66000,124.87000
1.97000,0.13000,-1.28000,1.70000,1.85000,1.26000,1.86000,41.16000,127.04000
1.97000,0.12000,-1.30000,1.00000,1.91000,1.26000,1.86000,41.16000,127.04000
1.97000,0.12000,-1.32000,0.56000,1.95000,1.31000,1.81000,58.58000,127.72000
1.98000,0.12000,-1.35000,0.66000,2.08000,1.42000,1.76000,58.58000,127.72000
1.98000,0.12000,-1.37000,1.00000,2.05000,2.85000,2.87000,88.49000,140.44000
1.98000,0.11000,-1.37000,2.03000,2.26000,3.28000,3.28000,88.49000,140.44000
1.98000,0.10000,-1.36000,3.13000,2.70000,3.26000,3.25000,87.20000,148.18000
1.98000,0.10000,-1.35000,3.59000,2.99000,3.27000,3.27000,87.20000,148.18000
1.98000,0.09000,-1.34000,3.84000,3.11000,3.03000,3.04000,67.81000,140.10000
1.98000,0.08000,-1.33000,3.47000,3.09000,1.97000,2.20000,67.81000,140.10000
1.98000,0.08000,-1.34000,2.64000,3.09000,1.50000,1.80000,43.36000,120.22000
1.99000,0.07000,-1.37000,1.54000,2.82000,1.70000,1.95000,43.36000,120.22000
1.99000,0.07000,-1.41000,0.27000,2.49000,3.12000,3.13000,84.81000,136.44000
1.99000,0.07000,-1.44000,0.71000,2.59000,2.20000,1.98000,84.81000,136.44000
1.99000,0.06000,-1.46000,1.56000,2.76000,1.81000,1.32000,87.09000,114.52000
1.99000,0.05000,-1.46000,2.34000,2.49000,1.89000,1.23000,87.09000,114.52000
1.99000,0.05000,-1.45000,2.99000,2.12000,1.92000,1.20000,70.88000,106.68000
1.99000,0.04000,-1.43000,3.03000,1.91000,1.91000,1.21000,70.88000,106.68000
1.99000,0.04000,-1.41000,2.72000,1.78000,1.89000,1.24000,57.59000,108.19000
1.99000,0.03000,-1.40000,2.20000,1.72000,1.87000,1.25000,57.59000,108.19000
1.99000,0.03000,-1.40000,1.81000,1.76000,1.88000,1.25000,63.04000,107.11000
1.99000,0.03000,-1.40000,1.70000,1.74000,1.91000,1.22000,63.04000,107.11000
1.99000,0.02000,-1.40000,1.78000,1.72000,1.95000,1.18000,69.58000,102.91000
