0.00000,0.00000,0.00000,0.00000,0.00000,0.09000,-0.09000,1.33000,-1.32000
0.00000,0.00000,0.00000,0.00000,0.00000,0.09000,-0.09000,1.33000,-1.32000
0.00000,0.00000,0.00000,0.00000,0.00000,0.09000,-0.09000,1.86000,-1.84000
0.00000,0.00000,0.00000,0.00000,0.00000,0.09000,-0.09000,1.86000,-1.84000
0.00000,0.00000,0.00000,0.00000,0.00000,0.09000,-0.09000,2.39000,-2.37000
0.00000,0.00000,0.00000,0.00000,0.00000,0.09000,-0.09000,2.39000,-2.37000
0.00000,0.00000,0.00000,0.00000,0.00000,0.09000,-0.09000,2.92000,-2.90000
0.00000,0.00000,0.00000,0.00000,0.00000,0.09000,-0.09000,2.92000,-2.90000
0.00000,0.00000,0.00000,0.00000,0.00000,0.09000,-0.09000,3.45000,-3.42000
0.00000,0.00000,0.00000,0.00000,0.00000,0.09000,-0.09000,3.45000,-3.42000
0.00000,0.00000,0.00000,0.00000,0.00000,0.09000,-0.09000,3.99000,-3.95000
0.00000,0.00000,0.00000,0.00000,0.00000,0.09000,-0.09000,3.99000,-3.95000
0.00000,0.00000,0.00000,0.00000,0.00000,0.09000,-0.09000,4.52000,-4.47000
0.00000,0.00000,0.00000,0.00000,0.00000,0.09000,-0.09000,4.52000,-4.47000
0.00000,0.00000,0.00000,0.00000,0.00000,0.09000,-0.09000,5.05000,-5.00000
0.00000,0.00000,0.00000,0.00000,0.00000,0.09000,-0.09000,5.05000,-5.00000
0.00000,0.00000,0.00000,0.00000,0.00000,0.09000,-0.09000,5.58000,-5.53000
0.00000,0.00000,0.00000,0.00000,0.00000,0.09000,-0.09000,5.58000,-5.53000
0.00000,0.00000,0.00000,0.00000,0.00000,0.09000,-0.09000,6.11000,-6.05000
0.00000,0.00000,0.00000,0.00000,0.00000,0.09000,-0.09000,6.11000,-6.05000
0.00000,0.00000,0.00000,0.00000,0.00000,0.09000,-0.09000,6.64000,-6.58000
0.00000,0.00000,0.00000,0.00000,0.00000,0.09000,-0.09000,6.64000,-6.58000
0.00000,0.00000,0.00000,0.00000,0.00000,0.09000,-0.09000,7.18000,-7.11000
0.00000,0.00000,0.00000,0.00000,0.00000,0.09000,-0.09000,7.18000,-7.11000
0.00000,0.00000,0.00000,0.00000,0.00000,0.09000,-0.09000,7.71000,-7.63000
0.00000,0.00000,0.00000,0.00000,0.00000,0.09000,-0.09000,7.71000,-7.63000
0.00000,0.00000,0.00000,0.00000,0.00000,0.09000,-0.09000,8.24000,-8.16000
0.00000,0.00000,0.00000,0.00000,0.00000,0.09000,-0.09000,8.24000,-8.16000
0.00000,0.00000,0.00000,0.00000,0.00000,0.09000,-0.09000,8.77000,-8.69000
0.00000,0.00000,0.00000,0.00000,0.00000,0.09000,-0.09000,8.77000,-8.69000
0.00000,0.00000,0.00000,0.00000,0.00000,0.09000,-0.09000,9.30000,-9.21000
0.00000,0.00000,0.00000,0.00000,0.00000,0.09000,-0.09000,9.30000,-9.21000
0.00000,0.00000,0.00000,0.00000,0.00000,0.09000,-0.09000,9.83000,-9.74000
0.00000,0.00000,0.00000,0.00000,0.00000,0.09000,-0.09000,9.83000,-9.74000
0.00000,0.00000,0.00000,0.00000,0.00000,0.09000,-0.09000,10.36000,-10.26000
0.00000,0.00000,0.00000,0.00000,0.00000,0.09000,-0.09000,10.36000,-10.26000
0.00000,0.00000,0.00000,0.00000,0.00000,0.09000,-0.09000,10.90000,-10.79000
0.00000,0.00000,0.00000,0.00000,0.00000,0.09000,-0.09000,10.90000,-10.79000
0.00000,0.00000,0.00000,0.00000,0.00000,0.09000,-0.09000,11.43000,-11.32000
0.00000,0.00000,0.00000,0.00000,0.00000,0.09000,-0.09000,11.43000,-11.32000
0.00000,0.00000,0.00000,0.00000,0.00000,0.09000,-0.09000,11.96000,-11.84000
0.00000,0.00000,0.00000,0.00000,0.00000,0.09000,-0.09000,11.96000,-11.84000
0.00000,0.00000,0.00000,0.00000,0.00000,0.09000,-0.09000,12.49000,-12.37000
0.00000,0.00000,0.00000,0.00000,0.00000,0.09000,-0.09000,12.49000,-12.37000
0.00000,0.00000,0.00000,0.00000,0.00000,0.09000,-0.09000,13.02000,-12.90000
0.00000,0.00000,0.00000,0.00000,0.00000,0.09000,-0.09000,13.02000,-12.90000
0.00000,0.00000,0.00000,0.00000,0.00000,0.09000,-0.09000,13.55000,-13.42000
0.00000,0.00000,0.00000,0.00000,0.00000,0.09000,-0.09000,13.55000,-13.42000
0.00000,0.00000,0.00000,0.00000,0.00000,0.09000,-0.09000,14.09000,-13.95000
0.00000,0.00000,0.00000,0.00000,0.00000,0.09000,-0.09000,14.09000,-13.95000
0.00000,0.00000,0.00000,0.00000,0.00000,0.09000,-0.09000,14.62000,-14.48000
0.00000,0.00000,0.00000,0.00000,0.00000,0.09000,-0.09000,14.62000,-14.48000
0.00000,0.00000,0.00000,0.00000,0.00000,0.09000,-0.09000,15.15000,-15.00000
0.00000,0.00000,0.00000,0.00000,0.00000,0.09000,-0.09000,15.15000,-15.00000
0.00000,0.00000,0.00000,0.00000,0.00000,0.09000,-0.09000,15.68000,-15.53000
0.00000,0.00000,0.00000,0.00000,0.00000,0.09000,-0.09000,15.68000,-15.53000
0.00000,0.00000,0.00000,0.00000,0.00000,0.09000,-0.09000,16.21000,-16.05000
0.00000,0.00000,0.00000,0.00000,0.00000,0.09000,-0.09000,16.21000,-16.05000
0.00000,0.00000,0.00000,0.00000,0.00000,0.09000,-0.09000,16.74000,-16.58000
0.00000,0.00000,0.00000,0.00000,0.00000,0.09000,-0.09000,16.74000,-16.58000
0.00000,0.00000,0.00000,0.00000,0.00000,0.09000,-0.09000,17.27000,-17.11000
0.00000,0.00000,0.00000,0.00000,0.00000,0.09000,-0.09000,17.27000,-17.11000
0.00000,0.00000,0.00000,0.00000,0.00000,0.09000,-0.09000,17.81000,-17.63000
0.00000,0.00000,0.00000,0.00000,0.00000,0.09000,-0.09000,17.81000,-17.63000
0.00000,0.00000,0.00000,0.00000,0.00000,0.09000,-0.09000,18.34000,-18.16000
0.00000,0.00000,0.00000,0.00000,0.00000,0.09000,-0.09000,18.34000,-18.16000
0.00000,0.00000,0.00000,0.00000,0.00000,0.09000,-0.09000,18.87000,-18.69000
0.00000,0.00000,0.00000,0.00000,0.00000,0.09000,-0.09000,18.87000,-18.69000
0.00000,0.00000,0.00000,0.00000,0.00000,0.09000,-0.09000,19.40000,-19.21000
0.00000,0.00000,0.00000,0.00000,0.00000,0.09000,-0.09000,19.40000,-19.21000
0.00000,0.00000,0.00000,0.00000,0.00000,0.09000,-0.09000,19.93000,-19.74000
0.00000,0.00000,0.00000,0.00000,0.00000,0.09000,-0.09000,19.93000,-19.74000
0.00000,0.00000,0.00000,0.00000,0.00000,0.09000,-0.09000,20.46000,-20.27000
0.00000,0.00000,0.00000,0.00000,0.00000,0.09000,-0.09000,20.46000,-20.27000
0.00000,0.00000,0.00000,0.00000,0.00000,0.09000,-0.09000,21.00000,-20.79000
0.00000,0.00000,0.00000,0.00000,0.00000,0.09000,-0.09000,21.00000,-20.79000
0.00000,0.00000,0.00000,0.00000,0.00000,0.09000,-0.09000,21.53000,-21.32000
0.00000,0.00000,0.00000,0.00000,0.00000,0.09000,-0.09000,21.53000,-21.32000
0.00000,0.00000,0.00000,0.00000,0.00000,0.09000,-0.09000,22.06000,-21.84000
0.00000,0.00000,0.00000,0.00000,0.00000,0.09000,-0.09000,22.06000,-21.84000
0.00000,0.00000,0.00000,0.00000,0.00000,0.09000,-0.09000,22.59000,-22.37000
0.00000,0.00000,0.00000,0.00000,0.00000,0.09000,-0.09000,22.59000,-22.37000
0.00000,0.00000,0.00000,0.00000,0.00000,0.09000,-0.09000,23.12000,-22.90000
0.00000,0.00000,0.00000,0.00000,0.00000,0.09000,-0.09000,23.12000,-22.90000
0.00000,0.00000,0.00000,0.00000,0.00000,0.09000,-0.09000,23.65000,-23.42000
0.00000,0.00000,0.00000,0.00000,0.00000,0.09000,-0.09000,23.65000,-23.42000
0.00000,0.00000,0.00000,0.00000,0.00000,0.09000,-0.09000,24.18000,-23.95000
0.00000,0.00000,0.00000,0.00000,0.00000,0.09000,-0.09000,24.18000,-23.95000
0.00000,0.00000,0.00000,0.00000,0.00000,0.09000,-0.09000,24.72000,-24.48000
0.00000,0.00000,0.00000,0.00000,0.00000,0.09000,-0.09000,24.72000,-24.48000
0.00000,0.00000,0.00000,0.00000,0.00000,0.09000,-0.09000,25.25000,-25.00000
0.00000,0.00000,0.00000,0.00000,0.00000,0.09000,-0.09000,25.25000,-25.00000
0.00000,0.00000,0.00000,0.00000,0.00000,0.09000,-0.09000,25.78000,-25.53000
0.00000,0.00000,0.00000,0.00000,0.00000,0.09000,-0.09000,25.78000,-25.53000
0.00000,0.00000,0.00000,0.00000,0.00000,0.09000,-0.09000,26.31000,-26.06000
0.00000,0.00000,0.00000,0.00000,0.00000,0.09000,-0.09000,26.31000,-26.06000
0.00000,0.00000,0.00000,0.00000,0.00000,0.09000,-0.09000,26.84000,-26.58000
0.00000,0.00000,0.00000,0.00000,0.00000,0.09000,-0.09000,26.84000,-26.58000
0.00000,0.00000,0.00000,0.00000,0.00000,0.09000,-0.09000,27.37000,-27.11000
0.00000,0.00000,0.00000,0.00000,0.00000,0.09000,-0.09000,27.37000,-27.11000
0.00000,0.00000,0.00000,0.00000,0.00000,0.09000,-0.09000,27.90000,-27.63000
0.00000,0.00000,0.00000,0.00000,0.00000,0.09000,-0.09000,27.90000,-27.63000
0.00000,0.00000,0.00000,0.00000,0.00000,0.09000,-0.09000,28.44000,-28.16000
0.00000,0.00000,0.00000,0.00000,0.00000,0.09000,-0.09000,28.44000,-28.16000
0.00000,0.00000,0.00000,0.00000,0.00000,0.09000,-0.09000,28.97000,-28.69000
0.00000,0.00000,0.00000,0.00000,0.00000,0.09000,-0.09000,28.97000,-28.69000
0.00000,0.00000,0.00000,0.00000,0.00000,0.09000,-0.09000,29.50000,-29.21000
0.00000,0.00000,0.00000,0.00000,0.00000,0.09000,-0.09000,29.50000,-29.21000
0.00000,0.00000,0.00000,0.00000,0.00000,0.09000,-0.09000,30.03000,-29.74000
0.00000,0.00000,0.00000,0.00000,0.00000,0.09000,-0.09000,30.03000,-29.74000
0.00000,0.00000,0.00000,0.00000,0.00000,0.09000,-0.09000,30.56000,-30.27000
0.00000,0.00000,0.00000,0.00000,0.00000,0.09000,-0.09000,30.56000,-30.27000
0.00000,0.00000,0.00000,0.00000,0.00000,0.09000,-0.09000,31.09000,-30.79000
0.00000,0.00000,0.00000,0.00000,0.00000,0.09000,-0.09000,31.09000,-30.79000
0.00000,0.00000,0.00000,0.00000,0.00000,0.09000,-0.09000,31.63000,-31.32000
0.00000,0.00000,0.00000,0.00000,0.00000,0.09000,-0.09000,31.63000,-31.32000
0.00000,0.00000,0.00000,0.00000,0.00000,0.09000,-0.09000,32.16000,-31.85000
0.00000,0.00000,0.00000,0.00000,0.00000,0.09000,-0.09000,32.16000,-31.85000
0.00000,0.00000,0.00000,0.00000,0.00000,0.09000,-0.09000,32.69000,-32.37000
0.00000,0.00000,0.00000,0.00000,0.00000,0.09000,-0.09000,32.69000,-32.37000
0.00000,0.00000,0.00000,0.00000,0.00000,0.09000,-0.09000,33.22000,-32.90000
0.00000,0.00000,0.00000,0.00000,0.00000,0.09000,-0.09000,33.22000,-32.90000
0.00000,0.00000,0.00000,0.00000,0.00000,0.09000,-0.09000,33.75000,-33.43000
0.00000,0.00000,0.00000,0.00000,0.00000,0.09000,-0.09000,33.75000,-33.43000
0.00000,0.00000,0.00000,0.00000,0.00000,0.09000,-0.09000,34.28000,-33.95000
0.00000,0.00000,0.00000,0.00000,0.00000,0.09000,-0.09000,34.28000,-33.95000
0.00000,0.00000,0.00000,0.00000,0.00000,0.09000,-0.09000,34.81000,-34.48000
0.00000,0.00000,0.00000,0.00000,0.00000,0.09000,-0.09000,34.81000,-34.48000
0.00000,0.00000,0.00000,0.00000,0.00000,0.09000,-0.09000,35.35000,-35.00000
0.00000,0.00000,0.00000,0.00000,0.00000,0.09000,-0.09000,35.35000,-35.00000
0.00000,0.00000,0.00000,0.00000,0.00000,0.09000,-0.09000,35.88000,-35.53000
0.00000,0.00000,0.00000,0.00000,0.00000,0.09000,-0.09000,35.88000,-35.53000
0.00000,0.00000,0.00000,0.00000,0.00000,0.09000,-0.09000,36.41000,-36.06000
0.00000,0.00000,0.00000,0.00000,0.00000,0.09000,-0.09000,36.41000,-36.06000
0.00000,0.00000,0.00000,0.00000,0.00000,0.09000,-0.09000,36.94000,-36.58000
0.00000,0.00000,0.00000,0.00000,0.00000,0.09000,-0.09000,36.94000,-36.58000
0.00000,0.00000,0.00000,0.00000,0.00000,0.09000,-0.09000,37.47000,-37.11000
0.00000,0.00000,0.00000,0.00000,0.00000,0.09000,-0.09000,37.47000,-37.11000
0.00000,0.00000,0.00000,0.00000,0.00000,0.09000,-0.09000,38.00000,-37.64000
0.00000,0.00000,0.00000,0.00000,0.00000,0.09000,-0.09000,38.00000,-37.64000
0.00000,0.00000,0.00000,0.00000,0.00000,0.09000,-0.09000,38.54000,-38.16000
0.00000,0.00000,0.00000,0.00000,0.00000,0.09000,-0.09000,38.54000,-38.16000
0.00000,0.00000,0.00000,0.00000,0.00000,0.09000,-0.09000,39.07000,-38.69000
0.00000,0.00000,0.00000,0.00000,0.00000,0.09000,-0.09000,39.07000,-38.69000
0.00000,0.00000,0.00000,0.00000,0.00000,0.09000,-0.09000,39.60000,-39.22000
0.00000,0.00000,0.00000,0.00000,0.00000,0.09000,-0.09000,39.60000,-39.22000
0.00000,0.00000,0.00000,0.00000,0.00000,0.09000,-0.09000,40.13000,-39.74000
0.00000,0.00000,0.00000,0.00000,0.00000,0.09000,-0.09000,40.13000,-39.74000
0.00000,0.00000,0.00000,0.00000,0.00000,0.09000,-0.09000,40.66000,-40.27000
0.00000,0.00000,0.00000,0.00000,0.00000,0.09000,-0.09000,40.66000,-40.27000
0.00000,0.00000,0.00000,0.00000,0.00000,0.09000,-0.09000,41.19000,-40.79000
0.00000,0.00000,0.00000,0.00000,0.00000,0.09000,-0.09000,41.19000,-40.79000
0.00000,0.00000,0.00000,0.00000,0.00000,0.09000,-0.09000,41.72000,-41.32000
0.00000,0.00000,0.00000,0.00000,0.00000,0.09000,-0.09000,41.72000,-41.32000
0.00000,0.00000,0.00000,0.00000,0.00000,0.09000,-0.09000,42.26000,-41.85000
0.00000,0.00000,0.00000,0.00000,0.00000,0.09000,-0.09000,42.26000,-41.85000
0.00000,0.00000,0.00000,0.00000,0.00000,0.09000,-0.09000,42.79000,-42.37000
0.00000,0.00000,0.00000,0.00000,0.00000,0.09000,-0.09000,42.79000,-42.37000
0.00000,0.00000,0.00000,0.00000,0.00000,0.09000,-0.09000,43.32000,-42.90000
0.00000,0.00000,0.00000,0.00000,0.00000,0.09000,-0.09000,43.32000,-42.90000
0.00000,0.00000,0.00000,0.00000,0.00000,0.09000,-0.09000,43.85000,-43.43000
0.00000,0.00000,0.00000,0.00000,0.00000,0.09000,-0.09000,43.85000,-43.43000
0.00000,0.00000,0.00000,0.00000,0.00000,0.09000,-0.09000,44.38000,-43.95000
0.00000,0.00000,0.00000,0.00000,0.00000,0.09000,-0.09000,44.38000,-43.95000
0.00000,0.00000,0.00000,0.00000,0.00000,0.09000,-0.09000,44.91000,-44.48000
0.00000,0.00000,0.00000,0.00000,0.00000,0.09000,-0.09000,44.91000,-44.48000
0.00000,0.00000,0.00000,0.00000,0.00000,0.09000,-0.09000,45.45000,-45.01000
0.00000,0.00000,0.00000,0.00000,0.00000,0.09000,-0.09000,45.45000,-45.01000
0.00000,0.00000,0.00000,0.00000,0.00000,0.09000,-0.09000,45.98000,-45.53000
0.00000,0.00000,0.00000,0.00000,0.00000,0.09000,-0.09000,45.98000,-45.53000
0.00000,0.00000,0.00000,0.00000,0.00000,0.09000,-0.09000,46.51000,-46.06000
0.00000,0.00000,0.00000,0.00000,0.00000,0.09000,-0.09000,46.51000,-46.06000
0.00000,0.00000,0.00000,0.00000,0.00000,0.09000,-0.09000,47.04000,-46.58000
0.00000,0.00000,0.00000,0.00000,0.00000,0.09000,-0.09000,47.04000,-46.58000
0.00000,0.00000,0.00000,0.00000,0.00000,0.09000,-0.09000,47.57000,-47.11000
0.00000,0.00000,0.00000,0.02000,0.00000,0.09000,-0.09000,47.57000,-47.11000
0.00000,0.00000,0.00000,0.00000,0.00000,0.09000,-0.09000,47.80000,-47.64000
0.00000,0.00000,0.00000,0.00000,0.00000,0.09000,-0.09000,47.80000,-47.64000
0.00000,0.00000,0.00000,0.00000,0.00000,0.09000,-0.09000,48.52000,-48.17000
0.00000,0.00000,0.00000,0.00000,0.00000,0.09000,-0.09000,48.52000,-48.17000
0.00000,0.00000,0.00000,0.00000,0.00000,0.09000,-0.09000,49.05000,-48.70000
0.00000,0.00000,0.00000,0.00000,0.00000,0.09000,-0.09000,49.05000,-48.70000
0.00000,0.00000,0.00000,0.00000,0.00000,0.09000,-0.09000,49.58000,-49.23000
0.00000,0.00000,0.00000,0.00000,0.00000,0.09000,-0.09000,49.58000,-49.23000
0.00000,0.00000,0.00000,0.00000,0.00000,0.09000,-0.09000,50.11000,-49.75000
0.00000,0.00000,0.00000,0.00000,0.00000,0.09000,-0.09000,50.11000,-49.75000
0.00000,0.00000,0.00000,0.00000,0.00000,0.09000,-0.09000,50.65000,-50.28000
0.00000,0.00000,0.00000,0.00000,0.00000,0.09000,-0.09000,50.65000,-50.28000
0.00000,0.00000,0.00000,0.00000,0.00000,0.09000,-0.09000,51.18000,-50.81000
0.00000,0.00000,0.00000,0.00000,0.00000,0.09000,-0.09000,51.18000,-50.81000
0.00000,0.00000,0.00000,0.00000,0.00000,0.09000,-0.09000,51.71000,-51.34000
0.00000,0.00000,0.00000,0.00000,0.00000,0.09000,-0.09000,51.71000,-51.34000
0.00000,0.00000,0.00000,0.17000,0.00000,0.09000,-0.09000,52.25000,-51.87000
0.00000,0.00000,0.01000,0.33000,0.00000,0.09000,-0.09000,52.25000,-51.87000
0.00000,0.00000,0.02000,0.37000,0.00000,0.10000,-0.09000,47.90000,-52.49000
0.00000,0.00000,0.02000,0.29000,0.00000,0.10000,-0.10000,47.90000,-52.49000
0.00000,0.00000,0.03000,0.25000,0.00000,0.10000,-0.10000,47.23000,-53.19000
0.00000,0.00000,0.03000,0.08000,0.00000,0.11000,-0.11000,47.23000,-53.19000
0.00000,0.00000,0.03000,0.00000,0.00000,0.11000,-0.11000,49.30000,-53.88000
0.00000,0.00000,0.03000,0.00000,0.00000,0.11000,-0.11000,49.30000,-53.88000
0.00000,0.00000,0.03000,0.00000,0.00000,0.11000,-0.11000,50.70000,-54.53000
0.00000,0.00000,0.03000,0.00000,0.00000,0.11000,-0.11000,50.70000,-54.53000
0.00000,0.00000,0.03000,0.00000,0.00000,0.11000,-0.11000,51.36000,-55.18000
0.00000,0.00000,0.03000,0.00000,0.00000,0.11000,-0.11000,51.36000,-55.18000
0.00000,0.00000,0.03000,0.12000,0.00000,0.11000,-0.11000,52.01000,-55.82000
0.00000,0.00000,0.03000,0.25000,0.00000,0.11000,-0.11000,52.01000,-55.82000
0.00000,0.00000,0.04000,0.33000,0.00000,0.11000,-0.11000,49.01000,-56.55000
0.00000,0.00000,0.05000,0.33000,0.00000,0.12000,-0.12000,49.01000,-56.55000
0.00000,0.00000,0.05000,0.12000,0.00000,0.12000,-0.12000,47.10000,-57.37000
0.00000,0.00000,0.05000,0.08000,0.00000,0.13000,-0.12000,47.10000,-57.37000
0.00000,0.00000,0.05000,0.17000,0.00000,0.13000,-0.13000,49.63000,-58.15000
0.00000,0.00000,0.05000,0.08000,0.00000,0.13000,-0.13000,49.63000,-58.15000
0.00000,0.00000,0.05000,0.00000,0.00000,0.13000,-0.13000,49.95000,-58.95000
0.00000,0.00000,0.05000,0.00000,0.00000,0.13000,-0.13000,49.95000,-58.95000
0.00000,0.00000,0.05000,0.00000,0.00000,0.13000,-0.13000,51.48000,-59.73000
0.00000,0.00000,0.06000,0.04000,0.00000,0.13000,-0.13000,51.48000,-59.73000
0.00000,0.00000,0.06000,0.23000,0.00000,0.13000,-0.13000,51.65000,-60.51000
0.00000,0.00000,0.06000,0.29000,0.00000,0.13000,-0.13000,51.65000,-60.51000
0.00000,0.00000,0.07000,0.27000,0.00000,0.14000,-0.14000,48.56000,-61.40000
0.00000,0.00000,0.07000,0.17000,0.00000,0.14000,-0.14000,48.56000,-61.40000
0.00000,0.00000,0.07000,0.00000,0.00000,0.15000,-0.14000,49.62000,-62.32000
0.00000,0.00000,0.07000,0.00000,0.00000,0.15000,-0.14000,49.62000,-62.32000
0.00000,0.00000,0.07000,0.00000,0.00000,0.15000,-0.14000,51.99000,-63.18000
0.00000,0.00000,0.07000,0.00000,0.00000,0.15000,-0.14000,51.99000,-63.18000
0.00000,0.00000,0.07000,0.00000,0.00000,0.15000,-0.14000,52.86000,-64.05000
0.00000,0.00000,0.07000,0.00000,0.00000,0.15000,-0.14000,52.86000,-64.05000
0.00000,0.00000,0.07000,0.00000,0.00000,0.15000,-0.14000,53.73000,-64.91000
0.00000,0.00000,0.07000,0.00000,0.00000,0.15000,-0.14000,53.73000,-64.91000
0.00000,0.00000,0.07000,0.00000,0.00000,0.15000,-0.14000,54.61000,-65.77000
0.00000,0.00000,0.07000,0.00000,0.00000,0.15000,-0.14000,54.61000,-65.77000
0.00000,0.00000,0.07000,0.00000,0.00000,0.15000,-0.14000,55.48000,-66.63000
0.00000,0.00000,0.07000,0.08000,0.00000,0.15000,-0.14000,55.48000,-66.63000
0.00000,0.00000,0.08000,0.25000,0.00000,0.15000,-0.14000,55.12000,-67.51000
0.01000,0.00000,0.08000,0.21000,0.00000,0.15000,-0.15000,55.12000,-67.51000
0.01000,0.00000,0.09000,0.37000,0.00000,0.15000,-0.15000,53.74000,-68.48000
0.01000,0.00000,0.10000,0.44000,0.00000,0.16000,-0.16000,53.74000,-68.48000
0.01000,0.00000,0.10000,0.35000,0.00000,0.17000,-0.16000,50.18000,-69.58000
0.01000,0.00000,0.11000,0.27000,0.00000,0.17000,-0.17000,50.18000,-69.58000
0.01000,0.00000,0.11000,0.02000,0.00000,0.18000,-0.17000,51.21000,-70.71000
0.01000,0.00000,0.11000,0.08000,0.00000,0.18000,-0.17000,51.21000,-70.71000
0.01000,0.00000,0.11000,0.08000,0.00000,0.18000,-0.18000,53.48000,-71.78000
0.01000,0.00000,0.11000,0.00000,0.00000,0.18000,-0.18000,53.48000,-71.78000
0.01000,0.00000,0.11000,0.00000,0.00000,0.18000,-0.18000,55.32000,-72.86000
0.01000,0.00000,0.11000,0.00000,0.00000,0.18000,-0.18000,55.32000,-72.86000
0.01000,0.00000,0.11000,0.00000,0.00000,0.18000,-0.18000,56.39000,-73.92000
0.01000,0.00000,0.11000,0.00000,0.00000,0.18000,-0.18000,56.39000,-73.92000
0.01000,0.00000,0.11000,0.00000,0.00000,0.18000,-0.18000,57.47000,-74.98000
0.01000,0.00000,0.11000,0.00000,0.00000,0.18000,-0.18000,57.47000,-74.98000
0.01000,0.00000,0.11000,0.17000,0.00000,0.18000,-0.18000,58.55000,-76.04000
0.01000,0.00000,0.12000,0.33000,0.00000,0.18000,-0.18000,58.55000,-76.04000
0.01000,0.00000,0.12000,0.17000,0.00000,0.19000,-0.18000,54.77000,-77.22000
0.01000,0.00000,0.12000,0.04000,0.00000,0.19000,-0.19000,54.77000,-77.22000
0.01000,0.00000,0.12000,0.04000,0.00000,0.19000,-0.19000,58.32000,-78.38000
0.01000,0.00000,0.13000,0.08000,0.00000,0.19000,-0.19000,58.32000,-78.38000
0.01000,0.00000,0.13000,0.00000,0.00000,0.19000,-0.19000,58.62000,-79.54000
0.01000,0.00000,0.13000,0.00000,0.00000,0.19000,-0.19000,58.62000,-79.54000
0.01000,0.00000,0.13000,0.00000,0.00000,0.19000,-0.19000,60.53000,-80.69000
0.01000,0.00000,0.13000,0.00000,0.00000,0.19000,-0.19000,60.53000,-80.69000
0.01000,0.00000,0.13000,0.00000,0.00000,0.19000,-0.19000,61.69000,-81.83000
0.01000,0.00000,0.13000,0.00000,0.00000,0.19000,-0.19000,61.69000,-81.83000
0.01000,0.00000,0.13000,0.00000,0.00000,0.19000,-0.19000,62.85000,-82.97000
0.01000,0.00000,0.13000,0.00000,0.00000,0.19000,-0.19000,62.85000,-82.97000
0.01000,0.00000,0.13000,0.00000,0.00000,0.19000,-0.19000,64.02000,-84.11000
0.01000,0.00000,0.13000,0.00000,0.00000,0.19000,-0.19000,64.02000,-84.11000
0.01000,0.00000,0.13000,0.00000,0.00000,0.19000,-0.19000,65.18000,-85.26000
0.01000,0.00000,0.13000,0.04000,0.00000,0.19000,-0.19000,65.18000,-85.26000
0.01000,0.00000,0.14000,0.48000,0.00000,0.19000,-0.19000,65.73000,-86.41000
0.01000,0.00000,0.15000,0.79000,0.00000,0.20000,-0.20000,65.73000,-86.41000
0.01000,0.00000,0.17000,0.85000,0.00000,0.22000,-0.21000,55.76000,-87.87000
0.01000,0.00000,0.18000,0.66000,0.00000,0.23000,-0.23000,55.76000,-87.87000
0.01000,0.00000,0.19000,0.56000,0.00000,0.24000,-0.24000,54.59000,-89.53000
0.01000,0.00000,0.19000,0.35000,0.00000,0.25000,-0.25000,54.59000,-89.53000
0.01000,0.00000,0.20000,0.21000,0.00000,0.26000,-0.25000,56.99000,-91.20000
0.01000,0.00000,0.20000,0.29000,0.00000,0.26000,-0.26000,56.99000,-91.20000
0.01000,0.00000,0.21000,0.25000,0.00000,0.27000,-0.26000,57.50000,-92.86000
0.01000,0.00000,0.21000,0.15000,0.00000,0.27000,-0.27000,57.50000,-92.86000
0.01000,0.00000,0.21000,0.23000,0.00000,0.28000,-0.27000,59.66000,-94.54000
0.01000,0.00000,0.22000,0.37000,0.00000,0.28000,-0.27000,59.66000,-94.54000
0.01000,0.00000,0.23000,0.42000,0.00000,0.29000,-0.28000,57.19000,-96.32000
0.01000,0.00000,0.24000,0.37000,0.00000,0.30000,-0.29000,57.19000,-96.32000
0.01000,0.00000,0.24000,0.44000,0.00000,0.30000,-0.29000,56.90000,-98.20000
0.02000,0.00000,0.25000,0.44000,0.00000,0.31000,-0.30000,56.90000,-98.20000
0.02000,0.00000,0.26000,0.33000,0.00000,0.32000,-0.31000,55.78000,-100.19000
0.02000,0.00000,0.26000,0.31000,0.00000,0.33000,-0.31000,55.78000,-100.19000
0.02000,0.00000,0.27000,0.42000,0.00000,0.33000,-0.32000,57.13000,-102.22000
0.02000,0.00000,0.28000,0.44000,0.00000,0.34000,-0.33000,57.13000,-102.22000
0.02000,0.00000,0.29000,0.42000,0.00000,0.35000,-0.33000,55.62000,-104.35000
0.02000,0.00000,0.30000,0.56000,0.00000,0.35000,-0.34000,55.62000,-104.35000
0.02000,0.00000,0.31000,0.56000,0.00000,0.36000,-0.35000,53.48000,-106.59000
0.02000,0.00000,0.31000,0.44000,0.00000,0.38000,-0.36000,53.48000,-106.59000
0.02000,0.00000,0.32000,0.35000,0.00000,0.38000,-0.37000,54.45000,-108.93000
0.02000,0.00000,0.33000,0.50000,0.00000,0.39000,-0.37000,54.45000,-108.93000
0.02000,0.00000,0.34000,0.46000,0.00000,0.40000,-0.38000,53.42000,-111.31000
0.02000,0.00000,0.34000,0.35000,0.00000,0.41000,-0.38000,53.42000,-111.31000
0.02000,0.00000,0.35000,0.42000,0.00000,0.41000,-0.39000,55.21000,-113.75000
0.02000,0.00000,0.36000,0.46000,0.00000,0.42000,-0.39000,55.21000,-113.75000
0.02000,0.00000,0.37000,0.39000,0.00000,0.43000,-0.40000,54.23000,-116.25000
0.02000,0.00000,0.37000,0.39000,0.00000,0.43000,-0.41000,54.23000,-116.25000
0.02000,0.00000,0.38000,0.50000,0.00000,0.44000,-0.41000,55.18000,-118.79000
0.02000,0.00000,0.39000,0.44000,0.00000,0.45000,-0.42000,55.18000,-118.79000
0.02000,0.00000,0.40000,0.37000,0.00000,0.45000,-0.42000,55.06000,-121.40000
0.02000,0.00000,0.41000,0.46000,0.00000,0.46000,-0.42000,55.06000,-121.40000
0.03000,0.01000,0.41000,0.50000,0.00000,0.47000,-0.43000,55.05000,-124.04000
0.03000,0.01000,0.42000,0.42000,0.00000,0.48000,-0.43000,55.05000,-124.04000
0.03000,0.01000,0.43000,0.37000,0.00000,0.48000,-0.43000,55.95000,-126.71000
0.03000,0.01000,0.44000,0.50000,0.00000,0.49000,-0.44000,55.95000,-126.71000
0.03000,0.01000,0.45000,0.42000,0.00000,0.49000,-0.44000,55.29000,-129.40000
0.03000,0.01000,0.45000,0.37000,0.00000,0.50000,-0.44000,55.29000,-129.40000
0.03000,0.01000,0.46000,0.39000,0.00000,0.51000,-0.44000,57.30000,-132.10000
0.03000,0.01000,0.47000,0.48000,0.00000,0.51000,-0.45000,57.30000,-132.10000
0.03000,0.01000,0.48000,0.42000,0.00000,0.52000,-0.45000,56.72000,-134.81000
0.03000,0.01000,0.48000,0.39000,0.00000,0.52000,-0.45000,56.72000,-134.81000
0.03000,0.01000,0.49000,0.48000,0.00000,0.53000,-0.45000,58.37000,-137.51000
0.03000,0.01000,0.50000,0.46000,0.00000,0.53000,-0.45000,58.37000,-137.51000
0.03000,0.01000,0.51000,0.39000,0.00000,0.54000,-0.45000,58.42000,-140.21000
0.03000,0.01000,0.52000,0.48000,0.00000,0.55000,-0.45000,58.42000,-140.21000
0.03000,0.01000,0.53000,0.54000,0.00000,0.55000,-0.45000,58.80000,-142.88000
0.03000,0.01000,0.53000,0.42000,0.00000,0.56000,-0.45000,58.80000,-142.88000
0.03000,0.01000,0.55000,0.52000,-0.58000,0.57000,-0.44000,60.38000,-145.51000
0.03000,0.01000,0.60000,0.73000,-1.87000,0.59000,-0.43000,60.38000,-145.51000
0.03000,0.01000,0.66000,0.79000,-2.34000,0.68000,-0.35000,58.40000,-118.82000
0.03000,0.01000,0.71000,0.79000,-2.03000,0.89000,-0.14000,58.40000,-118.82000
0.03000,0.01000,0.75000,0.85000,-1.66000,1.20000,0.18000,64.87000,-99.23000
0.03000,0.01000,0.79000,1.10000,-1.24000,1.53000,0.48000,64.87000,-99.23000
0.03000,0.01000,0.83000,1.22000,-0.89000,1.77000,0.66000,71.22000,-90.51000
0.03000,0.01000,0.87000,1.47000,-0.35000,1.91000,0.77000,71.22000,-90.51000
0.03000,0.01000,0.90000,1.87000,-0.02000,1.99000,0.82000,72.91000,-90.04000
0.03000,0.01000,0.94000,2.20000,-0.02000,2.04000,0.86000,72.91000,-90.04000
0.03000,0.01000,0.98000,2.28000,-0.08000,2.09000,0.88000,66.67000,-87.10000
0.03000,0.01000,1.02000,2.24000,0.00000,2.13000,0.90000,66.67000,-87.10000
0.04000,0.02000,1.06000,2.24000,0.00000,2.16000,0.90000,66.40000,-81.70000
0.04000,0.02000,1.10000,2.16000,0.00000,2.18000,0.91000,66.40000,-81.70000
0.04000,0.02000,1.14000,2.12000,0.00000,2.19000,0.90000,67.66000,-76.24000
0.04000,0.02000,1.18000,2.16000,0.00000,2.20000,0.91000,67.66000,-76.24000
0.04000,0.02000,1.22000,2.24000,0.00000,2.21000,0.91000,68.09000,-70.78000
0.04000,0.03000,1.26000,2.24000,0.00000,2.21000,0.91000,68.09000,-70.78000
0.04000,0.03000,1.30000,2.28000,0.00000,2.21000,0.91000,67.20000,-65.31000
0.04000,0.03000,1.35000,2.32000,0.00000,2.21000,0.91000,67.20000,-65.31000
0.04000,0.03000,1.39000,2.26000,0.00000,2.21000,0.91000,65.77000,-59.81000
0.04000,0.04000,1.43000,2.18000,0.00000,2.21000,0.91000,65.77000,-59.81000
0.04000,0.04000,1.46000,2.10000,0.00000,2.21000,0.92000,67.19000,-54.23000
0.04000,0.04000,1.50000,2.05000,0.00000,2.20000,0.93000,67.19000,-54.23000
0.04000,0.04000,1.54000,2.03000,0.00000,2.19000,0.94000,68.95000,-48.45000
0.04000,0.05000,1.58000,2.16000,0.00000,2.17000,0.95000,68.95000,-48.45000
0.04000,0.05000,1.62000,2.22000,0.00000,2.15000,0.98000,67.61000,-42.23000
0.04000,0.05000,1.66000,2.26000,0.00000,2.11000,1.01000,67.61000,-42.23000
0.04000,0.05000,1.70000,2.24000,0.00000,2.07000,1.06000,64.74000,-35.15000
0.04000,0.06000,1.74000,2.24000,0.00000,2.00000,1.13000,64.74000,-35.15000
0.04000,0.06000,1.78000,2.18000,0.00000,1.91000,1.22000,61.53000,-26.42000
0.04000,0.06000,1.82000,2.12000,0.00000,1.79000,1.33000,61.53000,-26.42000
0.04000,0.06000,1.85000,2.01000,0.00000,2.63000,2.59000,72.26000,1.55000
0.04000,0.07000,1.89000,2.24000,0.00000,3.03000,3.05000,72.26000,1.55000
0.04000,0.07000,1.94000,2.53000,0.00000,1.35000,1.78000,54.23000,4.85000
0.04000,0.07000,1.98000,2.20000,0.00000,1.20000,1.92000,54.23000,4.85000
0.04000,0.07000,2.01000,1.62000,0.00000,1.10000,2.02000,45.82000,19.19000
0.04000,0.07000,2.03000,1.04000,0.00000,1.05000,2.08000,45.82000,19.19000
0.04000,0.07000,2.04000,0.58000,0.00000,1.02000,2.10000,55.44000,32.55000
0.04000,0.07000,2.05000,0.54000,0.00000,1.01000,2.12000,55.44000,32.55000
0.04000,0.08000,2.06000,0.69000,0.00000,1.00000,2.13000,62.42000,45.53000
0.04000,0.08000,2.08000,0.93000,0.00000,0.98000,2.14000,62.42000,45.53000
0.04000,0.08000,2.10000,1.22000,0.00000,0.97000,2.16000,58.82000,58.75000
0.03000,0.08000,2.12000,1.35000,0.00000,0.95000,2.17000,58.82000,58.75000
0.03000,0.08000,2.15000,1.45000,0.00000,0.94000,2.19000,52.32000,72.17000
0.03000,0.08000,2.17000,1.35000,0.00000,0.92000,2.20000,52.32000,72.17000
0.03000,0.08000,2.19000,1.14000,0.00000,0.92000,2.21000,49.58000,85.56000
0.03000,0.08000,2.21000,1.02000,0.02000,0.92000,2.21000,49.58000,85.56000
0.03000,0.08000,2.23000,0.85000,0.00000,0.91000,2.21000,51.89000,98.56000
0.03000,0.08000,2.24000,0.66000,0.00000,0.91000,2.21000,51.89000,98.56000
0.03000,0.09000,2.25000,0.66000,0.00000,0.91000,2.21000,56.52000,112.02000
0.03000,0.09000,2.27000,0.81000,0.02000,0.91000,2.21000,56.52000,112.02000
0.03000,0.09000,2.28000,0.85000,0.00000,0.91000,2.21000,55.80000,124.98000
0.03000,0.09000,2.29000,0.87000,0.12000,0.91000,2.21000,55.80000,124.98000
0.03000,0.09000,2.31000,0.83000,0.00000,0.91000,2.21000,55.44000,136.54000
0.03000,0.09000,2.32000,0.69000,0.00000,0.91000,2.21000,55.44000,136.54000
0.03000,0.09000,2.33000,0.48000,0.00000,0.91000,2.21000,58.43000,150.86000
0.03000,0.09000,2.34000,0.54000,0.00000,0.91000,2.20000,58.43000,150.86000
0.03000,0.09000,2.35000,0.58000,0.00000,0.90000,2.20000,61.92000,163.99000
0.03000,0.09000,2.36000,0.54000,0.02000,0.90000,2.19000,61.92000,163.99000
0.03000,0.09000,2.37000,0.58000,0.00000,0.91000,2.19000,64.11000,176.73000
0.02000,0.09000,2.38000,0.71000,0.00000,0.91000,2.18000,64.11000,176.73000
0.02000,0.09000,2.40000,0.75000,0.00000,0.90000,2.17000,63.79000,189.78000
0.02000,0.09000,2.41000,0.62000,0.00000,0.90000,2.16000,63.79000,189.78000
0.02000,0.09000,2.42000,0.66000,0.00000,0.90000,2.14000,66.14000,202.34000
0.02000,0.09000,2.43000,0.64000,0.00000,0.89000,2.12000,66.14000,202.34000
0.02000,0.09000,2.44000,0.62000,0.00000,0.88000,2.10000,67.25000,214.52000
0.02000,0.09000,2.46000,0.66000,0.00000,0.87000,2.07000,67.25000,214.52000
0.02000,0.10000,2.47000,0.69000,0.00000,0.85000,2.03000,67.89000,226.12000
0.02000,0.10000,2.47000,0.66000,0.71000,0.82000,1.98000,67.89000,226.12000
0.02000,0.10000,2.42000,0.75000,3.24000,0.80000,1.94000,68.21000,226.43000
0.01000,0.10000,2.37000,0.95000,4.09000,0.79000,1.93000,68.21000,226.43000
0.01000,0.11000,2.30000,1.04000,4.44000,0.77000,1.90000,64.17000,182.45000
0.00000,0.11000,2.25000,1.04000,4.07000,0.72000,1.84000,64.17000,182.45000
0.00000,0.12000,2.20000,1.04000,3.63000,0.64000,1.74000,59.94000,167.21000
-0.00000,0.12000,2.16000,1.00000,3.32000,0.51000,1.57000,59.94000,167.21000
-0.01000,0.12000,2.12000,0.85000,3.20000,0.31000,1.33000,53.16000,158.25000
-0.01000,0.13000,2.07000,0.64000,3.03000,0.07000,1.09000,53.16000,158.25000
-0.01000,0.13000,2.03000,0.46000,2.82000,-0.11000,0.92000,48.02000,144.50000
-0.01000,0.13000,1.99000,0.29000,2.64000,-0.24000,0.80000,48.02000,144.50000
-0.01000,0.14000,1.94000,0.08000,2.57000,-0.32000,0.71000,45.61000,134.71000
-0.01000,0.14000,1.90000,0.00000,2.37000,-0.37000,0.67000,45.61000,134.71000
-0.01000,0.14000,1.86000,0.02000,2.18000,-0.40000,0.63000,45.10000,125.99000
-0.01000,0.14000,1.83000,0.02000,2.01000,-0.43000,0.60000,45.10000,125.99000
-0.01000,0.14000,1.79000,0.00000,1.91000,-0.44000,0.57000,41.78000,119.95000
-0.02000,0.15000,1.76000,0.02000,1.79000,-0.45000,0.54000,41.78000,119.95000
-0.02000,0.15000,1.73000,0.02000,1.74000,-0.45000,0.52000,38.93000,113.92000
-0.02000,0.15000,1.70000,0.00000,1.60000,-0.44000,0.49000,38.93000,113.92000
-0.02000,0.15000,1.67000,0.00000,1.58000,-0.42000,0.46000,36.81000,108.24000
-0.02000,0.15000,1.65000,0.00000,1.43000,-0.40000,0.43000,36.81000,108.24000
-0.02000,0.15000,1.62000,0.04000,1.41000,-0.37000,0.39000,35.00000,102.89000
-0.02000,0.16000,1.60000,0.00000,1.25000,-0.34000,0.35000,35.00000,102.89000
-0.02000,0.16000,1.58000,0.00000,1.10000,-0.31000,0.32000,33.73000,98.35000
-0.02000,0.16000,1.56000,0.00000,1.02000,-0.28000,0.29000,33.73000,98.35000
-0.02000,0.16000,1.54000,0.00000,1.00000,-0.25000,0.26000,32.73000,95.30000
-0.02000,0.16000,1.53000,0.00000,0.91000,-0.22000,0.23000,32.73000,95.30000
-0.02000,0.16000,1.51000,0.00000,0.87000,-0.20000,0.20000,32.00000,91.48000
-0.02000,0.16000,1.50000,0.00000,0.75000,-0.18000,0.18000,32.00000,91.48000
-0.02000,0.16000,1.49000,0.00000,0.50000,-0.16000,0.16000,31.44000,89.05000
-0.02000,0.16000,1.47000,0.00000,0.71000,-0.14000,0.15000,31.44000,89.05000
-0.02000,0.16000,1.47000,0.00000,0.06000,0.93000,2.19000,46.85000,116.64000
-0.02000,0.16000,1.47000,0.00000,0.00000,0.93000,2.19000,46.85000,116.64000
-0.02000,0.16000,1.47000,0.00000,0.00000,0.93000,2.19000,52.46000,136.13000
-0.02000,0.16000,1.47000,0.02000,0.00000,0.93000,2.19000,52.46000,136.13000
-0.02000,0.16000,1.47000,0.00000,0.02000,0.93000,2.19000,57.74000,149.29000
-0.02000,0.16000,1.47000,0.00000,0.00000,0.93000,2.19000,57.74000,149.29000
-0.02000,0.16000,1.47000,0.00000,0.44000,0.93000,2.19000,63.53000,162.43000
-0.02000,0.17000,1.43000,0.02000,2.16000,0.94000,2.19000,63.53000,162.43000
-0.02000,0.17000,1.38000,0.00000,2.84000,0.95000,2.17000,69.11000,142.90000
-0.01000,0.17000,1.33000,0.08000,2.74000,0.99000,2.14000,69.11000,142.90000
-0.01000,0.18000,1.30000,0.75000,2.49000,1.04000,2.09000,75.07000,133.01000
-0.01000,0.18000,1.28000,1.29000,2.28000,1.08000,2.04000,75.07000,133.01000
-0.01000,0.18000,1.27000,1.66000,2.18000,1.11000,2.02000,63.77000,134.92000
-0.01000,0.19000,1.26000,1.62000,2.14000,1.12000,2.01000,63.77000,134.92000
-0.01000,0.19000,1.25000,1.58000,2.10000,1.13000,2.00000,58.06000,135.19000
-0.01000,0.20000,1.23000,1.37000,2.18000,1.14000,1.98000,58.06000,135.19000
-0.01000,0.20000,1.21000,1.10000,2.24000,1.17000,1.96000,59.40000,133.12000
-0.01000,0.20000,1.19000,1.08000,2.24000,1.21000,1.91000,59.40000,133.12000
-0.00000,0.21000,1.17000,1.10000,2.22000,1.27000,1.86000,64.05000,129.37000
-0.00000,0.21000,1.15000,1.12000,2.18000,1.33000,1.80000,64.05000,129.37000
-0.00000,0.21000,1.14000,1.25000,2.08000,1.41000,1.75000,66.65000,126.44000
0.00000,0.22000,1.13000,1.45000,2.03000,1.84000,2.08000,66.65000,126.44000
0.00000,0.22000,1.12000,1.54000,1.99000,2.69000,2.72000,82.67000,140.61000
0.00000,0.23000,1.11000,1.85000,2.22000,3.07000,3.08000,82.67000,140.61000
0.01000,0.23000,1.11000,2.30000,2.34000,3.22000,3.23000,92.14000,149.50000
0.01000,0.24000,1.12000,2.74000,2.57000,3.23000,3.23000,92.14000,149.50000
0.01000,0.24000,1.12000,2.91000,2.70000,3.16000,3.17000,86.10000,149.38000
0.01000,0.25000,1.12000,2.91000,2.74000,3.03000,3.04000,86.10000,149.38000
0.02000,0.25000,1.13000,2.95000,2.74000,2.84000,2.86000,81.30000,145.84000
0.02000,0.26000,1.13000,2.78000,2.74000,2.47000,2.53000,81.30000,145.84000
0.02000,0.26000,1.13000,2.61000,2.70000,2.17000,2.37000,72.71000,139.20000
0.03000,0.27000,1.12000,2.49000,2.57000,2.10000,2.31000,72.71000,139.20000
0.03000,0.27000,1.12000,2.28000,2.51000,2.02000,2.24000,71.23000,137.56000
0.03000,0.28000,1.11000,2.16000,2.49000,2.16000,2.36000,71.23000,137.56000
0.03000,0.28000,1.11000,2.01000,2.47000,2.53000,2.57000,80.97000,141.76000
0.03000,0.29000,1.10000,2.20000,2.47000,2.91000,2.93000,80.97000,141.76000
0.04000,0.29000,1.10000,2.34000,2.55000,3.03000,3.04000,90.08000,149.61000
0.04000,0.30000,1.09000,2.45000,2.68000,3.09000,3.10000,90.08000,149.61000
0.04000,0.30000,1.09000,2.70000,2.74000,3.14000,3.15000,93.00000,151.54000
0.05000,0.31000,1.09000,2.88000,2.80000,3.09000,3.10000,93.00000,151.54000
0.05000,0.31000,1.10000,3.05000,2.86000,1.78000,1.35000,70.20000,125.46000
0.05000,0.32000,1.10000,2.86000,2.45000,1.78000,1.35000,70.20000,125.46000
0.05000,0.32000,1.11000,2.57000,2.10000,1.76000,1.37000,63.57000,122.45000
0.06000,0.33000,1.12000,2.22000,1.97000,1.76000,1.43000,63.57000,122.45000
0.06000,0.33000,1.12000,1.85000,1.93000,1.79000,1.48000,67.03000,124.77000
0.06000,0.34000,1.11000,1.74000,1.87000,1.76000,1.44000,67.03000,124.77000
0.06000,0.34000,1.11000,1.81000,1.87000,1.75000,1.40000,71.08000,122.21000
0.06000,0.34000,1.11000,1.85000,1.85000,1.75000,1.39000,71.08000,122.21000
0.06000,0.35000,1.11000,1.91000,1.78000,1.76000,1.38000,69.64000,119.37000
0.07000,0.35000,1.12000,1.99000,1.72000,1.76000,1.38000,69.64000,119.37000
0.07000,0.35000,1.12000,2.01000,1.74000,1.75000,1.41000,66.88000,118.87000
0.07000,0.36000,1.13000,1.85000,1.76000,1.77000,1.45000,66.88000,118.87000
0.07000,0.36000,1.13000,1.78000,1.68000,1.77000,1.45000,67.89000,117.03000
0.07000,0.36000,1.13000,1.78000,1.64000,1.78000,1.46000,67.89000,117.03000
0.07000,0.37000,1.13000,1.76000,1.66000,1.79000,1.49000,68.72000,117.61000
0.08000,0.37000,1.13000,1.70000,1.60000,1.80000,1.51000,68.72000,117.61000
0.08000,0.38000,1.14000,1.78000,1.60000,1.82000,1.52000,70.36000,117.84000
0.08000,0.38000,1.14000,1.93000,1.64000,1.87000,1.60000,70.36000,117.84000
0.08000,0.38000,1.15000,1.93000,1.66000,2.05000,1.80000,71.11000,120.98000
0.08000,0.39000,1.15000,2.01000,1.72000,2.30000,2.09000,71.11000,120.98000
0.08000,0.39000,1.16000,2.16000,1.74000,2.56000,2.52000,78.29000,131.43000
0.09000,0.39000,1.17000,2.28000,2.01000,2.95000,2.93000,78.29000,131.43000
0.09000,0.40000,1.17000,2.41000,2.16000,3.10000,3.08000,85.53000,140.35000
0.09000,0.40000,1.18000,2.68000,2.30000,3.19000,3.18000,85.53000,140.35000
0.09000,0.41000,1.18000,2.86000,2.47000,3.27000,3.27000,87.16000,145.22000
0.10000,0.42000,1.19000,2.84000,2.59000,3.26000,3.26000,87.16000,145.22000
0.10000,0.42000,1.19000,2.91000,2.66000,3.18000,3.18000,86.80000,145.35000
0.10000,0.43000,1.20000,2.88000,2.66000,3.01000,3.02000,86.80000,145.35000
0.10000,0.43000,1.20000,2.88000,2.72000,2.70000,2.73000,81.10000,141.22000
0.10000,0.44000,1.20000,2.74000,2.68000,2.16000,2.36000,81.10000,141.22000
0.11000,0.44000,1.21000,2.80000,2.57000,1.76000,2.01000,68.09000,130.57000
0.11000,0.45000,1.21000,2.57000,2.41000,1.44000,1.76000,68.09000,130.57000
0.11000,0.45000,1.21000,2.18000,2.32000,1.36000,1.77000,58.68000,126.94000
0.11000,0.46000,1.20000,1.76000,2.22000,1.03000,2.10000,58.68000,126.94000
0.11000,0.46000,1.19000,1.47000,2.14000,1.03000,2.10000,58.59000,130.83000
0.12000,0.47000,1.17000,1.25000,2.16000,1.04000,2.09000,58.59000,130.83000
0.12000,0.47000,1.15000,1.04000,2.26000,1.06000,2.07000,62.38000,130.56000
0.12000,0.47000,1.12000,1.04000,2.26000,1.09000,2.04000,62.38000,130.56000
0.12000,0.48000,1.10000,1.08000,2.26000,1.13000,2.00000,65.41000,127.46000
0.12000,0.48000,1.08000,1.08000,2.22000,1.17000,1.96000,65.41000,127.46000
0.12000,0.48000,1.06000,1.12000,2.16000,1.22000,1.91000,66.64000,125.18000
0.12000,0.49000,1.05000,1.12000,2.14000,1.26000,1.86000,66.64000,125.18000
0.13000,0.49000,1.03000,1.20000,2.12000,1.32000,1.81000,68.35000,123.01000
0.13000,0.49000,1.01000,1.18000,2.10000,1.37000,1.76000,68.35000,123.01000
0.13000,0.50000,1.00000,1.33000,1.97000,1.64000,1.91000,73.39000,123.12000
0.13000,0.50000,0.99000,1.56000,1.97000,2.52000,2.56000,73.39000,123.12000
0.14000,0.50000,0.99000,1.70000,1.99000,2.95000,2.97000,90.21000,139.75000
0.14000,0.51000,0.99000,2.20000,2.22000,3.12000,3.13000,90.21000,139.75000
0.14000,0.51000,1.00000,2.90000,2.41000,3.12000,3.13000,91.49000,144.45000
0.14000,0.52000,1.01000,3.20000,2.59000,2.67000,2.71000,91.49000,144.45000
0.15000,0.52000,1.02000,3.32000,2.66000,1.67000,1.93000,60.35000,126.39000
0.15000,0.53000,1.03000,2.95000,2.41000,1.38000,1.76000,60.35000,126.39000
0.15000,0.53000,1.03000,2.28000,2.18000,1.33000,1.79000,49.83000,123.08000
0.16000,0.54000,1.02000,1.60000,2.14000,1.31000,1.81000,49.83000,123.08000
0.16000,0.54000,1.00000,0.98000,2.03000,1.34000,1.78000,60.50000,123.33000
0.16000,0.54000,0.98000,0.93000,1.95000,1.45000,1.77000,60.50000,123.33000
0.16000,0.54000,0.97000,1.04000,1.95000,2.49000,2.54000,86.17000,135.36000
0.16000,0.55000,0.96000,1.56000,2.12000,3.21000,3.21000,86.17000,135.36000
0.17000,0.55000,0.96000,2.37000,2.26000,3.28000,3.27000,97.96000,147.42000
0.17000,0.56000,0.97000,2.99000,2.49000,3.28000,3.28000,97.96000,147.42000
0.17000,0.56000,0.98000,3.32000,2.74000,3.19000,3.19000,85.49000,147.57000
0.18000,0.57000,0.98000,3.15000,2.80000,2.73000,2.76000,85.49000,147.57000
0.18000,0.57000,0.99000,2.99000,2.76000,1.95000,2.17000,65.58000,131.82000
0.18000,0.58000,0.99000,2.57000,2.61000,1.53000,1.82000,65.58000,131.82000
0.19000,0.58000,0.98000,2.08000,2.45000,1.45000,1.77000,59.54000,124.76000
0.19000,0.59000,0.97000,1.74000,2.30000,1.47000,1.78000,59.54000,124.76000
0.19000,0.59000,0.96000,1.51000,2.16000,1.64000,1.90000,68.07000,126.40000
0.19000,0.59000,0.95000,1.51000,2.20000,2.13000,2.34000,68.07000,126.40000
0.20000,0.60000,0.94000,1.58000,2.20000,2.84000,2.86000,88.95000,139.96000
0.20000,0.60000,0.93000,2.07000,2.32000,1.21000,1.91000,88.95000,139.96000
0.20000,0.60000,0.93000,2.53000,2.49000,1.22000,1.91000,64.17000,127.71000
0.21000,0.61000,0.93000,2.30000,2.47000,1.21000,1.92000,64.17000,127.71000
0.21000,0.61000,0.92000,1.76000,2.28000,1.21000,1.92000,55.46000,123.19000
0.21000,0.62000,0.91000,1.37000,2.18000,1.23000,1.90000,55.46000,123.19000
0.21000,0.62000,0.88000,1.00000,2.16000,1.26000,1.86000,63.73000,123.38000
0.22000,0.62000,0.86000,0.87000,2.12000,1.33000,1.80000,63.73000,123.38000
0.22000,0.62000,0.84000,1.04000,2.05000,1.46000,1.78000,73.51000,121.13000
0.22000,0.63000,0.83000,1.33000,2.05000,2.59000,2.63000,73.51000,121.13000
0.22000,0.63000,0.82000,1.62000,2.03000,3.17000,3.18000,95.83000,141.03000
0.23000,0.63000,0.82000,2.28000,2.26000,3.27000,3.28000,95.83000,141.03000
0.23000,0.64000,0.83000,2.99000,2.51000,3.27000,3.27000,94.10000,146.11000
0.24000,0.64000,0.84000,3.28000,2.72000,3.12000,3.13000,94.10000,146.11000
0.24000,0.65000,0.85000,3.47000,2.84000,2.58000,2.62000,74.70000,135.51000
0.24000,0.65000,0.86000,3.24000,2.74000,1.59000,1.87000,74.70000,135.51000
0.25000,0.66000,0.86000,2.72000,2.61000,1.39000,1.75000,53.32000,121.63000
0.25000,0.66000,0.86000,1.91000,2.41000,1.37000,1.76000,53.32000,121.63000
0.25000,0.66000,0.84000,1.14000,2.20000,1.41000,1.75000,62.43000,120.70000
0.26000,0.67000,0.82000,0.93000,2.05000,2.17000,2.37000,62.43000,120.70000
0.26000,0.67000,0.80000,0.93000,2.01000,3.22000,3.23000,101.27000,144.18000
0.26000,0.67000,0.79000,1.68000,2.26000,3.09000,3.08000,101.27000,144.18000
0.27000,0.68000,0.79000,2.82000,2.55000,2.51000,2.44000,93.17000,136.26000
0.27000,0.68000,0.80000,3.40000,2.61000,2.73000,2.70000,93.17000,136.26000
0.28000,0.69000,0.82000,3.49000,2.61000,3.20000,3.20000,82.67000,143.42000
0.28000,0.69000,0.83000,3.44000,2.66000,3.22000,3.23000,82.67000,143.42000
0.28000,0.70000,0.84000,3.28000,2.74000,2.61000,2.64000,71.91000,138.00000
0.29000,0.70000,0.85000,2.93000,2.78000,1.61000,1.88000,71.91000,138.00000
0.29000,0.71000,0.84000,2.51000,2.72000,1.43000,1.76000,57.04000,122.81000
0.30000,0.71000,0.84000,2.08000,2.45000,1.41000,1.76000,57.04000,122.81000
0.30000,0.71000,0.82000,1.62000,2.26000,1.42000,1.76000,60.65000,121.62000
0.30000,0.72000,0.81000,1.37000,2.20000,1.53000,1.82000,60.65000,121.62000
0.30000,0.72000,0.79000,1.25000,2.14000,2.14000,2.34000,78.06000,129.97000
0.31000,0.72000,0.78000,1.62000,2.18000,1.16000,1.96000,78.06000,129.97000
0.31000,0.72000,0.78000,1.91000,2.32000,1.18000,1.94000,64.60000,125.15000
0.31000,0.73000,0.76000,1.54000,2.28000,1.19000,1.93000,64.60000,125.15000
0.32000,0.73000,0.75000,1.33000,2.20000,1.22000,1.90000,63.86000,121.56000
0.32000,0.73000,0.73000,1.37000,2.16000,1.26000,1.86000,63.86000,121.56000
0.32000,0.74000,0.72000,1.37000,2.16000,1.30000,1.82000,65.66000,119.91000
0.33000,0.74000,0.71000,1.37000,2.08000,1.35000,1.78000,65.66000,119.91000
0.33000,0.74000,0.70000,1.58000,2.01000,1.41000,1.75000,66.86000,118.15000
0.33000,0.74000,0.69000,1.62000,2.01000,1.52000,1.82000,66.86000,118.15000
0.34000,0.75000,0.68000,1.62000,1.99000,1.81000,2.05000,69.32000,121.60000
0.34000,0.75000,0.68000,1.74000,2.01000,2.32000,2.46000,69.32000,121.60000
0.34000,0.75000,0.68000,1.93000,2.05000,2.70000,2.73000,81.94000,131.98000
0.35000,0.75000,0.67000,2.14000,2.24000,2.80000,2.82000,81.94000,131.98000
0.35000,0.76000,0.68000,2.41000,2.39000,2.87000,2.89000,84.27000,135.22000
0.35000,0.76000,0.68000,2.66000,2.49000,2.80000,2.83000,84.27000,135.22000
0.36000,0.76000,0.68000,2.74000,2.59000,2.53000,2.58000,75.87000,130.71000
0.36000,0.77000,0.68000,2.49000,2.57000,2.13000,2.34000,75.87000,130.71000
0.37000,0.77000,0.68000,2.32000,2.51000,2.15000,2.35000,71.86000,126.62000
0.37000,0.78000,0.67000,2.22000,2.43000,2.37000,2.48000,71.86000,126.62000
0.38000,0.78000,0.66000,1.93000,2.39000,2.61000,2.65000,80.74000,131.87000
0.38000,0.78000,0.66000,1.99000,2.41000,3.01000,3.02000,80.74000,131.87000
0.38000,0.78000,0.65000,2.30000,2.41000,3.20000,3.21000,95.42000,141.93000
0.39000,0.79000,0.65000,2.59000,2.59000,3.23000,3.23000,95.42000,141.93000
0.39000,0.79000,0.66000,3.03000,2.74000,3.22000,3.22000,93.91000,144.19000
0.40000,0.80000,0.67000,3.34000,2.74000,3.08000,3.09000,93.91000,144.19000
0.40000,0.80000,0.68000,3.34000,2.86000,2.29000,2.44000,72.54000,134.08000
0.41000,0.80000,0.68000,2.82000,2.78000,1.53000,1.82000,72.54000,134.08000
0.41000,0.81000,0.67000,2.28000,2.62000,1.43000,1.76000,61.15000,121.46000
0.42000,0.81000,0.67000,1.89000,2.39000,1.45000,1.77000,61.15000,121.46000
0.42000,0.81000,0.65000,1.49000,2.24000,1.57000,1.85000,68.92000,122.64000
0.42000,0.82000,0.64000,1.35000,2.16000,2.25000,2.42000,68.92000,122.64000
0.43000,0.82000,0.63000,1.54000,2.14000,3.05000,3.07000,97.34000,141.05000
0.43000,0.82000,0.63000,2.32000,2.37000,3.26000,3.26000,97.34000,141.05000
0.44000,0.83000,0.63000,3.07000,2.66000,3.26000,3.26000,95.97000,146.28000
0.44000,0.83000,0.64000,3.40000,2.86000,1.15000,1.98000,95.97000,146.28000
0.45000,0.83000,0.65000,3.65000,2.97000,1.12000,2.01000,53.31000,125.41000
0.45000,0.84000,0.66000,2.99000,2.76000,1.08000,2.04000,53.31000,125.41000
0.46000,0.84000,0.65000,1.97000,2.51000,1.07000,2.06000,45.02000,122.58000
0.46000,0.84000,0.63000,1.20000,2.28000,1.07000,2.05000,45.02000,122.58000
0.46000,0.85000,0.60000,0.68000,2.24000,1.10000,2.02000,60.80000,125.02000
0.47000,0.85000,0.57000,0.62000,2.28000,1.15000,1.97000,60.80000,125.02000
0.47000,0.85000,0.54000,0.79000,2.32000,1.22000,1.90000,70.75000,121.63000
0.47000,0.85000,0.53000,1.27000,2.22000,1.30000,1.82000,70.75000,121.63000
0.48000,0.85000,0.52000,1.64000,2.18000,1.36000,1.77000,66.72000,118.30000
0.48000,0.86000,0.51000,1.68000,2.12000,1.40000,1.75000,66.72000,118.30000
0.48000,0.86000,0.50000,1.70000,2.01000,1.49000,1.79000,63.06000,117.53000
0.49000,0.86000,0.50000,1.72000,1.93000,1.64000,1.91000,63.06000,117.53000
0.49000,0.86000,0.49000,1.66000,1.95000,1.79000,2.04000,65.76000,122.01000
0.49000,0.86000,0.49000,1.58000,2.03000,2.12000,2.33000,65.76000,122.01000
0.50000,0.86000,0.48000,1.70000,2.10000,2.78000,2.80000,83.13000,132.57000
0.50000,0.87000,0.47000,2.10000,2.34000,3.07000,3.08000,83.13000,132.57000
0.51000,0.87000,0.47000,2.49000,2.51000,3.18000,3.19000,88.59000,138.28000
0.51000,0.87000,0.48000,2.86000,2.66000,3.18000,3.18000,88.59000,138.28000
0.52000,0.88000,0.49000,3.17000,2.74000,3.05000,3.06000,81.68000,136.84000
0.52000,0.88000,0.49000,3.07000,2.82000,2.56000,2.60000,81.68000,136.84000
0.53000,0.88000,0.49000,2.95000,2.78000,1.95000,2.18000,63.21000,123.52000
0.53000,0.88000,0.49000,2.51000,2.59000,1.62000,1.89000,63.21000,123.52000
0.54000,0.89000,0.48000,1.97000,2.43000,1.57000,1.85000,59.16000,118.17000
0.54000,0.89000,0.47000,1.41000,2.32000,1.88000,2.11000,59.16000,118.17000
0.55000,0.89000,0.45000,1.12000,2.16000,2.99000,3.00000,91.29000,135.03000
0.55000,0.89000,0.44000,1.70000,2.32000,3.27000,3.27000,91.29000,135.03000
0.56000,0.89000,0.44000,2.47000,2.57000,3.04000,3.03000,97.19000,139.49000
0.56000,0.90000,0.44000,2.99000,2.72000,2.89000,2.87000,97.19000,139.49000
0.57000,0.90000,0.45000,3.47000,2.78000,2.99000,2.97000,85.13000,136.97000
0.57000,0.90000,0.47000,3.46000,2.76000,3.23000,3.23000,85.13000,136.97000
0.58000,0.91000,0.47000,3.26000,2.78000,3.25000,3.25000,81.89000,142.07000
0.59000,0.91000,0.48000,3.07000,2.80000,1.14000,1.99000,81.89000,142.07000
0.59000,0.91000,0.48000,2.91000,2.84000,1.12000,2.01000,54.53000,125.78000
0.60000,0.91000,0.47000,2.12000,2.66000,1.10000,2.02000,54.53000,125.78000
0.60000,0.92000,0.45000,1.25000,2.47000,1.11000,2.01000,57.07000,123.22000
0.60000,0.92000,0.42000,0.87000,2.30000,1.15000,1.97000,57.07000,123.22000
0.61000,0.92000,0.39000,0.73000,2.28000,1.21000,1.91000,71.22000,123.17000
0.61000,0.92000,0.37000,0.85000,2.28000,1.29000,1.83000,71.22000,123.17000
0.61000,0.92000,0.35000,1.16000,2.20000,1.38000,1.76000,76.12000,118.77000
0.62000,0.92000,0.34000,1.64000,2.10000,1.87000,2.11000,76.12000,118.77000
0.62000,0.93000,0.34000,2.03000,2.05000,2.57000,2.61000,85.22000,131.16000
0.63000,0.93000,0.34000,2.34000,2.26000,2.54000,2.58000,85.22000,131.16000
0.63000,0.93000,0.35000,2.74000,2.43000,2.28000,2.44000,75.93000,129.23000
0.64000,0.93000,0.35000,2.82000,2.51000,1.73000,1.99000,75.93000,129.23000
0.64000,0.93000,0.35000,2.68000,2.59000,1.47000,1.78000,56.24000,116.70000
0.65000,0.93000,0.35000,2.20000,2.39000,1.42000,1.76000,56.24000,116.70000
0.65000,0.94000,0.34000,1.72000,2.18000,1.44000,1.76000,56.97000,113.92000
0.65000,0.94000,0.33000,1.37000,2.08000,1.61000,1.88000,56.97000,113.92000
0.66000,0.94000,0.31000,1.14000,2.01000,2.52000,2.57000,81.09000,126.87000
0.66000,0.94000,0.30000,1.56000,2.10000,3.20000,3.21000,81.09000,126.87000
0.67000,0.94000,0.30000,2.20000,2.24000,3.28000,3.28000,96.58000,140.21000
0.67000,0.94000,0.31000,2.70000,2.55000,3.27000,3.27000,96.58000,140.21000
0.68000,0.95000,0.31000,3.22000,2.76000,3.28000,3.28000,89.85000,140.52000
0.69000,0.95000,0.33000,3.44000,2.78000,3.19000,3.20000,89.85000,140.52000
0.69000,0.95000,0.34000,3.40000,2.86000,2.65000,2.68000,72.65000,132.48000
0.70000,0.95000,0.34000,3.05000,2.82000,1.65000,1.92000,72.65000,132.48000
0.70000,0.95000,0.34000,2.70000,2.68000,1.44000,1.76000,55.59000,117.47000
0.71000,0.96000,0.34000,2.24000,2.45000,1.39000,1.75000,55.59000,117.47000
0.71000,0.96000,0.33000,1.58000,2.22000,1.38000,1.76000,57.22000,116.62000
0.72000,0.96000,0.31000,1.27000,2.12000,1.44000,1.77000,57.22000,116.62000
0.72000,0.96000,0.30000,1.18000,2.01000,1.91000,2.14000,74.59000,123.19000
0.72000,0.96000,0.28000,1.43000,2.12000,2.90000,2.92000,74.59000,123.19000
0.73000,0.96000,0.27000,1.76000,2.22000,3.22000,3.23000,95.64000,139.61000
0.73000,0.96000,0.27000,2.34000,2.43000,3.28000,3.28000,95.64000,139.61000
0.74000,0.97000,0.28000,2.97000,2.66000,1.22000,1.91000,62.68000,121.81000
0.74000,0.97000,0.28000,2.49000,2.53000,1.20000,1.93000,62.68000,121.81000
0.75000,0.97000,0.27000,1.89000,2.34000,1.19000,1.94000,53.27000,117.57000
0.75000,0.97000,0.26000,1.35000,2.16000,1.20000,1.92000,53.27000,117.57000
0.76000,0.97000,0.23000,0.91000,2.12000,1.24000,1.89000,63.33000,118.88000
0.76000,0.97000,0.21000,0.83000,2.08000,1.30000,1.82000,63.33000,118.88000
0.76000,0.97000,0.19000,1.00000,1.99000,1.38000,1.76000,72.57000,116.54000
0.77000,0.97000,0.18000,1.37000,1.87000,1.79000,2.04000,72.57000,116.54000
0.77000,0.97000,0.18000,1.66000,1.83000,2.54000,2.58000,85.21000,130.15000
0.77000,0.97000,0.18000,2.03000,1.99000,2.72000,2.75000,85.21000,130.15000
0.78000,0.97000,0.19000,2.47000,2.20000,2.62000,2.66000,83.48000,133.69000
0.79000,0.98000,0.19000,2.72000,2.37000,2.06000,2.28000,83.48000,133.69000
0.79000,0.98000,0.20000,2.74000,2.51000,1.59000,1.87000,61.21000,120.19000
0.80000,0.98000,0.20000,2.35000,2.30000,1.44000,1.77000,61.21000,120.19000
0.80000,0.98000,0.19000,1.76000,2.16000,1.41000,1.76000,57.43000,116.47000
0.80000,0.98000,0.17000,1.22000,2.10000,1.50000,1.80000,57.43000,116.47000
0.81000,0.98000,0.15000,0.81000,2.01000,2.51000,2.56000,85.14000,128.35000
0.81000,0.98000,0.14000,1.33000,2.07000,3.28000,3.28000,85.14000,128.35000
0.82000,0.98000,0.14000,2.03000,2.26000,3.12000,3.11000,100.48000,139.78000
0.82000,0.98000,0.14000,2.61000,2.49000,2.96000,2.94000,100.48000,139.78000
0.83000,0.98000,0.15000,3.32000,2.66000,3.01000,3.00000,90.25000,138.01000
0.84000,0.98000,0.17000,3.59000,2.70000,3.26000,3.26000,90.25000,138.01000
0.84000,0.99000,0.18000,3.59000,2.76000,3.11000,3.12000,79.48000,139.77000
0.85000,0.99000,0.19000,3.32000,2.78000,2.02000,2.24000,79.48000,139.77000
0.86000,0.99000,0.20000,3.11000,2.76000,1.45000,1.77000,55.71000,120.80000
0.86000,0.99000,0.20000,2.53000,2.55000,1.36000,1.76000,55.71000,120.80000
0.87000,0.99000,0.19000,1.79000,2.30000,1.35000,1.78000,54.77000,118.31000
0.87000,0.99000,0.17000,1.33000,2.14000,1.36000,1.77000,54.77000,118.31000
0.87000,0.99000,0.16000,1.12000,2.05000,1.44000,1.77000,67.15000,119.69000
0.88000,0.99000,0.14000,1.20000,2.08000,2.08000,2.30000,67.15000,119.69000
0.88000,0.99000,0.13000,1.41000,2.05000,3.04000,3.06000,93.73000,137.75000
0.89000,0.99000,0.13000,2.12000,2.24000,3.26000,3.27000,93.73000,137.75000
0.89000,0.99000,0.13000,2.86000,2.53000,3.28000,3.28000,94.57000,144.47000
0.90000,0.99000,0.14000,3.20000,2.80000,3.20000,3.20000,94.57000,144.47000
0.91000,1.00000,0.15000,3.44000,2.93000,1.14000,1.98000,53.30000,122.88000
0.91000,1.00000,0.15000,2.95000,2.70000,1.11000,2.02000,53.30000,122.88000
0.92000,1.00000,0.14000,2.01000,2.47000,1.09000,2.03000,43.99000,120.27000
0.92000,1.00000,0.13000,1.22000,2.24000,1.10000,2.03000,43.99000,120.27000
0.92000,1.00000,0.10000,0.66000,2.10000,1.13000,2.00000,59.25000,122.58000
0.93000,1.00000,0.07000,0.66000,2.12000,1.18000,1.94000,59.25000,122.58000
0.93000,1.00000,0.05000,0.87000,2.20000,1.25000,1.88000,68.92000,121.17000
0.93000,1.00000,0.03000,1.20000,2.18000,1.32000,1.80000,68.92000,121.17000
0.94000,1.00000,0.02000,1.58000,2.12000,1.39000,1.75000,66.40000,116.97000
0.94000,1.00000,0.02000,1.66000,2.05000,1.49000,1.80000,66.40000,116.97000
0.95000,1.00000,0.01000,1.62000,2.01000,1.73000,1.98000,65.73000,119.69000
0.95000,1.00000,0.00000,1.58000,1.99000,2.20000,2.40000,65.73000,119.69000
0.95000,1.00000,-0.01000,1.58000,2.03000,2.80000,2.82000,83.41000,132.77000
0.96000,1.00000,-0.02000,1.76000,2.22000,3.12000,3.13000,83.41000,132.77000
0.96000,1.00000,-0.02000,2.14000,2.41000,3.26000,3.27000,94.95000,141.01000
0.97000,1.00000,-0.02000,2.72000,2.57000,3.28000,3.28000,94.95000,141.01000
0.98000,1.00000,-0.01000,3.13000,2.76000,3.28000,3.28000,89.87000,142.21000
0.98000,1.00000,-0.00000,3.26000,2.93000,3.20000,3.20000,89.87000,142.21000
0.99000,1.00000,0.00000,3.36000,2.95000,3.00000,3.02000,81.03000,137.24000
1.00000,1.00000,0.01000,3.28000,2.86000,2.47000,2.53000,81.03000,137.24000
1.00000,1.00000,0.02000,3.05000,2.78000,1.68000,1.94000,59.33000,122.58000
1.01000,1.00000,0.01000,2.49000,2.66000,1.45000,1.77000,59.33000,122.58000
1.01000,1.00000,0.00000,1.89000,2.45000,1.44000,1.77000,58.03000,117.53000
1.02000,1.00000,-0.02000,1.31000,2.26000,1.66000,1.92000,58.03000,117.53000
1.02000,1.00000,-0.04000,0.95000,2.18000,2.85000,2.87000,90.57000,134.67000
1.03000,1.00000,-0.05000,1.47000,2.30000,3.27000,3.27000,90.57000,134.67000
1.03000,1.00000,-0.06000,2.26000,2.51000,2.86000,2.84000,97.48000,137.20000
1.04000,1.00000,-0.05000,2.82000,2.70000,2.46000,2.32000,97.48000,137.20000
1.04000,1.00000,-0.04000,3.38000,2.74000,2.39000,2.20000,78.58000,124.86000
1.05000,1.00000,-0.03000,3.51000,2.57000,2.83000,2.81000,78.58000,124.86000
1.06000,1.00000,-0.01000,3.24000,2.47000,3.24000,3.23000,78.42000,139.30000
1.06000,1.00000,-0.01000,3.03000,2.63000,3.23000,3.23000,78.42000,139.30000
1.07000,1.00000,-0.00000,2.91000,2.78000,1.10000,2.02000,51.93000,124.18000
1.08000,1.00000,-0.01000,2.41000,2.70000,1.09000,2.04000,51.93000,124.18000
1.08000,1.00000,-0.03000,1.58000,2.57000,1.09000,2.04000,49.48000,119.76000
1.08000,1.00000,-0.05000,1.00000,2.45000,1.12000,2.01000,49.48000,119.76000
1.09000,1.00000,-0.08000,0.71000,2.26000,1.16000,1.96000,63.88000,118.37000
1.09000,1.00000,-0.10000,0.87000,2.20000,1.23000,1.89000,63.88000,118.37000
1.09000,1.00000,-0.12000,1.12000,2.20000,1.30000,1.82000,68.81000,117.10000
1.10000,1.00000,-0.14000,1.37000,2.10000,1.37000,1.76000,68.81000,117.10000
1.10000,0.99000,-0.14000,1.70000,2.05000,1.48000,1.79000,66.61000,115.88000
1.11000,0.99000,-0.15000,1.70000,2.05000,1.66000,1.92000,66.61000,115.88000
1.11000,0.99000,-0.16000,1.70000,2.05000,2.02000,2.24000,70.36000,121.39000
1.12000,0.99000,-0.16000,1.83000,2.10000,2.57000,2.61000,70.36000,121.39000
1.12000,0.99000,-0.17000,1.99000,2.22000,2.84000,2.86000,82.76000,131.28000
1.13000,0.99000,-0.17000,2.22000,2.43000,3.01000,3.02000,82.76000,131.28000
1.13000,0.99000,-0.17000,2.61000,2.55000,3.11000,3.12000,87.00000,134.79000
1.14000,0.99000,-0.16000,2.97000,2.64000,3.06000,3.07000,87.00000,134.79000
1.14000,0.99000,-0.15000,3.15000,2.70000,2.73000,2.76000,75.38000,130.35000
1.15000,0.99000,-0.15000,3.03000,2.66000,1.88000,2.11000,75.38000,130.35000
1.16000,0.99000,-0.14000,2.86000,2.57000,1.48000,1.79000,54.36000,116.27000
1.16000,0.99000,-0.14000,2.26000,2.32000,1.39000,1.75000,54.36000,116.27000
1.17000,0.99000,-0.16000,1.52000,2.20000,1.38000,1.76000,55.03000,115.54000
1.17000,0.98000,-0.17000,1.00000,2.07000,1.50000,1.80000,55.03000,115.54000
1.17000,0.98000,-0.20000,0.71000,1.99000,2.74000,2.76000,89.06000,130.98000
1.18000,0.98000,-0.22000,1.16000,2.18000,3.27000,3.27000,89.06000,130.98000
1.18000,0.98000,-0.22000,2.08000,2.39000,2.70000,2.66000,96.43000,132.07000
1.19000,0.98000,-0.22000,2.80000,2.49000,2.21000,1.99000,96.43000,132.07000
1.19000,0.98000,-0.20000,3.30000,2.53000,2.42000,2.24000,76.93000,124.00000
1.20000,0.98000,-0.19000,3.15000,2.51000,3.03000,3.01000,76.93000,124.00000
1.20000,0.98000,-0.18000,2.93000,2.41000,3.25000,3.25000,81.82000,137.30000
1.21000,0.98000,-0.18000,2.88000,2.57000,3.26000,3.26000,81.82000,137.30000
1.22000,0.97000,-0.17000,2.86000,2.80000,3.15000,3.16000,84.97000,139.48000
1.22000,0.97000,-0.18000,2.84000,2.90000,3.05000,3.07000,84.97000,139.48000
1.23000,0.97000,-0.18000,2.82000,2.88000,1.12000,2.01000,56.68000,120.75000
1.23000,0.97000,-0.18000,2.30000,2.68000,1.11000,2.02000,56.68000,120.75000
1.24000,0.97000,-0.20000,1.45000,2.43000,1.11000,2.01000,54.37000,118.84000
1.24000,0.97000,-0.22000,0.95000,2.24000,1.14000,1.98000,54.37000,118.84000
1.25000,0.97000,-0.25000,0.66000,2.14000,1.19000,1.93000,68.66000,120.17000
1.25000,0.97000,-0.28000,0.79000,2.12000,1.27000,1.86000,68.66000,120.17000
1.25000,0.97000,-0.29000,1.08000,2.12000,1.34000,1.79000,74.77000,117.99000
1.26000,0.97000,-0.30000,1.54000,1.97000,1.45000,1.77000,74.77000,117.99000
1.26000,0.97000,-0.30000,1.99000,1.93000,1.66000,1.93000,71.72000,120.31000
1.26000,0.96000,-0.30000,2.07000,1.99000,1.57000,1.85000,71.72000,120.31000
1.27000,0.96000,-0.30000,2.08000,2.01000,1.50000,1.80000,61.89000,117.79000
1.27000,0.96000,-0.30000,2.01000,1.97000,1.45000,1.77000,61.89000,117.79000
1.28000,0.96000,-0.30000,1.72000,1.99000,1.42000,1.76000,58.25000,116.34000
1.28000,0.96000,-0.31000,1.47000,1.99000,1.48000,1.79000,58.25000,116.34000
1.28000,0.96000,-0.32000,1.31000,1.95000,1.82000,2.06000,68.72000,119.28000
1.29000,0.96000,-0.33000,1.45000,1.95000,2.75000,2.78000,68.72000,119.28000
1.29000,0.96000,-0.34000,1.58000,1.99000,3.12000,3.13000,90.64000,136.35000
1.30000,0.95000,-0.34000,2.07000,2.20000,3.26000,3.26000,90.64000,136.35000
1.30000,0.95000,-0.34000,2.76000,2.43000,3.27000,3.28000,93.62000,141.89000
1.31000,0.95000,-0.33000,3.13000,2.59000,3.19000,3.20000,93.62000,141.89000
1.31000,0.95000,-0.32000,3.30000,2.70000,2.82000,2.84000,78.13000,135.93000
1.32000,0.95000,-0.31000,3.24000,2.68000,1.79000,2.04000,78.13000,135.93000
1.33000,0.94000,-0.30000,2.97000,2.61000,1.41000,1.76000,53.56000,119.86000
1.33000,0.94000,-0.30000,2.35000,2.43000,1.36000,1.77000,53.56000,119.86000
1.34000,0.94000,-0.31000,1.60000,2.16000,1.35000,1.78000,55.02000,118.42000
1.34000,0.94000,-0.32000,1.29000,1.99000,1.38000,1.76000,55.02000,118.42000
1.34000,0.94000,-0.34000,1.12000,1.97000,1.48000,1.79000,66.91000,121.19000
1.35000,0.94000,-0.35000,1.16000,1.97000,2.26000,2.43000,66.91000,121.19000
1.35000,0.94000,-0.36000,1.45000,1.97000,3.10000,3.11000,94.22000,140.09000
1.35000,0.93000,-0.36000,2.16000,2.26000,3.26000,3.27000,94.22000,140.09000
1.36000,0.93000,-0.36000,2.86000,2.51000,3.28000,3.28000,93.56000,145.09000
1.37000,0.93000,-0.35000,3.20000,2.72000,3.19000,3.19000,93.56000,145.09000
1.37000,0.93000,-0.34000,3.36000,2.78000,2.81000,2.83000,77.73000,137.69000
1.38000,0.93000,-0.33000,3.07000,2.78000,1.65000,1.92000,77.73000,137.69000
1.38000,0.92000,-0.34000,2.66000,2.76000,1.38000,1.76000,55.85000,121.28000
1.39000,0.92000,-0.34000,2.10000,2.51000,1.09000,2.03000,55.85000,121.28000
1.39000,0.92000,-0.36000,1.56000,2.26000,1.10000,2.03000,56.11000,123.23000
1.40000,0.92000,-0.38000,1.12000,2.28000,1.12000,2.01000,56.11000,123.23000
1.40000,0.92000,-0.40000,0.87000,2.26000,1.15000,1.97000,65.59000,122.87000
1.40000,0.92000,-0.42000,1.04000,2.20000,1.21000,1.91000,65.59000,122.87000
1.41000,0.91000,-0.44000,1.29000,2.20000,1.27000,1.86000,68.76000,120.53000
1.41000,0.91000,-0.45000,1.43000,2.16000,1.32000,1.81000,68.76000,120.53000
1.41000,0.91000,-0.46000,1.60000,2.12000,1.36000,1.77000,65.59000,117.78000
1.42000,0.91000,-0.47000,1.68000,2.03000,1.40000,1.75000,65.59000,117.78000
1.42000,0.91000,-0.48000,1.60000,2.01000,1.47000,1.78000,63.05000,117.49000
1.43000,0.91000,-0.49000,1.43000,1.95000,1.68000,1.94000,63.05000,117.49000
1.43000,0.90000,-0.49000,1.45000,1.89000,2.38000,2.49000,79.17000,127.79000
1.43000,0.90000,-0.50000,1.72000,2.05000,2.90000,2.92000,79.17000,127.79000
1.44000,0.90000,-0.50000,1.95000,2.24000,3.11000,3.12000,91.54000,139.03000
1.44000,0.90000,-0.51000,2.32000,2.43000,3.22000,3.23000,91.54000,139.03000
1.45000,0.89000,-0.50000,2.74000,2.61000,3.25000,3.25000,92.84000,141.73000
1.45000,0.89000,-0.50000,2.95000,2.78000,3.21000,3.21000,92.84000,141.73000
1.46000,0.89000,-0.50000,3.11000,2.82000,3.13000,3.14000,87.27000,139.68000
1.46000,0.88000,-0.49000,3.32000,2.78000,2.90000,2.92000,87.27000,139.68000
1.47000,0.88000,-0.48000,3.30000,2.78000,2.00000,2.22000,65.83000,128.08000
1.48000,0.88000,-0.47000,2.86000,2.66000,1.46000,1.77000,65.83000,128.08000
1.48000,0.88000,-0.48000,2.39000,2.51000,1.39000,1.75000,55.57000,119.58000
1.48000,0.87000,-0.48000,1.95000,2.26000,1.38000,1.76000,55.57000,119.58000
1.49000,0.87000,-0.49000,1.45000,2.14000,1.40000,1.75000,60.57000,120.07000
1.49000,0.87000,-0.51000,1.20000,2.05000,1.58000,1.86000,60.57000,120.07000
1.49000,0.87000,-0.52000,1.25000,2.03000,2.62000,2.65000,86.73000,133.63000
1.50000,0.87000,-0.53000,1.76000,2.24000,3.19000,3.19000,86.73000,133.63000
1.50000,0.86000,-0.53000,2.37000,2.47000,3.28000,3.28000,96.79000,143.86000
1.51000,0.86000,-0.53000,2.93000,2.59000,3.28000,3.28000,96.79000,143.86000
1.51000,0.86000,-0.52000,3.38000,2.74000,3.25000,3.25000,87.98000,144.37000
1.52000,0.85000,-0.51000,3.40000,2.86000,2.89000,2.90000,87.98000,144.37000
1.53000,0.85000,-0.50000,3.30000,2.93000,1.78000,2.03000,60.72000,125.90000
1.53000,0.85000,-0.50000,2.91000,2.72000,1.39000,1.76000,60.72000,125.90000
1.54000,0.84000,-0.50000,2.26000,2.49000,1.08000,2.04000,47.99000,123.27000
1.54000,0.84000,-0.52000,1.56000,2.39000,1.08000,2.04000,47.99000,123.27000
1.54000,0.84000,-0.54000,0.91000,2.32000,1.10000,2.02000,57.59000,123.91000
1.55000,0.84000,-0.57000,0.81000,2.28000,1.15000,1.97000,57.59000,123.91000
1.55000,0.84000,-0.59000,0.85000,2.28000,1.21000,1.92000,67.69000,121.67000
1.55000,0.83000,-0.62000,1.02000,2.26000,1.28000,1.84000,67.69000,121.67000
1.56000,0.83000,-0.63000,1.35000,2.20000,1.35000,1.77000,69.11000,117.66000
1.56000,0.83000,-0.64000,1.62000,2.07000,1.45000,1.77000,69.11000,117.66000
1.56000,0.83000,-0.65000,1.68000,2.03000,1.67000,1.94000,66.91000,119.97000
1.57000,0.82000,-0.65000,1.58000,2.03000,2.05000,2.27000,66.91000,119.97000
1.57000,0.82000,-0.66000,1.58000,1.91000,2.73000,2.76000,83.78000,132.16000
1.57000,0.82000,-0.66000,1.72000,1.70000,3.01000,3.03000,83.78000,132.16000
1.58000,0.82000,-0.65000,1.97000,1.70000,2.98000,3.00000,92.25000,145.01000
1.58000,0.81000,-0.64000,2.43000,1.76000,2.69000,2.72000,92.25000,145.01000
1.58000,0.81000,-0.63000,2.76000,1.91000,1.65000,1.91000,69.19000,135.61000
1.59000,0.81000,-0.62000,2.55000,1.93000,1.37000,1.76000,69.19000,135.61000
1.59000,0.81000,-0.61000,2.08000,1.70000,1.32000,1.81000,57.70000,132.42000
1.59000,0.80000,-0.61000,1.74000,1.83000,1.29000,1.84000,57.70000,132.42000
1.60000,0.80000,-0.63000,1.27000,2.16000,1.28000,1.84000,61.90000,133.75000
1.60000,0.80000,-0.65000,1.06000,2.41000,1.33000,1.80000,61.90000,133.75000
1.60000,0.80000,-0.68000,1.08000,2.47000,1.48000,1.79000,72.33000,124.28000
1.61000,0.79000,-0.69000,1.45000,2.41000,2.99000,3.00000,72.33000,124.28000
1.61000,0.79000,-0.71000,1.70000,2.32000,3.28000,3.28000,95.97000,142.95000
1.61000,0.79000,-0.71000,2.24000,2.51000,3.09000,3.08000,95.97000,142.95000
1.62000,0.78000,-0.71000,2.91000,2.70000,2.85000,2.83000,88.64000,139.84000
1.62000,0.78000,-0.70000,2.93000,2.76000,2.96000,2.94000,88.64000,139.84000
1.63000,0.78000,-0.70000,2.86000,2.78000,3.02000,3.00000,84.55000,140.67000
1.63000,0.77000,-0.70000,2.88000,2.76000,3.02000,3.01000,84.55000,140.67000
1.64000,0.77000,-0.70000,2.91000,2.70000,3.04000,3.03000,86.08000,142.50000
1.64000,0.76000,-0.69000,2.93000,2.80000,3.11000,3.10000,86.08000,142.50000
1.65000,0.76000,-0.69000,2.97000,2.84000,3.12000,3.11000,87.60000,144.74000
1.65000,0.75000,-0.68000,3.20000,2.84000,3.13000,3.12000,87.60000,144.74000
1.66000,0.75000,-0.68000,3.22000,2.93000,3.21000,3.21000,86.11000,147.42000
1.66000,0.75000,-0.68000,3.09000,3.01000,3.26000,3.25000,86.11000,147.42000
1.67000,0.74000,-0.68000,3.13000,2.97000,1.12000,2.00000,56.44000,129.04000
1.67000,0.74000,-0.68000,2.68000,2.80000,1.11000,2.02000,56.44000,129.04000
1.68000,0.73000,-0.69000,1.89000,2.66000,1.10000,2.02000,50.52000,126.45000
1.68000,0.73000,-0.72000,1.22000,2.55000,1.12000,2.01000,50.52000,126.45000
1.68000,0.73000,-0.74000,0.83000,2.43000,1.16000,1.96000,63.80000,124.53000
1.69000,0.73000,-0.77000,0.87000,2.39000,1.24000,1.89000,63.80000,124.53000
1.69000,0.72000,-0.80000,1.00000,2.35000,1.31000,1.81000,70.97000,121.21000
1.69000,0.72000,-0.81000,1.33000,2.24000,1.43000,1.76000,70.97000,121.21000
1.70000,0.72000,-0.82000,1.74000,2.16000,2.15000,2.35000,79.34000,128.11000
1.70000,0.72000,-0.82000,1.99000,2.26000,2.76000,2.78000,79.34000,128.11000
1.70000,0.71000,-0.83000,2.30000,2.32000,2.98000,2.99000,86.70000,138.03000
1.71000,0.71000,-0.82000,2.68000,2.49000,2.97000,2.98000,86.70000,138.03000
1.71000,0.70000,-0.82000,2.95000,2.70000,2.75000,2.77000,78.89000,135.73000
1.71000,0.70000,-0.82000,2.91000,2.78000,2.25000,2.42000,78.89000,135.73000
1.72000,0.69000,-0.81000,2.82000,2.74000,1.92000,2.15000,63.50000,123.73000
1.72000,0.69000,-0.81000,2.49000,2.53000,1.71000,1.96000,63.50000,123.73000
1.73000,0.69000,-0.82000,1.95000,2.37000,1.65000,1.92000,59.79000,120.20000
1.73000,0.68000,-0.84000,1.49000,2.28000,2.05000,2.26000,59.79000,120.20000
1.73000,0.68000,-0.85000,1.20000,2.20000,3.01000,3.03000,90.12000,136.88000
1.73000,0.68000,-0.87000,1.56000,2.37000,3.27000,3.27000,90.12000,136.88000
1.74000,0.67000,-0.88000,2.22000,2.57000,2.89000,2.87000,96.48000,137.78000
1.74000,0.67000,-0.87000,2.76000,2.61000,2.43000,2.26000,96.48000,137.78000
1.75000,0.66000,-0.86000,3.22000,2.57000,2.46000,2.32000,79.91000,128.77000
1.75000,0.66000,-0.85000,3.13000,2.51000,2.99000,2.97000,79.91000,128.77000
1.75000,0.65000,-0.84000,2.90000,2.41000,3.24000,3.23000,84.21000,142.29000
1.76000,0.65000,-0.83000,2.88000,2.53000,3.27000,3.28000,84.21000,142.29000
1.76000,0.64000,-0.83000,2.91000,2.80000,3.18000,3.19000,87.70000,145.60000
1.77000,0.64000,-0.83000,2.86000,2.91000,3.09000,3.10000,87.70000,145.60000
1.77000,0.63000,-0.84000,2.86000,2.97000,3.04000,3.05000,87.64000,141.87000
1.78000,0.63000,-0.84000,2.78000,2.90000,2.98000,2.99000,87.64000,141.87000
1.78000,0.63000,-0.84000,2.74000,2.86000,1.11000,2.01000,61.10000,127.18000
1.78000,0.62000,-0.85000,2.20000,2.72000,1.11000,2.02000,61.10000,127.18000
1.79000,0.62000,-0.86000,1.83000,2.51000,1.12000,2.01000,59.89000,124.56000
1.79000,0.61000,-0.88000,1.60000,2.39000,1.14000,1.99000,59.89000,124.56000
1.79000,0.61000,-0.89000,1.35000,2.34000,1.16000,1.96000,63.03000,124.61000
1.79000,0.61000,-0.91000,1.33000,2.22000,1.20000,1.93000,63.03000,124.61000
1.80000,0.60000,-0.92000,1.49000,2.20000,1.24000,1.89000,65.62000,123.46000
1.80000,0.60000,-0.93000,1.52000,2.18000,1.27000,1.86000,65.62000,123.46000
1.80000,0.60000,-0.95000,1.56000,2.20000,1.30000,1.82000,63.18000,121.11000
1.80000,0.59000,-0.96000,1.58000,2.16000,1.33000,1.79000,63.18000,121.11000
1.81000,0.59000,-0.97000,1.66000,2.16000,1.37000,1.76000,61.96000,118.39000
1.81000,0.59000,-0.98000,1.49000,2.14000,1.41000,1.76000,61.96000,118.39000
1.81000,0.58000,-0.99000,1.41000,2.08000,1.67000,1.93000,66.45000,118.83000
1.81000,0.58000,-1.00000,1.56000,1.99000,2.59000,2.63000,66.45000,118.83000
1.82000,0.58000,-1.00000,1.64000,1.93000,3.00000,3.01000,86.55000,136.02000
1.82000,0.57000,-1.01000,1.95000,2.18000,3.15000,3.16000,86.55000,136.02000
1.82000,0.57000,-1.01000,2.53000,2.45000,3.23000,3.23000,92.74000,142.65000
1.82000,0.56000,-1.00000,2.99000,2.68000,3.20000,3.20000,92.74000,142.65000
1.83000,0.56000,-0.99000,3.20000,2.84000,3.02000,3.03000,81.73000,138.51000
1.83000,0.55000,-0.99000,3.22000,2.84000,2.61000,2.65000,81.73000,138.51000
1.84000,0.55000,-0.98000,3.15000,2.78000,1.84000,2.08000,60.81000,123.87000
1.84000,0.54000,-0.98000,2.64000,2.59000,1.47000,1.78000,60.81000,123.87000
1.84000,0.54000,-0.99000,2.03000,2.41000,1.41000,1.76000,54.86000,118.15000
1.84000,0.53000,-1.00000,1.58000,2.24000,1.47000,1.78000,54.86000,118.15000
1.85000,0.53000,-1.01000,1.29000,2.16000,1.87000,2.11000,70.29000,123.71000
1.85000,0.53000,-1.03000,1.35000,2.20000,2.96000,2.98000,70.29000,123.71000
1.85000,0.52000,-1.04000,1.68000,2.24000,3.28000,3.28000,96.58000,141.10000
1.85000,0.52000,-1.04000,2.39000,2.43000,3.19000,3.19000,96.58000,141.10000
1.86000,0.51000,-1.03000,3.05000,2.66000,3.16000,3.15000,90.77000,142.20000
1.86000,0.51000,-1.03000,3.13000,2.82000,3.25000,3.25000,90.77000,142.20000
1.86000,0.50000,-1.02000,3.13000,2.88000,3.28000,3.28000,86.07000,142.62000
1.87000,0.50000,-1.02000,3.11000,2.93000,3.25000,3.26000,86.07000,142.62000
1.87000,0.49000,-1.02000,3.03000,2.97000,3.17000,3.18000,85.62000,142.28000
1.87000,0.48000,-1.02000,3.03000,2.95000,1.14000,1.99000,85.62000,142.28000
1.88000,0.48000,-1.01000,3.03000,2.93000,1.12000,2.00000,56.52000,125.83000
1.88000,0.47000,-1.02000,2.53000,2.70000,1.11000,2.02000,56.52000,125.83000
1.88000,0.47000,-1.03000,1.78000,2.49000,1.11000,2.02000,52.29000,124.18000
1.89000,0.47000,-1.05000,1.33000,2.32000,1.12000,2.00000,52.29000,124.18000
1.89000,0.46000,-1.07000,0.95000,2.30000,1.15000,1.97000,62.48000,124.96000
1.89000,0.46000,-1.10000,0.83000,2.32000,1.21000,1.92000,62.48000,124.96000
1.89000,0.46000,-1.13000,0.89000,2.32000,1.28000,1.84000,70.82000,120.92000
1.89000,0.45000,-1.14000,1.18000,2.16000,1.37000,1.76000,70.82000,120.92000
1.89000,0.45000,-1.16000,1.41000,2.08000,1.61000,1.88000,73.17000,121.14000
1.90000,0.45000,-1.17000,1.45000,2.08000,2.49000,2.54000,73.17000,121.14000
1.90000,0.44000,-1.17000,1.68000,2.03000,3.08000,3.09000,93.73000,138.84000
1.90000,0.44000,-1.17000,2.18000,2.28000,3.22000,3.23000,93.73000,138.84000
1.90000,0.43000,-1.17000,2.70000,2.57000,3.25000,3.25000,95.10000,144.21000
1.90000,0.43000,-1.17000,3.13000,2.76000,3.21000,3.21000,95.10000,144.21000
1.91000,0.42000,-1.16000,3.47000,2.88000,3.00000,3.01000,83.51000,139.33000
1.91000,0.41000,-1.15000,3.44000,2.91000,2.15000,2.35000,83.51000,139.33000
1.91000,0.41000,-1.14000,3.20000,2.86000,1.49000,1.79000,55.37000,120.36000
1.91000,0.40000,-1.14000,2.68000,2.57000,1.38000,1.76000,55.37000,120.36000
1.92000,0.40000,-1.14000,1.97000,2.30000,1.36000,1.77000,53.20000,118.28000
1.92000,0.39000,-1.16000,1.45000,2.18000,1.37000,1.76000,53.20000,118.28000
1.92000,0.39000,-1.18000,1.04000,2.12000,1.47000,1.78000,65.34000,119.57000
1.92000,0.39000,-1.19000,1.14000,2.03000,2.64000,2.67000,65.34000,119.57000
1.92000,0.38000,-1.20000,1.37000,2.03000,3.23000,3.23000,96.48000,141.14000
1.92000,0.38000,-1.21000,2.01000,2.39000,3.25000,3.24000,96.48000,141.14000
1.93000,0.37000,-1.21000,2.86000,2.64000,3.10000,3.09000,93.98000,140.87000
1.93000,0.37000,-1.20000,3.36000,2.76000,3.17000,3.16000,93.98000,140.87000
1.93000,0.36000,-1.18000,3.47000,2.84000,3.28000,3.28000,83.02000,142.39000
1.93000,0.35000,-1.18000,3.36000,2.90000,3.14000,3.14000,83.02000,142.39000
1.94000,0.35000,-1.17000,3.28000,2.86000,2.63000,2.66000,72.75000,134.08000
1.94000,0.34000,-1.17000,3.01000,2.82000,1.58000,1.86000,72.75000,134.08000
1.94000,0.34000,-1.17000,2.64000,2.76000,1.10000,2.03000,50.71000,124.28000
1.94000,0.33000,-1.18000,2.01000,2.55000,1.10000,2.03000,50.71000,124.28000
1.95000,0.33000,-1.20000,1.37000,2.39000,1.11000,2.02000,54.28000,123.48000
1.95000,0.32000,-1.22000,0.95000,2.35000,1.14000,1.99000,54.28000,123.48000
1.95000,0.32000,-1.25000,0.68000,2.30000,1.19000,1.94000,65.95000,122.14000
1.95000,0.32000,-1.28000,0.77000,2.24000,1.27000,1.86000,65.95000,122.14000
1.95000,0.31000,-1.30000,1.06000,2.18000,1.35000,1.78000,72.57000,118.84000
1.95000,0.31000,-1.31000,1.31000,2.12000,1.56000,1.84000,72.57000,118.84000
1.95000,0.31000,-1.32000,1.49000,2.03000,2.59000,2.63000,86.64000,130.76000
1.95000,0.30000,-1.32000,1.95000,2.12000,3.08000,3.09000,86.64000,130.76000
1.95000,0.30000,-1.32000,2.43000,2.34000,3.15000,3.16000,93.06000,141.75000
1.96000,0.29000,-1.32000,2.76000,2.57000,3.10000,3.11000,93.06000,141.75000
1.96000,0.28000,-1.31000,3.20000,2.72000,2.95000,2.97000,85.10000,138.26000
1.96000,0.28000,-1.30000,3.28000,2.74000,2.22000,2.41000,85.10000,138.26000
1.96000,0.27000,-1.30000,3.15000,2.80000,1.52000,1.82000,57.05000,120.88000
1.96000,0.27000,-1.29000,2.68000,2.51000,1.39000,1.75000,57.05000,120.88000
1.96000,0.26000,-1.29000,2.05000,2.20000,1.36000,1.76000,53.17000,117.99000
1.97000,0.26000,-1.31000,1.49000,2.10000,1.37000,1.76000,53.17000,117.99000
1.97000,0.25000,-1.33000,0.91000,2.03000,1.43000,1.76000,63.95000,119.66000
1.97000,0.25000,-1.35000,0.85000,1.99000,2.49000,2.54000,63.95000,119.66000
1.97000,0.25000,-1.37000,1.00000,2.01000,3.26000,3.27000,100.77000,141.80000
1.97000,0.24000,-1.38000,1.56000,2.32000,3.02000,3.00000,100.77000,141.80000
1.97000,0.24000,-1.38000,2.59000,2.59000,2.12000,1.89000,87.53000,123.78000
1.97000,0.23000,-1.37000,3.03000,2.43000,1.99000,1.73000,87.53000,123.78000
1.97000,0.23000,-1.35000,3.15000,2.20000,2.51000,2.44000,74.72000,127.87000
1.97000,0.22000,-1.34000,2.93000,2.20000,3.19000,3.19000,74.72000,127.87000
1.97000,0.22000,-1.33000,2.70000,2.22000,3.26000,3.27000,84.42000,143.77000
1.98000,0.21000,-1.32000,2.80000,2.47000,3.08000,3.09000,84.42000,143.77000
1.98000,0.20000,-1.32000,2.88000,2.68000,2.72000,2.75000,80.16000,138.37000
1.98000,0.20000,-1.32000,2.86000,2.76000,2.08000,2.29000,80.16000,138.37000
1.98000,0.19000,-1.32000,2.78000,2.70000,1.62000,1.89000,62.20000,122.80000
1.98000,0.19000,-1.32000,2.45000,2.49000,1.41000,1.76000,62.20000,122.80000
1.98000,0.18000,-1.32000,1.87000,2.18000,1.08000,2.05000,52.88000,123.96000
1.98000,0.18000,-1.33000,1.43000,2.05000,1.08000,2.04000,52.88000,123.96000
1.98000,0.17000,-1.35000,1.02000,2.03000,1.10000,2.03000,60.17000,127.57000
1.99000,0.17000,-1.38000,0.87000,2.16000,1.13000,2.00000,60.17000,127.57000
1.99000,0.17000,-1.40000,0.93000,2.16000,1.17000,1.95000,67.73000,124.68000
1.99000,0.16000,-1.41000,1.22000,2.16000,1.23000,1.90000,67.73000,124.68000
1.99000,0.16000,-1.43000,1.45000,2.08000,1.27000,1.85000,65.72000,121.98000
1.99000,0.16000,-1.43000,1.54000,2.01000,1.30000,1.82000,65.72000,121.98000
1.99000,0.15000,-1.44000,1.58000,1.93000,1.33000,1.80000,62.14000,121.51000
1.99000,0.15000,-1.44000,1.66000,1.87000,1.34000,1.78000,62.14000,121.51000
1.99000,0.14000,-1.45000,1.52000,1.91000,1.35000,1.77000,59.41000,122.04000
1.99000,0.14000,-1.46000,1.39000,1.99000,1.38000,1.76000,59.41000,122.04000
1.99000,0.14000,-1.47000,1.33000,1.93000,1.47000,1.78000,63.43000,119.74000
1.99000,0.13000,-1.48000,1.39000,1.97000,1.93000,2.15000,63.43000,119.74000
1.99000,0.13000,-1.49000,1.35000,1.93000,2.78000,2.80000,83.48000,134.09000
1.99000,0.13000,-1.50000,1.87000,2.10000,3.17000,3.18000,83.48000,134.09000
1.99000,0.12000,-1.49000,2.49000,2.30000,3.24000,3.24000,91.60000,143.84000
1.99000,0.11000,-1.49000,2.84000,2.55000,3.18000,3.18000,91.60000,143.84000
1.99000,0.11000,-1.48000,3.05000,2.68000,3.00000,3.01000,81.57000,140.40000
1.99000,0.10000,-1.48000,2.95000,2.64000,2.55000,2.59000,81.57000,140.40000
1.99000,0.10000,-1.48000,2.70000,2.70000,1.88000,2.12000,64.19000,128.47000
1.99000,0.09000,-1.48000,2.24000,2.51000,1.75000,2.01000,64.19000,128.47000
1.99000,0.09000,-1.49000,1.85000,2.32000,1.97000,2.19000,69.71000,128.39000
2.00000,0.08000,-1.50000,1.76000,2.18000,2.64000,2.68000,69.71000,128.39000
2.00000,0.08000,-1.51000,1.72000,2.20000,2.99000,3.01000,90.61000,143.69000
2.00000,0.07000,-1.51000,2.14000,2.43000,3.21000,3.22000,90.61000,143.69000
2.00000,0.07000,-1.51000,2.74000,2.59000,3.27000,3.27000,96.57000,148.92000
2.00000,0.06000,-1.50000,3.13000,2.84000,3.24000,3.25000,96.57000,148.92000
2.00000,0.05000,-1.50000,3.38000,2.97000,3.12000,3.13000,86.22000,145.67000
2.00000,0.04000,-1.49000,3.40000,2.95000,2.72000,2.75000,86.22000,145.67000
2.00000,0.04000,-1.48000,3.22000,2.93000,1.74000,1.99000,61.30000,128.69000
2.00000,0.03000,-1.49000,2.53000,2.74000,1.42000,1.76000,61.30000,128.69000
2.00000,0.03000,-1.50000,1.81000,2.51000,1.38000,1.76000,59.09000,122.54000
2.00000,0.02000,-1.52000,1.41000,2.30000,1.42000,1.76000,59.09000,122.54000
